Instance,N,K,L,c.1,c.2,c.3,c.4,c.5,c.6,c.7,c.8,c.9,c.10,p.1,p.2,p.3,p.4,p.5,p.6,p.7,p.8,p.9,p.10,theta1.1,theta1.2,theta1.3,theta1.4,theta1.5,theta1.6,theta1.7,theta1.8,theta1.9,theta1.10,theta2.1,theta2.2,theta2.3,theta2.4,theta2.5,theta2.6,theta2.7,theta2.8,theta2.9,theta2.10,theta3.1,theta3.2,theta3.3,theta3.4,theta3.5,theta3.6,theta3.7,theta3.8,theta3.9,theta3.10,a.1,a.2,a.3,a.4,a.5,a.6,a.7,a.8,a.9,a.10,b.1,b.2,b.3,b.4,b.5,b.6,b.7,b.8,b.9,b.10,gamma0,gamma1,gamma2,gamma3
0,10,3,3,0.25,0.25,0.5,0.75,0.25,0.0,0.25,0.0,0.5,0.25,0.8,0.7000000000000001,0.9,1.0,0.5,0.2,0.4,0.1,0.6,0.30000000000000004,0.5,0.0,0.5,0.5,0.5,0.0,0.5,0.0,0.5,1.0,1.0,0.0,0.5,1.0,0.5,0.0,0.0,0.0,1.0,0.0,1.0,0.5,1.0,1.0,1.0,0.5,0.5,0.5,0.5,0.5,0.46111418744330057,0.26055376038016953,0.4287703189242329,0.24549704159521488,0.4231839680799764,0.4046307622699735,0.3938515031281663,0.4238964300571697,0.27097779895756585,0.39980125894214835,4.830478565651806,2.2059632654436303,3.1694912993408777,2.2978529078400523,2.0692251662638714,3.619174328589524,2.8412314090457693,3.728025619781694,4.567356758430654,3.7992403620729367,0.11593978506435171,1.6388566477394493,1.6388566477394493,1.6388566477394493
1,10,3,3,0.5,0.25,0.5,0.0,0.75,0.25,0.5,0.0,0.25,0.0,0.9,0.6,0.8,0.30000000000000004,1.0,0.5,0.7000000000000001,0.2,0.4,0.1,0.5,0.0,0.5,0.5,0.5,0.0,0.0,0.5,0.5,0.0,1.0,1.0,1.0,0.5,1.0,0.5,1.0,0.5,0.0,0.5,0.5,0.5,0.5,1.0,0.5,0.5,0.5,0.0,0.0,0.0,0.4968133734355391,0.20913983270702416,0.3630724123461364,0.3356162689473703,0.24652384580094244,0.3599515794530461,0.25283261205272445,0.46111332316523546,0.37065223999613295,0.30650307496409435,4.20636272690629,4.327619190399798,2.104258849744071,4.388812912106083,4.03424357541494,2.513022886800975,3.2173005540086153,3.021970818693038,2.7514106178040247,3.5620022627996297,0.12177029513154142,1.8679529980071727,1.8679529980071727,1.8679529980071727
2,10,3,3,0.5,0.25,0.5,0.25,0.5,0.25,0.25,0.0,0.25,0.18000000000000002,1.0,0.7000000000000001,0.9,0.6,0.8,0.5,0.4,0.1,0.30000000000000004,0.2,1.0,1.0,0.5,0.0,0.5,1.0,0.0,0.0,0.5,0.5,1.0,0.5,0.5,0.5,0.5,0.0,0.0,0.5,0.0,0.0,0.5,1.0,0.5,1.0,1.0,0.0,0.5,0.0,0.5,0.5,0.27954547955782943,0.34124112130779005,0.276069829421101,0.4456811905874615,0.3842900509022069,0.294833929609126,0.4070261931356134,0.23374773729289822,0.20404623854639828,0.3604445924557363,2.0880010835612937,3.2839545660371567,3.114571323718473,3.262889109545722,3.9201018534220973,3.8030140367606085,2.7711398796579987,4.201119433841803,2.02482793318377,3.3548255503170576,0.1095979286112807,1.6371944160533876,1.6371944160533876,1.6371944160533876
3,10,3,3,0.25,0.5,0.25,0.5,0.25,0.5,0.25,0.0,0.25,0.18000000000000002,1.0,0.9,0.6,0.8,0.5,0.7000000000000001,0.4,0.1,0.30000000000000004,0.2,0.5,0.5,0.5,0.5,1.0,0.5,0.0,0.0,0.0,0.0,0.5,0.5,0.5,0.5,1.0,0.5,1.0,0.5,0.5,0.5,1.0,1.0,0.5,0.5,0.5,1.0,0.5,0.0,1.0,0.5,0.21029799691406306,0.4697062037444822,0.2938744643012486,0.44931816709866423,0.4858982156382897,0.4055715580180921,0.28468648789803164,0.3156608820205513,0.24340621774944554,0.35865827046740884,2.4344853953606056,2.378750698538611,3.05278742408601,3.270173035698021,4.3594786868195605,4.967944630119537,2.2245615418563283,3.6161977830855236,2.2021462592559766,2.9059367926569024,0.19105838494474564,1.742414892491324,1.742414892491324,1.742414892491324
4,10,3,3,0.5,0.25,0.5,0.0,0.25,0.25,0.0,0.7200000000000001,0.25,0.18000000000000002,1.0,0.7000000000000001,0.9,0.4,0.6,0.5,0.1,0.8,0.30000000000000004,0.2,0.5,1.0,0.5,0.0,1.0,1.0,0.5,1.0,0.0,0.5,0.5,1.0,0.0,0.0,0.0,0.5,0.0,0.0,1.0,0.5,0.5,1.0,1.0,1.0,0.5,0.5,0.5,1.0,1.0,0.5,0.29762851863044887,0.3724622841794588,0.27838799341837367,0.20111708185185026,0.2858955940911926,0.267735027491811,0.30382292636700325,0.45343089121340197,0.4174933864019332,0.302442451622869,2.425320693065539,4.951259847620786,2.5427183237798445,3.354998079165685,4.221919078656596,2.0792950201363887,2.7207017407411462,3.596007453324053,4.957870275497719,4.8538165467741905,0.19989505079255493,1.0854293986882826,1.0854293986882826,1.0854293986882826
5,10,3,3,0.25,0.5,0.25,0.5,0.25,0.25,0.0,0.5,0.25,0.18000000000000002,0.9,1.0,0.7000000000000001,0.8,0.5,0.4,0.1,0.6,0.30000000000000004,0.2,0.5,0.5,0.5,0.0,1.0,0.0,0.5,0.5,0.0,0.0,0.5,1.0,0.5,0.5,0.0,1.0,0.0,0.0,0.0,0.5,1.0,0.5,0.0,0.5,0.0,0.5,0.5,0.5,0.0,0.0,0.4205830751055155,0.3385242351629084,0.25317153113418583,0.38379704731714354,0.48331651477663684,0.22470152241497876,0.35261444910422235,0.41211470766516245,0.41256510298436455,0.3937690410489193,4.061370197684166,4.7129848019244935,4.903238480406905,3.2402273375265587,2.643647354183784,4.94136430928997,3.7291799362310907,3.034729720407882,4.881015335185003,2.1406821263574383,0.15468653059119897,1.953471932302104,1.953471932302104,1.953471932302104
6,10,3,3,0.5,0.5,0.75,0.25,0.5,0.25,0.0,0.5,0.25,0.18000000000000002,0.9,0.8,1.0,0.5,0.7000000000000001,0.4,0.1,0.6,0.30000000000000004,0.2,1.0,1.0,0.5,0.5,0.0,0.5,0.5,1.0,0.0,0.5,1.0,0.5,0.5,0.5,0.0,1.0,0.5,0.5,0.5,0.0,0.5,1.0,0.5,0.5,1.0,0.0,0.0,1.0,0.5,0.5,0.47873633579165376,0.2734041133852769,0.3385830211197788,0.3978935173030195,0.4348531789632513,0.2096192961848637,0.459793466427119,0.20287239295969775,0.3458744420393771,0.38458828289157776,3.6179222951762506,2.686042306972393,3.2679926461882323,4.4136997345759355,3.1453887797374946,2.263329378934035,2.459361926225863,4.8666550071373305,3.405625553914922,3.0830703209502954,0.10210187050565687,1.7977667047128671,1.7977667047128671,1.7977667047128671
7,10,3,3,0.25,0.25,0.25,0.0,0.75,0.25,0.0,0.25,0.0,0.7200000000000001,0.9,0.7000000000000001,0.6,0.30000000000000004,1.0,0.5,0.2,0.4,0.1,0.8,0.5,0.0,0.0,0.0,1.0,1.0,0.5,0.0,0.0,1.0,0.5,0.5,0.5,1.0,1.0,0.5,0.5,0.5,0.5,0.5,0.5,0.0,0.5,0.5,0.5,0.5,0.0,0.0,0.0,1.0,0.374343282721606,0.21776919001754994,0.24368586876514486,0.3888248979767899,0.20362150229223125,0.4709639867925654,0.46823379904130336,0.3873520010265523,0.3425570067327486,0.2774219573197638,2.7239614469682527,4.194359737521067,3.804448406421642,3.5151301304213427,3.869964714921109,4.004376569551535,2.3417577462677874,2.0157438267697128,3.2782410188048448,3.051944845702565,0.12818019535630282,1.684012021287697,1.684012021287697,1.684012021287697
8,10,3,3,0.5,0.25,0.5,0.25,0.0,0.5,0.7200000000000001,0.25,0.45,0.18000000000000002,1.0,0.7000000000000001,0.9,0.4,0.1,0.6,0.8,0.30000000000000004,0.5,0.2,0.5,0.5,1.0,0.5,0.0,1.0,1.0,0.5,0.5,1.0,0.5,0.0,0.5,0.0,0.0,1.0,0.5,0.0,0.5,0.5,0.5,0.5,1.0,0.5,0.0,1.0,0.5,0.0,0.0,0.0,0.48762213195848675,0.2722886225756729,0.33592376606186203,0.3275497092387178,0.2431262919522581,0.26285634870951674,0.40289666609509955,0.2253921250758403,0.3489350575653856,0.28545013827265325,3.414101708969893,2.7451198262201686,3.2020469640939537,2.2622791943994427,4.513865753621876,2.659862540173938,2.7205410155716194,2.47385507087742,4.10446635958759,2.5905696241555143,0.19033588289761721,1.0726804483147485,1.0726804483147485,1.0726804483147485
9,10,3,3,0.5,0.25,0.5,0.25,0.5,0.75,0.25,0.0,0.25,0.18000000000000002,1.0,0.6,0.8,0.5,0.7000000000000001,0.9,0.4,0.1,0.30000000000000004,0.2,1.0,1.0,1.0,0.0,0.5,1.0,0.5,0.0,0.5,0.5,0.5,0.5,0.5,0.5,1.0,0.5,1.0,0.5,0.0,0.5,0.5,0.5,1.0,0.5,1.0,0.5,0.0,0.0,1.0,1.0,0.34697692574468375,0.2649268246187505,0.38025507959959903,0.3308406780514067,0.3775480049805045,0.36285069433690265,0.40470266592274506,0.358348285594682,0.26714995297438504,0.37119448742163064,3.81190739357981,3.632501428799065,4.72703769784653,2.578665840554071,4.8068606857475125,4.024628489156931,4.336997762971086,3.5351158622789156,3.1809882780452883,4.217147647183895,0.1134038493868974,1.7912082248399788,1.7912082248399788,1.7912082248399788
10,10,3,3,0.25,0.25,0.5,0.25,0.0,0.75,0.25,0.0,0.25,0.0,0.8,0.7000000000000001,0.9,0.6,0.30000000000000004,1.0,0.5,0.2,0.4,0.1,1.0,0.5,1.0,0.5,0.5,1.0,0.0,0.5,0.5,0.0,0.5,0.5,1.0,0.5,1.0,1.0,1.0,0.0,0.5,0.0,1.0,0.0,0.5,1.0,1.0,1.0,0.5,0.5,0.5,0.5,0.3534677647690641,0.3485397146729574,0.20462300730300415,0.24059617430266256,0.36199655318363466,0.30162539099673025,0.28029891604888824,0.25479449584033004,0.4022052706925219,0.22869129861822293,4.955113093982125,4.911014572044589,4.539354164959143,4.156718588976306,4.594357753405573,3.4970549083214917,4.457818663443969,4.535720047517803,4.097826777963861,4.89101604276208,0.12829460667758233,1.3271976646322117,1.3271976646322117,1.3271976646322117
11,10,3,3,0.25,0.25,0.25,0.5,0.75,0.25,0.0,0.7200000000000001,0.25,0.18000000000000002,1.0,0.6,0.5,0.7000000000000001,0.9,0.4,0.1,0.8,0.30000000000000004,0.2,0.5,0.0,0.5,0.5,0.5,0.5,0.5,0.5,0.5,0.0,0.5,1.0,0.0,1.0,0.5,0.5,0.5,0.0,0.5,0.0,0.5,0.5,1.0,0.5,1.0,0.5,0.0,1.0,0.0,0.0,0.44001424175090487,0.24607000765807135,0.4062842915111315,0.4791538662705983,0.4209387789084366,0.32610831077077984,0.47539828175431126,0.45500065068854556,0.21122818940005023,0.3883945932074121,4.4080222521522785,2.6069054514820302,3.452949192549612,3.3930266560929074,2.817763204324601,3.8428434674573717,4.596970576974249,4.6641127729518566,3.9568193549541313,4.068301317032484,0.1119432083020313,1.4742623118725344,1.4742623118725344,1.4742623118725344
12,10,3,3,0.5,0.75,0.5,0.75,0.25,0.0,0.5,0.25,0.45,0.18000000000000002,0.8,1.0,0.7000000000000001,0.9,0.4,0.1,0.6,0.30000000000000004,0.5,0.2,1.0,1.0,0.5,0.0,0.0,0.0,0.0,0.5,0.0,0.0,1.0,0.5,1.0,0.5,1.0,0.0,0.5,0.5,1.0,0.5,1.0,0.5,1.0,0.5,0.0,0.5,0.5,0.5,0.5,1.0,0.4970953601540532,0.22930907156961927,0.20379712771498307,0.48739038617037483,0.3173465231068436,0.28928662737476163,0.24967834361935012,0.39713221023147605,0.2205187944573527,0.45156751673477014,2.5822623911039,3.2805362987338738,4.697386801013286,2.758655675130737,4.055030162281199,4.285663618767892,2.3873171604724974,4.328038774919556,2.069420810823223,2.119545895296432,0.14544850018507496,1.851005969394396,1.851005969394396,1.851005969394396
13,10,3,3,0.5,0.5,0.25,0.25,0.5,0.25,0.0,0.7200000000000001,0.25,0.18000000000000002,1.0,0.9,0.6,0.5,0.7000000000000001,0.4,0.1,0.8,0.30000000000000004,0.2,0.5,0.5,0.0,0.5,1.0,0.5,0.0,0.5,0.0,0.0,1.0,1.0,0.5,0.5,1.0,0.0,0.0,0.0,0.0,1.0,0.5,0.5,1.0,0.5,0.5,1.0,0.5,1.0,0.0,0.0,0.4277855266154263,0.40465615230834917,0.390978984753123,0.39933544638645263,0.4788515279239786,0.43214806379744913,0.22523239706651418,0.4537436963263418,0.2849790202876726,0.20454043512503364,4.720338815077707,4.463048476768826,4.297482312001682,4.337928822830317,4.937604173585143,2.81276287455102,3.925448621159308,2.51144284136032,4.8634360437924276,2.1454688670234434,0.15996849533825747,1.7668936480454107,1.7668936480454107,1.7668936480454107
14,10,3,3,0.25,0.25,0.5,0.25,0.5,0.25,0.25,0.0,0.25,0.18000000000000002,1.0,0.7000000000000001,0.9,0.6,0.8,0.5,0.4,0.1,0.30000000000000004,0.2,1.0,0.5,0.5,1.0,0.5,0.5,1.0,0.5,0.5,0.5,1.0,1.0,0.5,0.0,1.0,0.5,0.5,0.0,0.5,0.0,1.0,1.0,0.5,1.0,0.5,0.5,0.5,0.5,0.0,0.0,0.23547852205004266,0.43142723732231264,0.20210140917524663,0.41895734922240013,0.4894865473526601,0.494079931624617,0.39079502723093995,0.23332343214899234,0.2627698498799309,0.45474049011171375,2.211417575628573,2.5646720649034296,2.237781590522349,3.63971031539069,3.2801899330301247,2.5202813606777275,3.8006353125795203,3.1038121567642016,2.5437598009300713,4.5114437273593095,0.19028855908203157,1.4349010578348667,1.4349010578348667,1.4349010578348667
15,10,3,3,0.25,0.25,0.5,0.25,0.25,0.5,0.25,0.0,0.25,0.18000000000000002,0.9,0.8,1.0,0.6,0.5,0.7000000000000001,0.4,0.1,0.30000000000000004,0.2,1.0,1.0,1.0,0.5,1.0,0.5,0.0,0.5,0.5,0.5,0.5,1.0,1.0,1.0,0.5,1.0,0.5,0.0,0.0,0.5,0.5,0.0,1.0,0.5,0.5,0.5,1.0,0.5,0.5,0.5,0.49627703589529043,0.2643315239175815,0.3602012917106283,0.2870744662801121,0.45008960546032795,0.449262868313945,0.3449048834141445,0.3352851033618518,0.22043142945142608,0.4773440924271818,3.394013195796401,4.1765183331873885,3.7742219862260344,2.082903470013168,2.5068801276923045,2.0257517825178297,3.7112108178652674,3.987015265301762,2.137476851952337,2.29922072046078,0.19578932456125234,1.7150834279948164,1.7150834279948164,1.7150834279948164
16,10,3,3,0.25,0.5,0.25,0.0,0.75,0.25,0.5,0.25,0.0,0.18000000000000002,0.8,0.9,0.6,0.30000000000000004,1.0,0.5,0.7000000000000001,0.4,0.1,0.2,0.5,1.0,1.0,0.5,1.0,0.0,0.0,1.0,0.5,0.5,1.0,0.5,1.0,1.0,1.0,1.0,1.0,0.5,0.5,1.0,0.5,1.0,0.5,1.0,0.5,1.0,1.0,0.5,0.5,0.5,0.3431829607824812,0.25637582303881445,0.429309456146819,0.3341756427517194,0.4226548064915091,0.29789777304989695,0.20567536570311715,0.2597106145862463,0.2697536948327731,0.42148780044579104,3.1298421937669016,4.756175015753756,2.7708378012642827,3.7801672563817803,2.7632579413080793,2.6541623250308803,4.273555902861142,3.7400796207076636,4.323791556225281,2.750123701942238,0.15459499546714298,1.188458162850758,1.188458162850758,1.188458162850758
17,10,3,3,0.25,0.25,0.25,0.0,0.25,0.25,0.0,0.0,0.9,0.25,0.9,0.8,0.7000000000000001,0.4,0.6,0.5,0.2,0.1,1.0,0.30000000000000004,1.0,0.5,0.5,0.5,1.0,0.5,0.0,1.0,1.0,0.5,1.0,0.0,0.5,1.0,0.5,1.0,0.0,0.5,0.5,1.0,0.5,0.5,0.5,0.0,0.5,0.5,0.5,0.0,1.0,0.0,0.40125059877793756,0.25154177275704254,0.24445992328404545,0.45751769127463016,0.379493347185066,0.3167901035128441,0.2630383772059121,0.3574436037462706,0.3518320337790116,0.398416161682448,2.168506782083797,2.217212238498783,4.744019603486999,4.237658736495847,4.802223798793108,4.591044578446416,3.1514798836011293,2.2401790099763588,2.6174597935027326,4.313934734769166,0.16344196541113395,1.5122659529930043,1.5122659529930043,1.5122659529930043
18,10,3,3,0.25,0.25,0.25,0.25,0.0,0.25,0.75,0.25,0.0,0.18000000000000002,1.0,0.8,0.7000000000000001,0.6,0.30000000000000004,0.5,0.9,0.4,0.1,0.2,0.5,0.5,0.5,0.5,0.0,0.5,1.0,0.5,0.5,0.0,0.5,1.0,1.0,0.0,0.0,0.5,0.5,0.0,0.0,0.5,0.5,1.0,0.5,0.0,0.5,1.0,1.0,0.5,0.0,0.0,0.4749090818903568,0.2824628728975493,0.22605536817146413,0.47885141537314224,0.4456351354966106,0.20289115989228854,0.395719236948068,0.2840577742663949,0.38792369757722867,0.3106363931173296,4.640749251979516,3.3168292766392637,4.556881835827152,4.050115442681527,3.6785280973490107,4.417328119751712,2.5566084573918766,3.5825255228745725,2.8579272876578163,2.045073874530839,0.1537415129812958,1.4006041702219307,1.4006041702219307,1.4006041702219307
19,10,3,3,0.25,0.25,0.5,0.0,0.25,0.5,0.25,0.0,0.5,0.18000000000000002,0.9,0.8,1.0,0.30000000000000004,0.5,0.7000000000000001,0.4,0.1,0.6,0.2,1.0,0.5,1.0,0.5,0.5,1.0,1.0,0.0,0.5,1.0,0.5,1.0,0.5,0.0,0.5,0.5,0.0,0.5,0.0,0.0,1.0,1.0,1.0,0.5,0.5,1.0,0.0,0.0,0.0,0.0,0.30352831554683496,0.2521786056528012,0.33694233495082515,0.23764613267321738,0.3833518253929111,0.38495565853438757,0.43227806425416354,0.2863634547110192,0.3666221307633231,0.21459023458987603,3.629018277370295,2.911551987965524,2.0039096784763295,2.421978529223219,3.50951724821047,4.123307876498426,2.469415383918357,2.155755749290672,3.108139448796093,2.6326461100331295,0.10710320601380749,1.366052084097451,1.366052084097451,1.366052084097451
20,10,3,3,0.5,0.25,0.0,0.75,0.25,0.5,0.0,0.25,0.0,0.7200000000000001,0.9,0.6,0.30000000000000004,1.0,0.5,0.7000000000000001,0.2,0.4,0.1,0.8,0.5,0.5,1.0,1.0,0.5,1.0,0.5,0.5,0.0,1.0,1.0,0.5,1.0,0.5,0.5,0.5,0.0,0.5,0.5,1.0,1.0,1.0,1.0,0.5,0.0,0.5,0.0,0.0,0.0,0.0,0.2624667337702105,0.44402041629881206,0.28363183310139095,0.329469812194446,0.32850863882437936,0.2571141325714005,0.47662574386895856,0.3305881766355807,0.4828411802653741,0.43409641409760685,3.5369154927846873,3.0196769703474082,2.4073634380457447,2.9143490660320017,4.864521424765049,3.212466351365947,3.622774475711467,4.295019700720406,4.397136307279715,2.144811568151087,0.1803636582455248,1.378552957360875,1.378552957360875,1.378552957360875
21,10,3,3,0.25,0.25,0.5,0.75,0.0,0.25,0.0,0.5,0.25,0.45,0.8,0.7000000000000001,0.9,1.0,0.2,0.4,0.1,0.6,0.30000000000000004,0.5,1.0,1.0,0.0,0.5,0.5,0.5,0.5,1.0,0.0,1.0,0.5,0.5,0.5,1.0,0.0,0.5,0.5,0.5,0.5,0.0,0.5,1.0,0.5,1.0,0.5,1.0,0.0,0.5,0.5,0.5,0.49897605043786186,0.2431898738336826,0.3097923534782324,0.45014224748266807,0.26298863594923905,0.25312854261032064,0.24350590729580038,0.45954704361966797,0.41414330756272577,0.38968490699987773,3.7109338196861956,3.0781970407485884,3.999902698916915,3.3103145450541325,2.237236759687741,3.6474901953267698,2.2490598425584487,3.712366260285332,2.147308958218073,4.765326700788329,0.12838455138588128,1.7659062541730353,1.7659062541730353,1.7659062541730353
22,10,3,3,0.25,0.5,0.25,0.5,0.75,0.25,0.25,0.0,0.25,0.18000000000000002,0.7000000000000001,0.9,0.6,0.8,1.0,0.5,0.4,0.1,0.30000000000000004,0.2,0.5,1.0,0.5,0.5,1.0,0.0,0.0,0.5,0.5,0.5,0.5,0.5,1.0,1.0,0.5,0.5,0.5,0.5,0.5,0.5,0.5,0.5,1.0,0.5,0.5,1.0,1.0,0.5,1.0,0.5,0.366880304765707,0.2709285892422998,0.27634388488036377,0.21111483410399634,0.28769481981678424,0.4721728323354351,0.3597329030073035,0.31540232835904014,0.2165756224080553,0.36781290180534926,4.69833105079508,3.334819756478052,3.486208369116334,3.6455690571578683,2.3307428214566324,2.0571276497005684,2.0621463198689507,4.80775910504927,2.906727120800956,3.659562843721835,0.18602824697342601,1.1104249206229528,1.1104249206229528,1.1104249206229528
23,10,3,3,0.25,0.5,0.25,0.5,0.0,0.25,0.0,0.5,0.7200000000000001,0.25,0.9,1.0,0.5,0.7000000000000001,0.2,0.4,0.1,0.6,0.8,0.30000000000000004,0.5,0.5,0.5,1.0,0.0,0.5,0.5,0.5,1.0,0.5,1.0,1.0,0.0,0.5,0.5,0.5,0.0,0.5,1.0,0.5,1.0,0.5,1.0,0.5,0.5,0.5,0.5,1.0,0.5,0.0,0.2131973330387274,0.34780087823279415,0.3292625473662197,0.383752525883729,0.3469210093556615,0.4896793629020906,0.3294623982266145,0.4471754028361696,0.3654909284723907,0.48595445354385475,4.791320665260909,2.7776540738482356,2.8356103762532703,2.48647779250481,3.6480503715538224,4.22094149453914,4.303539266173714,2.950069475167543,4.3919862524387225,3.0789726316249038,0.13874602897206142,1.2815412481929025,1.2815412481929025,1.2815412481929025
24,10,3,3,0.25,0.25,0.5,0.75,0.25,0.5,0.25,0.0,0.25,0.18000000000000002,0.9,0.6,0.8,1.0,0.5,0.7000000000000001,0.4,0.1,0.30000000000000004,0.2,0.0,0.5,1.0,1.0,1.0,0.5,0.0,0.5,1.0,0.5,0.5,1.0,0.5,0.5,0.5,0.5,0.5,0.5,1.0,0.0,1.0,0.5,0.5,1.0,1.0,0.5,0.5,0.0,0.5,0.0,0.2519000132102492,0.34635382874806353,0.3336202634122232,0.4042072851875964,0.4652826912974015,0.4729830914287572,0.33791774561350696,0.3029423691143064,0.43930822321695573,0.4694634347081282,3.5003399449675365,3.0565189736833163,3.1085856761730524,3.518593992641952,2.7074069037597672,4.405341389101487,4.195050518082317,3.0697182776035086,3.388873984029298,4.386228841718409,0.11645267418146457,1.318415174846794,1.318415174846794,1.318415174846794
25,10,3,3,0.25,0.25,0.5,0.25,0.5,0.25,0.0,0.5,0.25,0.18000000000000002,1.0,0.8,0.9,0.5,0.7000000000000001,0.4,0.1,0.6,0.30000000000000004,0.2,0.5,0.5,0.5,1.0,1.0,0.0,0.0,1.0,0.0,0.5,1.0,1.0,0.5,0.5,0.5,0.5,0.0,1.0,0.0,0.0,1.0,0.5,1.0,1.0,1.0,0.5,0.5,0.5,0.0,0.0,0.20120984963434255,0.23665736785481128,0.49955075385827524,0.4728963429153868,0.4200022225952914,0.4561938006564363,0.34856193166139343,0.2839562929310372,0.219320999610623,0.44359773293809684,4.217541175927237,3.628224240486632,3.972260041817005,2.399017305112179,3.291156364523368,4.327828281166354,3.6314997800072937,4.540405011371023,2.1951877225229173,2.288368185413042,0.15279654115396832,1.425817770319516,1.425817770319516,1.425817770319516
26,10,3,3,0.25,0.25,0.75,0.25,0.5,0.0,0.75,0.25,0.0,0.25,0.8,0.6,1.0,0.5,0.7000000000000001,0.2,0.9,0.4,0.1,0.30000000000000004,1.0,1.0,1.0,1.0,1.0,0.5,1.0,0.5,0.5,1.0,1.0,0.0,1.0,1.0,0.5,0.0,0.5,1.0,0.0,1.0,0.5,0.5,0.5,0.5,0.5,0.0,1.0,1.0,0.0,0.0,0.267399285607352,0.3680354267246171,0.36412748903115155,0.3962255596814268,0.3062659444214762,0.3509605126802602,0.47279610552642526,0.40134930268621744,0.4731880348822218,0.2884388028167126,4.148515483774991,2.5541726971058085,4.724710250542097,4.65365957323707,3.5182315678846217,3.1531010045725556,4.05588357989685,2.5861553295000146,2.233680232545759,3.684450378903962,0.11067996792511019,1.4608386660724495,1.4608386660724495,1.4608386660724495
27,10,3,3,0.25,0.5,0.5,0.25,0.5,0.25,0.0,0.5,0.25,0.18000000000000002,0.9,1.0,0.8,0.5,0.7000000000000001,0.4,0.1,0.6,0.30000000000000004,0.2,0.5,0.5,1.0,0.5,0.5,1.0,0.5,1.0,1.0,0.0,0.5,0.5,0.0,0.5,1.0,0.5,0.0,0.5,0.5,0.5,1.0,0.5,1.0,1.0,0.0,0.0,0.0,0.5,0.5,0.5,0.41992704514948276,0.4616890165542382,0.3169620348434025,0.46457908452373436,0.22703760330226433,0.4128013024957545,0.3504124187859079,0.28780163729216435,0.4787548368882732,0.3726334797299118,4.9230063358512135,3.611834886916137,4.672793859380585,2.077474097363199,2.8281050580748244,3.723594722969398,4.406128729443718,2.4305462625817955,4.4384511377292295,2.04206395910945,0.17486308620320307,1.8961739201661707,1.8961739201661707,1.8961739201661707
28,10,3,3,0.25,0.5,0.25,0.5,0.5,0.0,0.25,0.0,0.25,0.45,0.9,1.0,0.6,0.8,0.7000000000000001,0.2,0.4,0.1,0.30000000000000004,0.5,0.0,1.0,0.5,0.5,1.0,1.0,0.5,0.0,1.0,1.0,1.0,0.5,0.5,1.0,1.0,0.5,0.0,0.5,0.5,1.0,1.0,0.5,0.0,0.5,1.0,0.5,0.0,0.5,0.5,0.5,0.46227978225425964,0.25619607514445447,0.4985316591451604,0.48948162416127405,0.3876014288502191,0.22755065412916298,0.40612053451526886,0.35815064727180057,0.39201443168089145,0.31862185193576426,4.643231602055653,2.8726343194775845,4.92991403251353,4.4664319933434316,3.214859064519141,2.4229296686784583,3.5958312455410724,3.7608853479643756,4.133778195248576,3.3773069602398733,0.15773376004465625,1.8853889314142973,1.8853889314142973,1.8853889314142973
29,10,3,3,0.25,0.5,0.0,0.75,0.25,0.5,0.25,0.0,0.5,0.18000000000000002,0.9,0.8,0.30000000000000004,1.0,0.5,0.7000000000000001,0.4,0.1,0.6,0.2,0.5,0.5,0.0,0.5,0.0,1.0,0.5,0.0,0.5,0.0,1.0,1.0,0.0,1.0,0.5,0.5,1.0,0.5,0.5,0.0,1.0,0.5,0.5,1.0,0.5,0.5,0.5,0.5,1.0,0.5,0.36043053804013603,0.3858719249854635,0.39478369562627114,0.26873091661538334,0.30005582890356675,0.4720813597047861,0.43574793520541566,0.3245135226795385,0.3117844892672837,0.20104887838903376,4.591700660721701,3.5360761966582133,2.8115620369442684,4.738058581165678,3.156340342883957,4.4343763798941165,2.9065615953462953,4.4898541800705996,4.067143199847157,3.4557095276649443,0.1793095842249377,1.2361139806511412,1.2361139806511412,1.2361139806511412
30,10,3,3,0.25,0.75,0.25,0.5,0.75,0.25,0.0,0.5,0.25,0.18000000000000002,0.8,1.0,0.5,0.7000000000000001,0.9,0.4,0.1,0.6,0.30000000000000004,0.2,1.0,0.5,0.0,0.0,1.0,0.5,0.0,0.5,0.0,1.0,1.0,0.5,1.0,0.0,1.0,0.0,0.0,0.0,1.0,0.5,0.5,1.0,0.0,0.0,1.0,0.0,0.5,1.0,0.5,0.5,0.4265710554038358,0.3789414474872558,0.20551310123452332,0.4928720484587093,0.4124731936943774,0.3554038838027834,0.3759484175752733,0.3410833684720193,0.45977546644077705,0.40174539275136023,4.810283617514694,3.4896829004702563,2.0762396135088563,4.672915576607858,4.827600906804683,4.116473528711039,2.5707124858975683,2.9027943701646777,3.0891113932045573,3.7142591208707296,0.18737308325990623,1.5774898970992821,1.5774898970992821,1.5774898970992821
31,10,3,3,0.25,0.25,0.25,0.25,0.5,0.25,0.0,0.25,0.45,0.18000000000000002,1.0,0.9,0.7000000000000001,0.6,0.8,0.4,0.1,0.30000000000000004,0.5,0.2,0.5,0.5,1.0,1.0,0.5,0.5,0.0,1.0,0.5,0.5,1.0,1.0,0.0,0.5,0.0,0.5,0.0,0.5,0.5,1.0,0.5,0.5,0.0,1.0,0.5,0.5,0.0,0.0,0.5,0.5,0.48794946366542985,0.32425673497909885,0.4547560151512252,0.47482381378658156,0.38391920934174184,0.49299604493579297,0.33555543406939103,0.43002699353956975,0.37149408269566087,0.2074401665782307,4.444977496522968,2.8201395717455378,4.623479187084241,2.6520407409992903,2.7675985899782582,4.132007390448408,4.42642524028425,3.737099508552501,3.523565020005802,4.052349778214616,0.14979932742021346,1.5001947321440963,1.5001947321440963,1.5001947321440963
32,10,3,3,0.25,0.25,0.0,0.75,0.25,0.5,0.0,0.75,0.25,0.0,0.8,0.6,0.30000000000000004,1.0,0.5,0.7000000000000001,0.2,0.9,0.4,0.1,0.5,1.0,1.0,1.0,0.0,0.5,1.0,0.5,0.5,0.0,0.5,0.0,0.5,1.0,0.5,0.5,0.5,1.0,0.5,0.5,0.5,0.5,0.5,0.5,1.0,1.0,0.0,1.0,0.5,0.0,0.24522652456012883,0.25623963752230916,0.4173343552234885,0.20077722228948253,0.31534670384985813,0.20863225201322533,0.3208368802507294,0.268989456239648,0.42228060747204427,0.2727024315705061,2.1356116430001406,4.137504022797954,3.4072456623767335,3.8169485543986164,4.515961648010908,2.1934666290294857,4.484454803868438,4.209771900192928,4.453046840271699,2.8443498312213658,0.14741158562985246,1.7867456231451828,1.7867456231451828,1.7867456231451828
33,10,3,3,0.25,0.25,0.25,0.25,0.0,0.75,0.25,0.0,0.5,0.25,1.0,0.8,0.7000000000000001,0.5,0.2,0.9,0.4,0.1,0.6,0.30000000000000004,1.0,0.5,1.0,0.0,0.0,1.0,0.0,0.0,0.0,0.5,1.0,0.5,0.5,0.5,0.0,0.0,0.5,0.0,1.0,0.5,0.5,0.0,0.0,0.0,0.5,1.0,1.0,0.0,0.0,0.0,0.28837183542594585,0.2665390724951653,0.49622625360772016,0.41576338405986246,0.22936063101560275,0.2799356164201024,0.22988306544509124,0.40939202290305443,0.39676233011326256,0.36245988078791946,4.881413405884478,2.19205991471712,3.256939204139972,3.1392521792897288,4.708735978214429,3.656457026801747,2.9740684942928373,4.461963891181154,3.754895074514091,2.2521443962627314,0.15578719491790227,1.2868821488553053,1.2868821488553053,1.2868821488553053
34,10,3,3,0.5,0.75,0.25,0.5,0.75,0.25,0.0,0.5,0.25,0.18000000000000002,0.8,1.0,0.5,0.7000000000000001,0.9,0.4,0.1,0.6,0.30000000000000004,0.2,1.0,0.5,1.0,0.5,1.0,0.0,0.0,1.0,0.5,0.5,1.0,0.5,1.0,0.5,1.0,0.5,0.0,0.5,1.0,1.0,0.5,1.0,0.0,0.0,0.5,1.0,0.5,0.0,0.5,0.0,0.48876271044429914,0.2728519268803742,0.4208778893926851,0.4155255151123185,0.32439733721854225,0.3815321420648494,0.45182465599895544,0.4176977822235953,0.46416290259246085,0.48034982155015504,3.1114453759077985,4.058813042300008,2.845405673717493,2.501635415726691,4.125720524375596,3.3172364496128237,2.132972490203682,2.2323114750394266,4.0574669228832025,2.5639320866228674,0.12897568669094794,1.6547913739843323,1.6547913739843323,1.6547913739843323
35,10,3,3,0.25,0.5,0.0,0.75,0.25,0.5,0.0,0.25,0.0,0.5,0.9,0.8,0.30000000000000004,1.0,0.5,0.7000000000000001,0.2,0.4,0.1,0.6,1.0,0.0,0.0,1.0,1.0,0.5,0.5,1.0,0.0,0.5,0.0,0.5,0.0,0.5,0.5,0.5,1.0,0.5,0.5,0.0,1.0,0.5,0.5,1.0,1.0,0.5,0.0,0.5,1.0,0.5,0.3841461321594556,0.44068814237779086,0.460496253331843,0.41543172325432487,0.26684311514275977,0.39173399960622995,0.25249097793917785,0.40695528229145816,0.23831392348605354,0.2402288788164181,2.4463264105704656,4.48042175454851,2.0572441412222267,4.1579883398749375,3.7383742201834878,4.191281039578548,2.461200478661364,3.2364716526617165,2.672666095015149,2.1288640366402656,0.18506866476192665,1.8845767119134587,1.8845767119134587,1.8845767119134587
36,10,3,3,0.25,0.5,0.0,0.25,0.5,0.0,0.0,0.9,0.25,0.45,0.8,0.9,0.4,0.6,0.7000000000000001,0.2,0.1,1.0,0.30000000000000004,0.5,1.0,1.0,0.5,0.5,1.0,0.0,0.5,0.5,0.5,1.0,1.0,0.5,0.5,0.5,1.0,0.5,0.0,1.0,0.0,0.0,0.5,1.0,0.5,0.0,0.5,0.0,0.5,1.0,0.5,0.5,0.23882354074091272,0.40626843396415324,0.2922517640486873,0.36459259786942877,0.28584906244995795,0.4733446998765476,0.39036950899838635,0.3271248628386768,0.2723201438495325,0.40455989332633946,3.811204734794298,3.1439403298224478,2.132408018213786,2.6182845167104265,4.049901982468004,3.2247530320795863,4.76759730831821,2.930417007670731,2.251843511788215,2.9130160059240984,0.1898682787128121,1.371875644449541,1.371875644449541,1.371875644449541
37,10,3,3,0.25,0.5,0.5,0.5,0.0,0.25,0.0,0.5,0.25,0.45,0.8,1.0,0.9,0.7000000000000001,0.2,0.4,0.1,0.6,0.30000000000000004,0.5,1.0,0.5,0.5,0.5,0.5,0.5,0.0,1.0,0.5,1.0,1.0,1.0,0.5,0.5,0.0,0.0,0.0,0.0,1.0,0.0,1.0,0.5,0.5,0.5,0.0,0.5,0.5,0.5,0.0,1.0,0.3738726817980247,0.2647624090180434,0.3507641389903815,0.21269678729123598,0.3996770892054914,0.3497739425766981,0.3482229540732432,0.42595899477165833,0.26233781327679456,0.28474084061102284,2.4770782339471866,3.2883474793731033,3.209360109527065,3.2344305378690965,3.599950935520645,2.8357352259386968,2.493368888684203,3.5544429409305582,2.4243879667361248,4.453248326402505,0.12719675587927493,1.0703676328195435,1.0703676328195435,1.0703676328195435
38,10,3,3,0.5,0.25,0.5,0.0,0.75,0.25,0.0,0.7200000000000001,0.25,0.45,1.0,0.6,0.7000000000000001,0.2,0.9,0.4,0.1,0.8,0.30000000000000004,0.5,1.0,0.5,0.5,0.0,0.5,0.5,0.5,0.5,0.0,0.0,1.0,0.5,1.0,0.5,0.5,1.0,0.5,0.0,0.5,1.0,0.5,0.0,0.0,0.0,1.0,0.0,0.5,1.0,0.5,0.5,0.2744327004575384,0.35099187423043016,0.3918953898275055,0.24896500568505844,0.40667022915964046,0.3405876493645644,0.43666875426439417,0.43422605060445674,0.29924321768877415,0.21906303369979674,4.871719481483613,2.586327463707998,2.7457439216214827,2.8896663267546545,3.7191043099341945,3.5568677093112306,4.53031183858865,2.6935928635062076,2.513092034746312,3.632942720211629,0.10352657705035327,1.0622098611768889,1.0622098611768889,1.0622098611768889
39,10,3,3,0.25,0.25,0.25,0.5,0.25,0.5,0.0,0.25,0.0,0.25,1.0,0.9,0.6,0.8,0.5,0.7000000000000001,0.2,0.4,0.1,0.30000000000000004,0.5,0.5,1.0,0.0,0.0,1.0,0.0,0.0,0.5,0.0,0.5,0.5,0.5,0.0,0.5,0.0,0.0,0.5,0.5,0.5,0.5,1.0,0.0,0.5,0.0,0.5,0.0,0.0,0.0,0.0,0.38343631671625467,0.21318501784167915,0.22986224010791917,0.4908080625812801,0.31104831495277296,0.4226135842268291,0.40426105826971315,0.443157326425706,0.4248202142807803,0.46282532121945413,4.473328930376022,3.6683850673385776,2.0127460141404043,2.598776976886521,3.223120530240534,2.543123671771313,4.496814124294562,3.7424187805713407,4.50886394969825,3.82005601710705,0.14387011179158832,1.120096491890707,1.120096491890707,1.120096491890707
40,10,3,3,0.5,0.25,0.75,0.25,0.5,0.0,0.25,0.0,0.7200000000000001,0.25,0.9,0.6,1.0,0.5,0.7000000000000001,0.2,0.4,0.1,0.8,0.30000000000000004,1.0,0.0,1.0,0.5,0.5,0.5,1.0,0.0,0.5,0.0,0.5,1.0,0.5,1.0,0.0,0.5,1.0,0.0,0.5,0.5,0.5,0.5,1.0,0.5,0.5,0.0,0.5,0.0,1.0,0.5,0.42267577369858106,0.43774004685441426,0.32539551831500046,0.4444729837382827,0.4770866786262443,0.4110786640976651,0.37094224636640716,0.27436489065522407,0.2894478588169617,0.4601405360384784,3.4177841062575194,4.873284570975937,4.315643718695856,3.404536884085726,2.609754476279482,3.5572281367644907,2.571966658208672,2.2690593643567816,2.152061497488039,2.763494738658457,0.14382805697392487,1.617070699244534,1.617070699244534,1.617070699244534
41,10,3,3,0.25,0.25,0.25,0.25,0.5,0.25,0.25,0.0,0.25,0.18000000000000002,1.0,0.9,0.7000000000000001,0.6,0.8,0.5,0.4,0.1,0.30000000000000004,0.2,0.5,0.5,0.5,1.0,1.0,0.0,0.0,0.0,0.5,0.0,0.5,1.0,0.0,1.0,0.5,0.5,0.0,0.0,1.0,1.0,0.5,1.0,0.0,0.5,0.5,0.5,0.0,0.0,0.0,0.5,0.49788383338478676,0.2227250104675243,0.21698511825234384,0.29915952862432177,0.42435754866012176,0.4614167723207641,0.21781355812888897,0.35739777600147193,0.4410492284109803,0.43524014777299475,4.488258685783951,4.810203940037562,3.1552274935789,2.3122866913861997,3.226524792701502,4.4320648841823544,2.3672208811583633,4.625055578469297,4.52049804049451,2.964241830019761,0.11567383482167147,1.1372215382779185,1.1372215382779185,1.1372215382779185
42,10,3,3,0.25,0.5,0.25,0.0,0.5,0.0,0.25,0.0,0.5,0.18000000000000002,0.9,1.0,0.7000000000000001,0.4,0.8,0.30000000000000004,0.5,0.1,0.6,0.2,1.0,0.5,0.5,0.5,0.5,0.0,0.5,0.0,0.5,0.5,0.0,1.0,1.0,0.0,1.0,0.5,0.5,0.0,0.0,0.0,0.5,0.5,1.0,0.0,1.0,0.0,0.0,1.0,0.0,0.0,0.4060306033960437,0.4005431045022697,0.3600848895510451,0.23935863075457692,0.3165748232377379,0.4038157246326214,0.26504939008419093,0.40348350991872567,0.2190047802554541,0.3701593706342303,4.954019430042244,3.5115513428900864,3.644645118022939,4.212859622840343,3.854602432308993,4.146372830168126,2.7938152186132417,4.018860385035156,3.7473108548024117,4.150642943773425,0.14359077421368482,1.718639898444886,1.718639898444886,1.718639898444886
43,10,3,3,0.5,0.25,0.5,0.5,0.25,0.0,0.25,0.0,0.5,0.25,1.0,0.7000000000000001,0.9,0.8,0.5,0.2,0.4,0.1,0.6,0.30000000000000004,0.5,0.5,1.0,1.0,1.0,0.0,0.5,0.0,1.0,0.5,1.0,0.5,0.5,1.0,0.5,0.5,1.0,0.0,0.5,0.0,0.5,0.5,0.5,1.0,0.5,0.5,1.0,0.5,1.0,0.0,0.30267207761959947,0.35654009010521914,0.3781216700840919,0.39759631598113565,0.3690712653688697,0.43490298369642005,0.3598790463248699,0.32840665590541485,0.3126449733166673,0.2689051409669454,2.3648702826935,3.362827247730848,4.80676955275179,4.064573748381286,3.7011890913092578,3.3331854618441508,3.238613301684147,2.0026648258752857,3.4125395006647063,3.525023489894427,0.180870991075594,1.877202460691984,1.877202460691984,1.877202460691984
44,10,3,3,0.25,0.25,0.25,0.5,0.25,0.0,0.75,0.25,0.0,0.25,1.0,0.7000000000000001,0.6,0.8,0.5,0.2,0.9,0.4,0.1,0.30000000000000004,0.5,1.0,0.5,1.0,0.5,0.5,1.0,0.0,0.5,1.0,0.5,0.5,0.5,0.5,1.0,0.5,0.5,1.0,0.0,1.0,0.5,0.0,0.0,1.0,0.5,0.5,1.0,0.5,0.0,0.5,0.40479142147438996,0.41126633503169496,0.4896269649440966,0.45717984966386316,0.3876771746275284,0.38786297686463267,0.43550567338950696,0.4910908715169001,0.2073745786858024,0.2082794664114798,4.563594450220929,4.793269441172896,2.9942017582906484,4.879885922489027,3.9467778122798443,4.555894107358718,4.2411747185835935,4.540208747098131,4.690031921029304,3.509596443186733,0.12286732149396101,1.7609478232827525,1.7609478232827525,1.7609478232827525
45,10,3,3,0.25,0.5,0.5,0.5,0.25,0.0,0.5,0.25,0.45,0.18000000000000002,0.9,1.0,0.8,0.7000000000000001,0.4,0.1,0.6,0.30000000000000004,0.5,0.2,1.0,1.0,0.5,0.0,0.0,0.5,1.0,1.0,1.0,0.5,1.0,0.5,0.5,1.0,0.5,0.0,0.0,0.5,0.5,0.0,0.5,0.5,0.5,0.5,0.5,0.0,0.0,1.0,0.0,0.5,0.44292137299947343,0.3080772321331964,0.4771030343774501,0.2469531499528576,0.21195865635209088,0.45115918308297265,0.38084653651473954,0.35383298773624605,0.22978912774941013,0.48358509976065445,3.288542210527509,4.953162817349037,3.9134695472155783,2.3765521599272197,4.317758278279455,2.199909267842598,2.364863874269164,2.872820105970458,4.399760603961995,2.8627791674240095,0.16110562951596458,1.8786667347901296,1.8786667347901296,1.8786667347901296
46,10,3,3,0.25,0.5,0.0,0.75,0.25,0.5,0.0,0.25,0.0,0.5,0.9,0.8,0.30000000000000004,1.0,0.5,0.7000000000000001,0.2,0.4,0.1,0.6,0.5,1.0,0.5,0.5,0.5,0.5,0.5,0.5,0.5,1.0,1.0,1.0,0.0,1.0,1.0,1.0,0.5,0.0,1.0,0.5,0.0,0.0,0.5,1.0,0.0,0.5,0.0,0.0,0.0,0.5,0.49762576731609853,0.38569593014316933,0.4073607341646009,0.3947712902627307,0.3169752858037914,0.36846087122797666,0.38514339071344084,0.26872634598014117,0.35437013851412313,0.3125496247127655,2.4899048371543477,4.243673086710139,4.75672662104692,3.6384944874116374,4.294693517537428,4.120889835015375,4.11542106667528,4.176900790636936,2.024007756021728,4.857812381231652,0.1374520565224076,1.5504049646301035,1.5504049646301035,1.5504049646301035
47,10,3,3,0.25,0.5,0.25,0.5,0.25,0.5,0.25,0.0,0.25,0.18000000000000002,0.9,1.0,0.6,0.8,0.5,0.7000000000000001,0.4,0.1,0.30000000000000004,0.2,0.5,0.5,1.0,0.5,0.5,1.0,0.5,0.5,0.5,0.0,1.0,0.5,1.0,1.0,0.5,0.5,1.0,0.0,0.5,0.5,0.5,1.0,0.5,0.5,1.0,0.5,0.0,0.5,0.5,0.5,0.3013455632452939,0.2999018897567747,0.4610714870465836,0.25675007258695026,0.2463702982997644,0.40571131351498335,0.3471607963746013,0.2359094370648881,0.24970009333693358,0.27990727702430623,3.5448201703673456,4.646356089523878,2.3533609499579566,3.672928452966441,4.91732951913206,2.823231854528664,2.0466147779890767,2.97058030033747,2.477076197283912,2.173304467266444,0.1929695323837059,1.0225995291747796,1.0225995291747796,1.0225995291747796
48,10,3,3,0.25,0.25,0.25,0.25,0.5,0.0,0.75,0.25,0.0,0.25,1.0,0.8,0.6,0.5,0.7000000000000001,0.2,0.9,0.4,0.1,0.30000000000000004,1.0,1.0,0.5,0.0,1.0,0.0,0.5,0.5,0.0,0.0,0.5,1.0,0.0,0.5,1.0,0.5,1.0,1.0,0.0,1.0,1.0,0.5,0.5,0.0,0.5,0.5,1.0,0.0,0.0,0.0,0.4713776276519892,0.4054047474723099,0.2623426960466178,0.23312138881873873,0.21636851790188283,0.4568700715155064,0.42636383334389794,0.3134300993714838,0.23444721628696885,0.43078759676010847,2.9968057992214767,4.994030130497137,3.1347683478756503,4.416798811711535,4.297528754654085,3.082783958657099,2.6100066431887194,4.9900190606055865,2.7568687388197644,4.268978718832823,0.15881503182858894,1.9883652086540726,1.9883652086540726,1.9883652086540726
49,10,3,3,0.25,0.25,0.25,0.75,0.25,0.0,0.9,0.5,0.25,0.18000000000000002,0.8,0.7000000000000001,0.5,0.9,0.4,0.1,1.0,0.6,0.30000000000000004,0.2,0.5,0.0,1.0,0.5,1.0,0.5,1.0,0.5,0.5,0.5,1.0,0.5,1.0,0.5,0.0,0.5,0.5,1.0,0.5,0.0,0.0,1.0,0.5,1.0,0.0,0.0,1.0,0.5,0.5,0.5,0.2666143738776009,0.2612268097361292,0.3563066216643165,0.40220336427795067,0.20814021477832287,0.4668309648007646,0.43542665596869434,0.2216427859865354,0.39133894835885064,0.33158057271219554,4.133560772563313,3.080417206866028,2.0133706327841265,2.3625522249122684,3.4147433123337088,4.431659497300728,4.761066676389502,4.006247444749871,2.1948941075602333,4.370546895351893,0.10715294803840453,1.703906550892883,1.703906550892883,1.703906550892883
50,10,3,3,0.25,0.5,0.0,0.5,0.0,0.75,0.25,0.0,0.5,0.45,0.8,1.0,0.30000000000000004,0.7000000000000001,0.2,0.9,0.4,0.1,0.6,0.5,0.5,1.0,0.5,1.0,0.5,1.0,0.5,0.5,0.0,0.5,0.5,0.5,0.0,0.5,0.5,0.5,0.0,0.0,0.0,0.5,0.5,1.0,0.0,1.0,0.5,0.5,0.5,0.0,0.0,0.0,0.4821402772554884,0.413091045576783,0.3993146086899507,0.49427584562610816,0.3703337594688266,0.22071790674155015,0.3177464571788309,0.3637681607186881,0.3654454940842645,0.22733703883258563,2.583074324095806,4.488403667427433,3.463724441175435,3.9480315992744006,3.6301557083458382,3.7128219388974113,2.2263625988114977,3.717806592982729,2.714083096451497,3.2759251807699457,0.14748206121638102,1.3006763063739735,1.3006763063739735,1.3006763063739735
51,10,3,3,0.25,0.25,0.5,0.25,0.25,0.25,0.25,0.0,0.25,0.18000000000000002,0.9,0.8,1.0,0.7000000000000001,0.6,0.5,0.4,0.1,0.30000000000000004,0.2,0.5,0.5,1.0,1.0,1.0,0.0,0.5,0.0,0.5,0.5,1.0,1.0,1.0,1.0,0.0,0.0,0.5,0.0,0.5,0.5,1.0,0.5,0.5,0.5,1.0,1.0,1.0,0.5,0.0,0.5,0.4134867285952976,0.34730850485407316,0.2724775310259666,0.3394441298934532,0.32430043444470186,0.3298487684950129,0.38555869690441724,0.43335148194392875,0.4740185842939244,0.3290955635355979,3.7319847842800757,4.873910695947366,2.0354686347483764,4.0828616629965975,3.721751709126146,2.706008415958574,2.461082809480735,3.658704496690567,3.008762656991655,3.311497409675205,0.12716007154764228,1.759603733187313,1.759603733187313,1.759603733187313
52,10,3,3,0.5,0.25,0.5,0.25,0.5,0.0,0.75,0.25,0.0,0.25,1.0,0.6,0.8,0.5,0.7000000000000001,0.2,0.9,0.4,0.1,0.30000000000000004,0.5,0.5,0.5,1.0,1.0,0.5,1.0,1.0,0.5,0.5,0.5,0.5,1.0,1.0,1.0,0.5,1.0,0.5,0.0,0.5,0.5,0.5,1.0,0.0,0.5,0.5,1.0,0.0,0.0,0.0,0.2676720875749166,0.3277801285336489,0.42077794783369205,0.38137266546132087,0.2786428358565997,0.21818296664145292,0.47674262969835673,0.24975767951475944,0.3170534767420431,0.22274521730427418,3.3091964924357584,3.602460419380742,4.365119417010231,3.231457937630789,3.7838229311385057,3.3186837412548176,2.7451964810860088,2.3471605941363096,4.049997613704201,3.3535660856782017,0.1993412364773413,1.6770650366723818,1.6770650366723818,1.6770650366723818
53,10,3,3,0.25,0.25,0.25,0.5,0.0,0.25,0.75,0.25,0.0,0.18000000000000002,1.0,0.7000000000000001,0.6,0.8,0.30000000000000004,0.5,0.9,0.4,0.1,0.2,1.0,0.0,0.5,0.5,0.5,1.0,1.0,0.5,0.5,0.5,0.5,1.0,0.5,1.0,0.5,0.5,0.5,0.5,0.5,0.0,1.0,1.0,0.5,1.0,1.0,0.0,0.5,1.0,0.0,1.0,0.3553301283015444,0.44223900053263565,0.27080657055328466,0.45881661616530617,0.4683954609310685,0.30917668314490193,0.20443243148126702,0.28233114563934003,0.4597532997161012,0.3587659821819459,2.7906186293530926,3.622487643005052,4.661900649811795,3.775932770615925,2.4655232999557897,3.7312176660779417,4.141704859713849,4.271076878544639,3.7434775894813535,4.0030140878345755,0.1611054208045768,1.8187702087706157,1.8187702087706157,1.8187702087706157
54,10,3,3,0.25,0.25,0.25,0.5,0.75,0.0,0.25,0.0,0.25,0.45,0.9,0.7000000000000001,0.6,0.8,1.0,0.2,0.4,0.1,0.30000000000000004,0.5,0.5,0.5,0.5,0.5,0.5,0.5,0.0,0.0,0.5,0.5,0.5,0.5,0.5,1.0,1.0,0.0,0.5,0.5,0.5,0.0,1.0,1.0,0.5,1.0,0.5,0.5,1.0,0.5,0.5,0.0,0.33657993508148426,0.4370440844962777,0.21669439739938776,0.3305097015947236,0.41983335823023904,0.2539885793986907,0.40329766880732154,0.4323411664045359,0.24893899130392724,0.40451717824538624,4.642818868261948,4.1858759157498735,3.977847687425579,4.645870918512302,3.1032348974745,2.983434877017949,2.6999828276008593,2.049360535216847,4.493238316733676,4.048937543783895,0.13565576039038849,1.2934548095116893,1.2934548095116893,1.2934548095116893
55,10,3,3,0.5,0.25,0.5,0.25,0.5,0.0,0.0,0.25,0.0,0.45,1.0,0.7000000000000001,0.9,0.6,0.8,0.30000000000000004,0.2,0.4,0.1,0.5,1.0,0.5,0.5,1.0,0.0,0.0,0.5,1.0,0.0,0.5,1.0,1.0,1.0,0.0,1.0,0.5,0.0,1.0,0.0,0.5,1.0,0.5,1.0,0.0,0.5,0.0,0.0,1.0,0.5,0.5,0.42898174515949516,0.3534062856195673,0.27272149864429696,0.2226418208586731,0.45720371620388156,0.24829374174241203,0.3327717027449019,0.24741689906491085,0.3168483998258863,0.2601534571813634,3.6664347659572583,2.2437513886299065,3.3174409545171244,2.3937173636211315,4.43443675953111,2.481155790737967,4.737465888394277,4.485167584534282,2.460449631282957,4.660392948999508,0.1953548482223689,1.6607449478390768,1.6607449478390768,1.6607449478390768
56,10,3,3,0.25,0.5,0.0,0.5,0.25,0.5,0.0,0.5,0.25,0.18000000000000002,1.0,0.9,0.4,0.8,0.5,0.7000000000000001,0.1,0.6,0.30000000000000004,0.2,1.0,1.0,0.5,1.0,1.0,1.0,0.0,0.5,0.0,0.0,1.0,0.5,0.5,0.5,0.5,1.0,0.5,0.5,0.5,0.5,0.5,1.0,0.0,0.5,0.5,0.5,0.0,0.0,0.5,0.5,0.25297768148658156,0.49336967947320226,0.37007263159378345,0.269089314806345,0.4065834296792271,0.3611728295036306,0.2427304671126969,0.29175908370980697,0.2284149762905761,0.29948421210750265,3.109401775584219,4.375636258258519,3.216877270789799,4.109618145564569,3.5702422241978065,4.775463566636239,2.632829341152767,3.7646820860823196,2.7094700971600485,4.585237343652396,0.10177524495825113,1.0019533980756479,1.0019533980756479,1.0019533980756479
57,10,3,3,0.5,0.25,0.25,0.5,0.0,0.75,0.25,0.0,0.7200000000000001,0.25,1.0,0.6,0.5,0.7000000000000001,0.2,0.9,0.4,0.1,0.8,0.30000000000000004,0.5,1.0,0.5,1.0,0.5,0.5,0.0,0.5,0.5,0.0,1.0,0.5,0.5,1.0,0.5,0.0,0.5,0.0,1.0,0.5,0.5,0.0,0.0,0.5,0.0,1.0,0.5,0.5,1.0,0.5,0.21720540316068537,0.3968447407263157,0.24123965382540943,0.23916801565060047,0.3681413495430854,0.3577306119493463,0.3927147272841084,0.3307269739537818,0.41578799360216845,0.27339963686123314,2.7315504495841503,3.7260207387084625,2.762073722708694,4.720500434986452,4.278506817896178,3.357470506243159,3.906488720968168,4.169482467384999,4.883018648006091,2.8062776812521446,0.11898253297335952,1.0741106581764965,1.0741106581764965,1.0741106581764965
58,10,3,3,0.25,0.25,0.0,0.0,0.25,0.5,0.75,0.0,0.5,0.18000000000000002,1.0,0.8,0.4,0.30000000000000004,0.5,0.7000000000000001,0.9,0.1,0.6,0.2,0.5,0.5,0.0,0.5,0.0,0.0,1.0,0.0,0.5,0.5,1.0,1.0,0.5,1.0,0.0,1.0,1.0,0.5,1.0,0.5,1.0,0.5,0.0,1.0,0.5,0.5,1.0,0.5,1.0,1.0,0.2058991242910325,0.317516300482804,0.37742000747737825,0.21076759065872652,0.3747474934705736,0.2889076130960931,0.43628092023690657,0.30005928518344716,0.4806819666789886,0.47379435473899606,4.317990976936526,4.035284480912116,4.1493614021738265,3.9573076792038915,3.789684034726801,3.9967182519651856,4.347720866313265,2.908926017190803,4.762515816401875,3.5076075108342892,0.1692305219883357,1.5807505599098053,1.5807505599098053,1.5807505599098053
59,10,3,3,0.25,0.25,0.25,0.25,0.25,0.5,0.25,0.0,0.25,0.18000000000000002,1.0,0.9,0.8,0.6,0.5,0.7000000000000001,0.4,0.1,0.30000000000000004,0.2,0.5,1.0,1.0,0.5,1.0,1.0,0.0,0.5,1.0,0.0,1.0,0.5,0.5,1.0,0.0,0.5,0.0,0.0,0.0,0.5,1.0,1.0,0.5,1.0,0.5,1.0,1.0,0.0,0.5,0.5,0.23524752922765907,0.3608107098909483,0.32839982664711553,0.20575665443759988,0.4289592211066769,0.3113449738479284,0.35414564239783497,0.22197514705963917,0.24000707310181021,0.30117686973866126,3.352927323204317,3.3126557144491118,4.735826304458925,3.299820616723202,4.356113544954232,2.5724775570992886,3.555587664652971,3.0877210800429102,3.1140922765683983,3.0963280168501175,0.1168211574798402,1.5308682285900967,1.5308682285900967,1.5308682285900967
60,10,3,3,0.25,0.5,0.0,0.75,0.5,0.25,0.0,0.5,0.45,0.18000000000000002,0.8,0.9,0.30000000000000004,1.0,0.7000000000000001,0.4,0.1,0.6,0.5,0.2,0.5,0.5,0.5,0.5,0.5,1.0,0.5,0.0,1.0,0.0,1.0,1.0,1.0,1.0,0.5,0.0,0.5,1.0,0.0,0.0,1.0,0.5,0.5,1.0,0.5,1.0,0.5,0.0,0.5,0.5,0.2277811222954878,0.37266099413934217,0.472160559676772,0.33074789990400755,0.3273245521007373,0.2045131707516416,0.4136920637185081,0.4721690537302864,0.4528160542730437,0.4680780677535911,4.320226617476541,3.2926371789313236,2.4039105037172925,3.8548344342240553,3.238964896494503,2.963365499075315,3.106522666362901,4.162093590076889,3.585120489156579,4.121957343626018,0.15481878614380912,1.8870000558896738,1.8870000558896738,1.8870000558896738
61,10,3,3,0.25,0.25,0.5,0.0,0.75,0.25,0.5,0.25,0.0,0.18000000000000002,0.9,0.6,0.8,0.30000000000000004,1.0,0.5,0.7000000000000001,0.4,0.1,0.2,0.5,1.0,0.5,0.0,0.5,0.5,0.5,0.5,0.5,0.5,0.5,0.5,0.5,0.0,0.5,0.5,1.0,0.5,0.5,0.5,0.5,1.0,1.0,0.0,0.5,0.0,0.0,0.5,0.5,0.0,0.43862521793811093,0.4890078314507447,0.49414687660031564,0.37242416025640657,0.4192733595422289,0.29818170168842495,0.3905343644112588,0.4712684673430318,0.3201565710310844,0.47620081781086887,3.3190486501952314,2.8882879444372165,2.768898879279946,4.154805758167181,2.9216570601229397,4.212276733294812,2.625787250875151,4.623141501547641,4.651807134171815,2.0839436733366994,0.1434199509364963,1.338456524245625,1.338456524245625,1.338456524245625
62,10,3,3,0.25,0.5,0.25,0.75,0.25,0.0,0.25,0.0,0.7200000000000001,0.25,0.7000000000000001,0.9,0.6,1.0,0.5,0.2,0.4,0.1,0.8,0.30000000000000004,1.0,0.5,1.0,1.0,0.5,0.0,0.0,0.5,1.0,0.5,0.5,0.0,0.5,1.0,0.5,0.5,1.0,0.5,0.5,0.0,0.5,1.0,0.5,0.5,0.5,0.5,1.0,0.0,0.5,0.0,0.25623388455313423,0.4388389237385795,0.2055296648947335,0.38470056205446423,0.20436945152928582,0.2037154730287016,0.3721599633890913,0.385063489808833,0.3932470647584543,0.20603268584503448,2.1272020347805944,2.252878622770157,2.1844029331634736,4.604131176266372,3.488280468250657,2.901621379880315,2.8039295059487177,2.465241935556501,2.269963958861042,2.0306036970023653,0.10225915838143228,1.1496173276278032,1.1496173276278032,1.1496173276278032
63,10,3,3,0.25,0.5,0.25,0.5,0.0,0.75,0.25,0.0,0.5,0.25,0.8,1.0,0.5,0.7000000000000001,0.2,0.9,0.4,0.1,0.6,0.30000000000000004,1.0,0.5,1.0,1.0,0.0,0.5,0.5,0.0,1.0,0.5,1.0,1.0,0.5,0.0,0.5,1.0,0.5,0.5,0.5,1.0,0.0,1.0,0.0,0.0,1.0,0.5,1.0,0.0,0.5,0.0,0.3624529331537941,0.49075467646370274,0.39149015893566685,0.4835558447543115,0.3058253884032485,0.4372584112173246,0.4883623851821213,0.43884236672265836,0.29391919622589746,0.3161909372780647,2.5581570444916446,2.5434241770636588,4.878733257816441,3.5712875756312745,3.600998202761113,2.0845161812755895,3.061442833068536,4.080514809082898,2.1072519464434594,3.7079352248595296,0.1033177504872132,1.2031602725835384,1.2031602725835384,1.2031602725835384
64,10,3,3,0.5,0.5,0.25,0.5,0.0,0.25,0.5,0.0,0.25,0.0,1.0,0.9,0.6,0.8,0.30000000000000004,0.5,0.7000000000000001,0.2,0.4,0.1,0.5,1.0,0.5,1.0,0.0,0.5,0.0,0.5,0.5,0.5,1.0,1.0,0.5,0.5,0.5,1.0,0.5,0.0,0.5,0.0,0.5,0.5,0.0,1.0,0.5,1.0,0.5,0.0,0.0,1.0,0.49273007940736346,0.4869362450548754,0.28667886160025274,0.23862168898592714,0.41622962488227805,0.4381638944834919,0.34056217437144054,0.25012075865244543,0.4570074295987956,0.22718118149109268,4.600668416291272,2.983341761573803,3.539876072675416,4.020232921206385,2.858582764340337,3.5671268049279448,2.3675854412402035,3.4008580721384285,3.761337796368762,4.071077568675404,0.1119334034454671,1.6672175424625766,1.6672175424625766,1.6672175424625766
65,10,3,3,0.25,0.5,0.5,0.75,0.25,0.0,0.9,0.25,0.45,0.18000000000000002,0.6,0.8,0.7000000000000001,0.9,0.4,0.1,1.0,0.30000000000000004,0.5,0.2,0.5,1.0,1.0,0.5,1.0,1.0,1.0,1.0,0.5,0.0,0.5,0.0,1.0,0.5,0.5,0.5,1.0,0.0,0.0,0.0,0.0,0.0,0.5,1.0,0.0,0.5,1.0,0.5,0.0,0.0,0.43375849712950243,0.46814134386298023,0.3170035469673784,0.4725065230992497,0.24629832798881457,0.3024775866916697,0.4617719289337132,0.45488714372256295,0.25959673554401974,0.3655042907072581,2.5454095616154264,3.893319929383367,3.8643779481752967,4.871165544669282,2.471503058787993,3.4678951556407758,2.424860921739546,4.534271865988545,4.5969375046745515,2.763418120989738,0.10542601126632442,1.1554284468159817,1.1554284468159817,1.1554284468159817
66,10,3,3,0.25,0.5,0.75,0.25,0.0,0.9,0.7200000000000001,0.25,0.45,0.18000000000000002,0.6,0.7000000000000001,0.9,0.4,0.1,1.0,0.8,0.30000000000000004,0.5,0.2,1.0,1.0,1.0,0.0,0.5,0.5,1.0,0.5,0.0,0.5,0.5,0.5,0.5,0.0,0.0,1.0,1.0,0.0,1.0,1.0,0.5,0.5,0.5,1.0,0.0,0.5,1.0,0.5,1.0,0.0,0.46397508916975017,0.393164365527111,0.3035865717638001,0.49375428628703366,0.32897250594594535,0.37294723952845343,0.38571560005017114,0.4183389619885355,0.4196661443211901,0.255563223339471,2.8247350271149343,3.0870612673478166,2.1610588835803366,4.917385295793319,4.142508781581948,2.0115697603503,4.550217020867756,2.0119805932287065,2.8213014032523644,2.424286126990519,0.10618313492480651,1.7941712951008135,1.7941712951008135,1.7941712951008135
67,10,3,3,0.25,0.5,0.25,0.5,0.25,0.0,0.25,0.0,0.25,0.0,0.8,1.0,0.7000000000000001,0.9,0.6,0.30000000000000004,0.5,0.2,0.4,0.1,0.5,1.0,0.5,0.5,0.5,0.0,0.0,0.0,0.5,0.0,1.0,1.0,0.5,0.5,0.0,0.0,0.5,0.0,0.0,1.0,1.0,1.0,0.5,0.5,0.5,0.0,0.5,1.0,0.0,0.0,0.3591367821164556,0.43690198257826063,0.3631035246740878,0.2940784309673028,0.481512354222496,0.39812240561364043,0.33143312842296957,0.24446013990108717,0.49805839304714056,0.318420126805322,3.374606809814993,3.7723612459591442,3.3716793811248333,4.63111083273516,4.718171558882057,2.1639326630680333,2.689446042427618,2.3961390134620815,3.1063187272145334,2.428267221009229,0.1419460269443543,1.8952449911788205,1.8952449911788205,1.8952449911788205
68,10,3,3,0.25,0.25,0.5,0.25,0.0,0.75,0.25,0.25,0.0,0.18000000000000002,0.8,0.7000000000000001,0.9,0.6,0.30000000000000004,1.0,0.5,0.4,0.1,0.2,1.0,0.5,1.0,1.0,0.5,1.0,1.0,0.5,0.0,0.0,0.5,0.0,1.0,0.5,0.0,0.5,0.5,0.5,0.5,0.0,0.5,1.0,1.0,0.5,0.5,1.0,0.5,0.0,0.5,0.5,0.2830654248518351,0.21503425592760567,0.33094273876478275,0.2061029255690254,0.45651710338535173,0.3782827239921606,0.24866943145453338,0.45683866786140775,0.37660696180263553,0.49063445199463745,4.988225796695327,4.435058539460162,2.675933224191082,4.889505411532282,2.069252342752903,3.9434916362386043,4.242058850408448,2.2026784464718605,3.1361195439488276,3.6220611265123708,0.18866390098298327,1.9060676199541815,1.9060676199541815,1.9060676199541815
69,10,3,3,0.5,0.25,0.5,0.25,0.0,0.75,0.25,0.0,0.5,0.25,1.0,0.7000000000000001,0.8,0.5,0.2,0.9,0.4,0.1,0.6,0.30000000000000004,0.5,0.5,1.0,0.5,0.0,1.0,0.5,0.5,0.0,0.5,1.0,0.0,1.0,1.0,0.5,1.0,0.0,0.5,0.5,0.5,1.0,1.0,0.5,1.0,0.0,0.5,1.0,0.0,0.0,1.0,0.3899698638160064,0.45714364897917614,0.493743971396948,0.47696918238129943,0.3694907056495085,0.47861370526320157,0.4591291474048383,0.41779144802589174,0.29802829932448893,0.291922049268248,3.3083646928813697,2.8592189071717886,4.807681899641061,2.1591387170699177,3.0381890302178682,4.387629096047232,2.8825632013920646,2.5372220992485977,2.1628553698922572,2.188317131643057,0.14808118526029626,1.7781668456406372,1.7781668456406372,1.7781668456406372
70,10,3,3,0.5,0.5,0.0,0.5,0.25,0.5,0.0,0.0,0.5,0.25,1.0,0.9,0.4,0.8,0.5,0.7000000000000001,0.2,0.1,0.6,0.30000000000000004,1.0,0.5,0.5,1.0,0.5,1.0,0.5,0.5,0.0,0.0,1.0,0.5,0.5,0.5,1.0,0.0,0.5,0.0,0.0,0.5,0.5,0.5,0.0,1.0,0.5,0.5,0.5,0.5,0.0,1.0,0.4363270324537868,0.35378732321331885,0.4550435431928036,0.31308499206906637,0.3895160445780843,0.48049040304478685,0.24472546220121,0.33533073045651274,0.4775806592325478,0.4846522488317206,3.180719461050197,2.6978946483546236,3.193262761335502,3.016298819680836,3.417103109864495,3.0176259028006376,2.3043307005364615,3.403495733979418,4.199994052370559,3.059651823453299,0.11441038659083197,1.247663164196566,1.247663164196566,1.247663164196566
71,10,3,3,0.5,0.25,0.25,0.5,0.25,0.0,0.9,0.7200000000000001,0.25,0.18000000000000002,0.9,0.6,0.5,0.7000000000000001,0.4,0.1,1.0,0.8,0.30000000000000004,0.2,1.0,1.0,0.5,0.5,0.5,0.0,1.0,1.0,0.5,1.0,1.0,1.0,0.5,0.0,0.5,0.5,0.5,0.5,0.5,0.5,0.5,1.0,0.5,0.5,0.0,0.0,0.5,1.0,0.5,0.5,0.3499121519425147,0.38246540678707136,0.32649981777645687,0.339767126545879,0.4134859301983479,0.48812922519103513,0.2561490583673958,0.34551724140844975,0.3340906645797674,0.20592507103799432,2.029634348160802,2.8554072338065977,2.667435516352188,2.2040468644416684,2.8346609345595013,4.044983297665845,4.04875176618986,3.1991356249194585,2.8273519003734133,2.6998530720553626,0.16366454397267893,1.8474965789825906,1.8474965789825906,1.8474965789825906
72,10,3,3,0.25,0.25,0.75,0.25,0.5,0.0,0.25,0.0,0.5,0.25,0.9,0.8,1.0,0.5,0.7000000000000001,0.2,0.4,0.1,0.6,0.30000000000000004,1.0,1.0,1.0,0.0,0.5,0.0,0.0,0.5,0.5,0.0,1.0,0.5,1.0,1.0,1.0,0.0,0.5,0.0,0.5,1.0,0.5,1.0,0.5,0.5,0.5,1.0,0.5,0.0,0.5,0.5,0.3777022102958411,0.4486096315500522,0.4513042739586204,0.4198615750137003,0.35974732416599164,0.37628468387545,0.41421974816758084,0.46696531547247044,0.3068297736921719,0.4349183469047543,3.155059005778299,2.9460900724820434,4.533037752622686,4.512953440537947,4.653317350370296,2.6743979266956566,3.391637787418613,3.6745791174776823,2.9579867177915187,2.7676490543427703,0.15784470422055127,1.3940096943534632,1.3940096943534632,1.3940096943534632
73,10,3,3,0.25,0.25,0.5,0.25,0.25,0.0,0.5,0.7200000000000001,0.25,0.18000000000000002,1.0,0.7000000000000001,0.9,0.5,0.4,0.1,0.6,0.8,0.30000000000000004,0.2,1.0,0.5,1.0,1.0,0.5,0.0,0.5,1.0,0.0,0.5,1.0,1.0,0.0,0.5,0.5,0.5,0.5,0.5,0.0,0.5,1.0,0.5,1.0,0.5,1.0,0.0,1.0,1.0,0.0,0.5,0.22670598756338461,0.26072742660139525,0.4756503648317074,0.3384945135149743,0.2558793544867388,0.47636773596632037,0.23774086668035666,0.33063674257952713,0.22861910599198965,0.25282428729397444,2.9823399807356625,4.5229152356657005,2.702544390833501,3.0940821623750203,4.259944769394216,4.809265665345359,4.739363818163805,4.7019482782315185,4.594810904022937,3.1533935366635815,0.17704922131672965,1.152143697499854,1.152143697499854,1.152143697499854
74,10,3,3,0.25,0.5,0.75,0.25,0.5,0.0,0.25,0.0,0.5,0.25,0.9,0.8,1.0,0.5,0.7000000000000001,0.2,0.4,0.1,0.6,0.30000000000000004,1.0,0.5,1.0,0.5,0.0,0.5,0.0,0.5,1.0,0.0,1.0,1.0,1.0,0.5,1.0,0.0,0.5,0.5,0.5,1.0,0.5,0.5,0.5,0.0,0.5,0.0,0.5,0.5,0.5,0.5,0.32293592305486885,0.39167013213909296,0.2702589770277339,0.22281627555552336,0.36475086448660177,0.24139125786017412,0.2400683922771396,0.22638772346030459,0.40512420525118353,0.4783494656214264,4.316839025226108,2.326011758001532,3.3745336440079052,4.301337012121114,3.7654215174087127,2.719636289976929,3.2690372407812824,3.3331603706042308,4.158166182759755,3.0093958683786766,0.1245751709172443,1.061453614211895,1.061453614211895,1.061453614211895
75,10,3,3,0.5,0.5,0.75,0.25,0.5,0.25,0.0,0.5,0.25,0.18000000000000002,0.9,0.8,1.0,0.5,0.7000000000000001,0.4,0.1,0.6,0.30000000000000004,0.2,1.0,0.5,0.5,1.0,0.0,0.0,0.5,0.5,0.0,0.0,0.5,0.5,0.5,0.0,1.0,0.5,0.5,0.0,0.5,0.0,1.0,0.0,1.0,0.0,0.5,1.0,0.0,0.5,0.5,0.5,0.47328111901955094,0.31205656948117855,0.4950741693835245,0.37729883720068147,0.4061765929633194,0.4142081112266449,0.28347405713146784,0.2542875617504571,0.41318147613364453,0.25531783324875856,4.205371346543786,3.2388339491642797,4.296296679527493,2.674064059478214,2.073414437536489,2.9058903781669687,4.427408341510164,2.780576714232776,3.529527505597849,4.421864208501118,0.14069860133472029,1.1585346152754226,1.1585346152754226,1.1585346152754226
76,10,3,3,0.25,0.25,0.5,0.0,0.75,0.25,0.75,0.25,0.0,0.18000000000000002,0.7000000000000001,0.6,0.8,0.30000000000000004,1.0,0.5,0.9,0.4,0.1,0.2,0.0,0.5,0.5,1.0,1.0,0.0,1.0,0.5,0.0,0.0,0.5,0.5,1.0,0.5,1.0,0.5,0.5,0.0,0.0,0.0,0.5,0.5,1.0,0.5,1.0,0.0,0.5,0.5,0.0,0.5,0.2995412333097005,0.36594490239867583,0.4268661894977801,0.2693043015977585,0.2782696723956066,0.3343831617305074,0.41906774567273675,0.29350211747365756,0.3573878748429421,0.38269152972807535,3.4941133770332677,3.5252614099857587,3.2695443903529537,2.90412064051122,4.7349912271989085,4.008607784889303,2.7274884530193484,2.662296434677885,3.3917371507066285,4.502696604146475,0.12571076238152495,1.8885997844251132,1.8885997844251132,1.8885997844251132
77,10,3,3,0.25,0.25,0.5,0.25,0.5,0.25,0.0,0.5,0.25,0.18000000000000002,1.0,0.9,0.8,0.5,0.7000000000000001,0.4,0.1,0.6,0.30000000000000004,0.2,0.5,1.0,0.5,0.5,0.5,0.5,0.0,0.5,0.5,0.0,0.5,1.0,0.5,0.5,1.0,1.0,0.5,0.5,0.0,0.5,0.5,1.0,0.5,0.0,0.5,0.5,0.0,0.0,0.0,0.5,0.32087628736547985,0.41371302149296024,0.39797410765524743,0.4390081760560483,0.31954244729699527,0.46207338743268156,0.3976333543937157,0.2819728160958337,0.36542079847022224,0.45210303912497757,2.0046902078051234,3.569119648123231,4.06595551876006,4.074170447875843,3.656573148540197,2.617855579001213,4.934257142714548,2.546510427751382,4.9962097725966865,3.7396435369943823,0.10296958868327927,1.8582445282586413,1.8582445282586413,1.8582445282586413
78,10,3,3,0.25,0.5,0.25,0.25,0.5,0.0,0.0,0.25,0.0,0.45,0.9,1.0,0.7000000000000001,0.6,0.8,0.30000000000000004,0.2,0.4,0.1,0.5,0.5,1.0,1.0,0.5,1.0,0.5,0.5,0.0,0.0,0.5,0.5,1.0,1.0,1.0,0.0,0.0,0.5,1.0,0.0,1.0,0.5,0.5,1.0,0.0,0.5,0.5,0.0,0.0,0.5,0.5,0.28221266365262754,0.41501708761242534,0.21192079218822055,0.3327516526971902,0.23736053006919178,0.4548460408867033,0.290326010790057,0.364820968040559,0.40439364938852046,0.42926418546149003,4.042595072959813,4.248752041079403,4.0461773563542,4.928088033970249,3.604407966917514,2.1824970473099445,4.350858120595493,2.9148293555468143,3.2365346162668875,2.845127780507819,0.16206108145284975,1.7538095725945582,1.7538095725945582,1.7538095725945582
79,10,3,3,0.25,0.25,0.25,0.5,0.25,0.0,0.25,0.0,0.5,0.25,1.0,0.9,0.7000000000000001,0.8,0.5,0.2,0.4,0.1,0.6,0.30000000000000004,1.0,1.0,1.0,0.5,1.0,0.5,0.0,0.0,0.5,0.0,0.5,0.5,0.0,0.5,0.0,1.0,0.0,0.5,1.0,0.0,1.0,0.5,1.0,1.0,1.0,0.0,0.0,1.0,0.5,0.5,0.3696613982989103,0.26403572434151185,0.3306765514903219,0.49401231019360825,0.22259575361313888,0.3747368798668276,0.38728407062603787,0.4812736311403901,0.48812509017444444,0.4155885370470944,2.9972039515573123,4.261230035861752,3.3837981735334517,4.119020871784077,2.65544081398212,2.5030514380651376,4.402167437400097,2.8670061728651715,3.186748798077135,3.8569904571659284,0.10075786666701271,1.6196761242554811,1.6196761242554811,1.6196761242554811
80,10,3,3,0.5,0.25,0.5,0.25,0.5,0.75,0.25,0.0,0.25,0.18000000000000002,1.0,0.6,0.8,0.5,0.7000000000000001,0.9,0.4,0.1,0.30000000000000004,0.2,0.5,0.5,0.0,0.0,0.5,0.5,0.5,0.5,0.5,0.5,1.0,1.0,1.0,0.0,1.0,0.5,1.0,0.0,0.5,0.5,0.5,0.5,0.5,0.0,1.0,0.5,1.0,0.0,0.5,0.0,0.36034723751609377,0.23637228721704306,0.2548464238525894,0.24508691908704172,0.49261691773078553,0.26485142742099466,0.31700076213266065,0.29257396917607537,0.2765236615867703,0.45158973659284474,3.720137899908922,2.1753337145583385,2.0884080647926786,3.517053493728736,2.4373550249365947,4.696924349473219,3.22579466774679,4.005172671955455,3.0328374734838937,4.536298787005026,0.18437282392058804,1.1025251449986297,1.1025251449986297,1.1025251449986297
81,10,3,3,0.25,0.25,0.5,0.25,0.5,0.0,0.25,0.0,0.25,0.45,1.0,0.7000000000000001,0.9,0.6,0.8,0.2,0.4,0.1,0.30000000000000004,0.5,1.0,0.5,0.5,1.0,1.0,0.5,1.0,1.0,0.0,0.5,0.5,1.0,0.5,0.5,0.5,1.0,1.0,0.5,0.5,0.0,0.5,0.5,0.5,1.0,0.5,1.0,1.0,0.0,0.0,1.0,0.32472925859265533,0.35244646812281044,0.2163746598685224,0.23259379883015185,0.4920420991063989,0.4492816019640637,0.20084494529301317,0.4398433246051702,0.42000449148799957,0.38717665624983355,4.052580706236156,3.615409601149589,2.931671375854332,3.9142678546140752,3.978645826442257,2.8621382910090323,4.776434935333213,3.018842256463929,4.681993311700091,2.4072379621028874,0.18817516478789387,1.3391559339030834,1.3391559339030834,1.3391559339030834
82,10,3,3,0.25,0.25,0.5,0.0,0.75,0.0,0.25,0.0,0.5,0.45,0.8,0.7000000000000001,0.9,0.30000000000000004,1.0,0.2,0.4,0.1,0.6,0.5,0.5,0.5,0.5,0.5,0.5,0.5,1.0,0.0,0.0,0.5,0.5,1.0,0.0,0.5,1.0,0.0,0.5,0.0,0.0,1.0,0.0,0.5,0.5,0.5,1.0,0.0,0.5,0.5,0.0,0.5,0.47563618212757924,0.27051864754502947,0.4864080950789083,0.285292266257937,0.4792061868138768,0.36069238382370217,0.47769692495367744,0.22427698170708904,0.4568511081137881,0.2919027183907635,3.411256833543105,4.503024874190027,3.443130517003862,3.915037097496735,3.021655272399555,4.519832127155671,4.576698688655515,4.53063812420714,4.899030282662945,3.227587015905971,0.184914780157201,1.5435700438473021,1.5435700438473021,1.5435700438473021
83,10,3,3,0.25,0.5,0.25,0.25,0.25,0.0,0.5,0.7200000000000001,0.25,0.18000000000000002,0.9,1.0,0.7000000000000001,0.5,0.4,0.1,0.6,0.8,0.30000000000000004,0.2,1.0,0.5,0.0,0.0,0.0,0.5,0.5,0.5,1.0,0.0,0.5,1.0,1.0,0.5,0.5,0.0,1.0,0.5,1.0,1.0,0.5,1.0,0.5,0.0,0.0,0.5,0.5,0.0,1.0,0.0,0.4666571694909313,0.3630187535402798,0.25688302265367696,0.45924814305810985,0.38482132982948586,0.4151244377333143,0.33976165049481577,0.38676406329134816,0.4449479356629577,0.33151578197631404,3.5515693678942686,3.598228891511165,2.134009705779089,2.470914570655271,2.186787743383391,3.6439499030933566,4.661049988588797,3.525368991321132,4.714830050353914,4.501133275843536,0.11443256631762233,1.216338748873187,1.216338748873187,1.216338748873187
84,10,3,3,0.25,0.25,0.5,0.0,0.25,0.5,0.25,0.0,0.9,0.18000000000000002,0.9,0.6,0.8,0.30000000000000004,0.5,0.7000000000000001,0.4,0.1,1.0,0.2,0.5,1.0,0.5,0.5,1.0,0.0,1.0,0.0,1.0,0.0,1.0,0.5,0.0,0.5,0.5,0.5,1.0,1.0,0.5,0.0,0.5,0.5,1.0,0.5,0.5,0.5,0.5,1.0,1.0,0.5,0.4329560143361082,0.4500102427848545,0.24439256874647158,0.31276549320866975,0.4007839916817444,0.25454281723710515,0.443204307991839,0.4096589445655019,0.27813022427062406,0.2800374314160255,2.9103156589092967,3.361817191735989,2.603429440348307,2.5113235005263714,3.3692152399439665,3.5503959611689457,3.786564580145971,2.5663624767315043,4.692652880011367,2.7195477487988535,0.18384919386510196,1.5488879873353418,1.5488879873353418,1.5488879873353418
85,10,3,3,0.25,0.25,0.25,0.25,0.0,0.75,0.25,0.0,0.5,0.25,1.0,0.8,0.7000000000000001,0.5,0.2,0.9,0.4,0.1,0.6,0.30000000000000004,1.0,1.0,0.0,1.0,0.5,0.5,0.0,0.0,1.0,0.5,1.0,1.0,1.0,0.5,0.0,0.5,0.5,0.5,1.0,0.0,1.0,0.5,1.0,0.0,0.0,0.5,1.0,0.5,0.0,1.0,0.47870166282211646,0.27668972541459136,0.21644410971893563,0.37682078964977206,0.4187099880855226,0.43086821413698423,0.2920527805752601,0.4414152260362747,0.2967397703924455,0.46111602905296833,4.2714709795304335,4.597786458875433,4.562087545127257,4.011634267135058,3.248588561127944,3.747157724520342,2.1258480219191305,3.959642277543218,4.340377415268266,2.502530796198982,0.1173060785521752,1.7823757328601135,1.7823757328601135,1.7823757328601135
86,10,3,3,0.5,0.25,0.5,0.25,0.5,0.75,0.25,0.0,0.25,0.18000000000000002,1.0,0.6,0.8,0.5,0.7000000000000001,0.9,0.4,0.1,0.30000000000000004,0.2,0.5,0.5,1.0,0.5,0.5,1.0,0.5,0.5,0.5,0.0,1.0,0.5,0.5,0.5,0.0,0.5,0.0,0.0,0.0,0.5,1.0,1.0,1.0,0.5,1.0,0.5,1.0,0.0,1.0,0.0,0.3817013735171207,0.33953607130238006,0.23307621783396207,0.3966787899572386,0.3534932874380552,0.3619214531942946,0.24100798496481854,0.22044587687661044,0.48184878040214135,0.20276049924333997,4.498570938816262,4.2647452018142396,2.165302408111222,4.021617545544129,4.862470403817138,2.9170013197254154,2.2848418581474537,4.369971854825307,3.4346449072447753,2.479907650920026,0.1264806978482797,1.7725304787645246,1.7725304787645246,1.7725304787645246
87,10,3,3,0.5,0.25,0.0,0.75,0.25,0.5,0.0,0.25,0.0,0.7200000000000001,0.9,0.6,0.30000000000000004,1.0,0.5,0.7000000000000001,0.2,0.4,0.1,0.8,1.0,1.0,1.0,1.0,0.0,0.5,0.5,1.0,0.5,0.5,0.5,0.5,0.0,1.0,1.0,1.0,1.0,0.5,0.5,0.5,0.5,0.0,0.5,1.0,1.0,0.5,0.0,1.0,0.5,0.5,0.3399513199979729,0.43547953173635134,0.21118824645556825,0.3664279625558343,0.3775336100867754,0.20226219150198432,0.41259160742805323,0.26662888977171145,0.4082722029038228,0.2858563651977532,2.0990936146872743,3.95000006714991,3.887139836325675,4.7491617184322195,4.529358737746278,3.5234675126785495,3.5746638018179357,4.594970298018475,4.046747466809601,4.755272256396153,0.1250489693966304,1.8838691064085387,1.8838691064085387,1.8838691064085387
88,10,3,3,0.25,0.25,0.5,0.25,0.0,0.5,0.25,0.0,0.45,0.18000000000000002,1.0,0.8,0.9,0.6,0.30000000000000004,0.7000000000000001,0.4,0.1,0.5,0.2,0.5,1.0,1.0,0.0,0.5,0.0,0.5,0.5,0.5,0.5,0.5,1.0,1.0,1.0,1.0,0.5,0.5,0.5,0.5,0.0,0.5,0.5,0.5,0.5,0.0,0.5,1.0,0.5,0.5,0.0,0.4460437936996911,0.269963224733217,0.3798021948729453,0.47833881613914253,0.4130106187536491,0.24362318004255762,0.3884323269370331,0.2961305343584594,0.4185209825224129,0.2168257803880167,4.210576630509609,4.478262982585248,2.9924587443239368,2.0440578981545157,4.93061503264213,4.097591885712072,3.8738136492177087,4.378039545180576,2.8575659070621535,2.461812851871008,0.15400238162373373,1.3995482408025168,1.3995482408025168,1.3995482408025168
89,10,3,3,0.25,0.25,0.0,0.25,0.5,0.0,0.75,0.25,0.0,0.9,0.8,0.6,0.30000000000000004,0.5,0.7000000000000001,0.2,0.9,0.4,0.1,1.0,0.5,1.0,0.0,0.5,1.0,0.0,1.0,1.0,0.0,0.5,1.0,0.0,1.0,0.0,0.5,0.0,1.0,0.5,0.5,1.0,1.0,0.5,0.0,0.5,1.0,0.0,1.0,1.0,0.0,0.5,0.4890446490564709,0.22950520772475713,0.4264979728273342,0.23732118661614707,0.38599536955289127,0.41654219396579584,0.34225899593441333,0.3696669802751513,0.2211641394464948,0.2802846899898732,3.1392424830298316,4.830799141440158,3.263188312763085,2.350230008937614,4.0975980633796265,4.254914216793397,4.681552419424721,2.0784980544027034,3.1078920390848,2.912312530305302,0.1088067231652925,1.0249293274717162,1.0249293274717162,1.0249293274717162
90,10,3,3,0.25,0.5,0.25,0.5,0.5,0.25,0.0,0.25,0.45,0.18000000000000002,1.0,0.9,0.6,0.8,0.7000000000000001,0.4,0.1,0.30000000000000004,0.5,0.2,0.5,1.0,0.0,1.0,1.0,1.0,0.5,0.0,1.0,0.5,0.5,0.5,0.0,0.5,0.0,1.0,0.5,0.5,0.5,0.0,0.5,0.0,0.0,1.0,0.5,0.5,0.5,0.5,0.5,0.0,0.3684913900348203,0.23847984855780655,0.4034914206202816,0.48064671596488356,0.47217325214916744,0.23569186500805336,0.25213335763114353,0.41760828014435325,0.3871542785996225,0.36195547109248594,3.8265826740726663,3.422246637204708,3.590869874274542,3.5764532144540504,2.9820593232875297,2.3598207687829387,4.610030227539737,3.548980402154954,3.816109717101955,4.938013329796922,0.15105053521016293,1.4584892831375482,1.4584892831375482,1.4584892831375482
91,10,3,3,0.25,0.25,0.5,0.25,0.25,0.0,0.25,0.0,0.25,0.45,0.9,0.8,1.0,0.7000000000000001,0.6,0.2,0.4,0.1,0.30000000000000004,0.5,0.5,0.5,1.0,0.5,0.5,0.5,1.0,0.0,0.0,0.5,0.5,1.0,1.0,0.0,1.0,1.0,0.5,0.5,0.5,0.5,1.0,0.5,0.5,1.0,0.0,0.5,0.0,0.5,0.5,0.0,0.4276148066585883,0.44824102304656765,0.2945637488176455,0.20850058387072767,0.24986885574830092,0.21166394960102858,0.2071037927108005,0.41128995690135156,0.4228589245142842,0.33487876457239196,3.3438856780233177,3.58363838053243,2.690382320850764,2.455183057553116,2.874723519779842,4.245320222043753,4.169109484756431,2.859523146625171,2.7606770963453755,4.002969001685112,0.12659901205213112,1.4999794008412282,1.4999794008412282,1.4999794008412282
92,10,3,3,0.0,0.5,0.75,0.5,0.0,0.75,0.0,0.5,0.25,0.45,0.4,0.8,1.0,0.7000000000000001,0.2,0.9,0.1,0.6,0.30000000000000004,0.5,0.5,0.5,1.0,0.5,0.5,0.5,0.5,0.5,0.0,0.0,0.0,1.0,0.5,1.0,0.5,1.0,0.5,0.0,0.5,0.5,0.5,1.0,0.5,1.0,1.0,1.0,0.5,1.0,0.5,0.0,0.24623990570331894,0.4546618646386346,0.20120843445425907,0.4304845103200013,0.23791217035245782,0.3203225351180908,0.29449905278646316,0.4589342197783126,0.37552286143736124,0.363049130064518,2.4399315185860804,4.414197410887816,3.013833176385242,4.603239564939506,3.2051882177196913,4.657982406821908,3.4835665940322196,4.271443388947773,3.075319056404549,2.4977859208892035,0.14507281268334582,1.0868302075166487,1.0868302075166487,1.0868302075166487
93,10,3,3,0.25,0.5,0.25,0.25,0.5,0.25,0.0,0.7200000000000001,0.25,0.18000000000000002,0.9,1.0,0.6,0.5,0.7000000000000001,0.4,0.1,0.8,0.30000000000000004,0.2,0.5,1.0,0.0,0.5,0.5,0.0,0.0,0.5,0.5,0.5,1.0,1.0,0.5,1.0,1.0,1.0,0.0,1.0,0.5,0.5,0.5,1.0,0.5,0.5,1.0,0.5,0.0,1.0,0.0,0.5,0.2945236411690735,0.4020306823144195,0.31929787145731886,0.40303414151252376,0.40082291764365396,0.21798913480471183,0.4529330357256775,0.4523906445690749,0.20848645504026608,0.30905595313204814,4.74163289886026,3.562354977422821,4.5304596740613565,4.02572004731156,3.090488444796641,4.097786523867871,2.0474836725236756,3.4669292975364914,2.3346959984109485,3.5453940142902,0.18811629284135334,1.5046052067619957,1.5046052067619957,1.5046052067619957
94,10,3,3,0.25,0.25,0.5,0.25,0.0,0.25,0.0,0.5,0.25,0.45,0.9,0.8,1.0,0.7000000000000001,0.2,0.4,0.1,0.6,0.30000000000000004,0.5,1.0,1.0,1.0,1.0,0.0,0.5,0.0,0.5,0.5,0.5,0.0,0.5,1.0,0.5,0.5,0.5,0.5,1.0,0.0,0.5,0.5,0.5,1.0,0.5,0.0,0.5,0.0,1.0,0.5,0.5,0.37555097125150194,0.20159770485251716,0.2962567941559951,0.3892305987879031,0.32509368682041484,0.4221184911643575,0.44376544406227847,0.4156513016580493,0.3991669610587116,0.43249418025817293,3.666914043534657,4.447879449831791,2.4082618650078667,4.556196410519602,4.122351266563141,2.4092433352987026,4.319418601206811,4.905036281769586,2.2415510454625096,2.8774329386355735,0.14713033624930014,1.2700575602320696,1.2700575602320696,1.2700575602320696
95,10,3,3,0.25,0.75,0.25,0.5,0.75,0.25,0.0,0.5,0.25,0.18000000000000002,0.8,1.0,0.5,0.7000000000000001,0.9,0.4,0.1,0.6,0.30000000000000004,0.2,1.0,0.5,0.5,0.5,1.0,0.0,0.5,0.0,0.5,0.5,1.0,0.5,0.5,0.5,0.5,1.0,0.0,1.0,0.5,0.5,1.0,1.0,1.0,0.5,1.0,0.5,0.5,1.0,1.0,0.5,0.2540492338102527,0.40800035956372216,0.4131062318530978,0.3550667077513915,0.26529131678576495,0.20865460964126908,0.2617464823427199,0.3170827014138803,0.2728853132693958,0.45710493378815564,2.2209533623787006,3.740420218418608,2.0560270352970162,4.528973861810464,3.5528019726621722,3.3990253876549517,3.4109995883968924,3.11192463158785,3.441148114390724,2.51807238715605,0.10981868662843854,1.8601355664124837,1.8601355664124837,1.8601355664124837
96,10,3,3,0.25,0.5,0.5,0.25,0.5,0.25,0.0,0.5,0.25,0.18000000000000002,0.8,1.0,0.9,0.5,0.7000000000000001,0.4,0.1,0.6,0.30000000000000004,0.2,0.5,0.5,1.0,0.0,0.5,0.0,0.5,0.0,0.5,0.5,0.5,0.5,1.0,0.0,1.0,0.5,0.0,0.5,0.0,0.0,0.5,0.5,0.5,0.5,0.0,0.5,0.0,1.0,1.0,0.0,0.3590242435463923,0.22289744954552643,0.2115189752849067,0.475130879420461,0.29376693747184207,0.37781833146092336,0.4264686664025419,0.4207127960207327,0.4949453271931687,0.2733398528517867,2.184092114681489,4.738669953825412,2.727956077693908,3.128059033597933,2.2826802991605515,4.535870030205659,4.203337136592209,2.5212712310594663,4.00715837632979,2.413055234477477,0.1902451672191165,1.0480405245759115,1.0480405245759115,1.0480405245759115
97,10,3,3,0.25,0.25,0.25,0.5,0.0,0.75,0.25,0.0,0.25,0.0,0.9,0.7000000000000001,0.6,0.8,0.30000000000000004,1.0,0.5,0.2,0.4,0.1,0.5,0.0,0.0,1.0,0.5,0.5,0.0,0.0,0.5,0.5,0.5,1.0,0.5,0.5,0.0,0.5,0.0,0.0,0.0,0.0,0.5,1.0,1.0,0.5,0.5,0.5,0.0,0.5,0.5,0.0,0.4070778875712485,0.47756030140632605,0.42710717876243054,0.38476205020496146,0.2530319867385261,0.27922033294703863,0.3116631914902398,0.21040472933640075,0.35621616939536965,0.39383692914887336,2.0548449332529333,4.254241321788488,4.98481634794281,4.535101088304843,3.0933490595138746,2.4304427214435402,4.0316874855795,4.564389806405048,2.897746094721264,4.364145091298809,0.10999876173724926,1.4856641720443609,1.4856641720443609,1.4856641720443609
98,10,3,3,0.25,0.25,0.5,0.75,0.25,0.0,0.75,0.25,0.0,0.25,0.7000000000000001,0.6,0.8,1.0,0.5,0.2,0.9,0.4,0.1,0.30000000000000004,0.5,1.0,0.5,0.5,0.5,0.5,1.0,0.0,0.0,0.0,0.5,0.5,0.5,0.5,0.0,0.5,1.0,0.5,0.5,1.0,0.5,0.5,1.0,1.0,0.0,0.0,0.5,1.0,0.0,0.0,0.3493716793068543,0.26526891426205623,0.35253730032651964,0.4710135727606874,0.3681016008306527,0.3538384964901006,0.3914934331007406,0.22224067778427822,0.2605991877986454,0.40810475558288484,4.501926406858338,3.2827494183018575,4.5808172110512775,3.370501467501239,3.0658911084840126,2.687050555960947,3.6498619842426234,2.7633546207379824,2.1756466657123372,2.124486989258505,0.16073754661320563,1.8897039489013132,1.8897039489013132,1.8897039489013132
99,10,3,3,0.5,0.25,0.75,0.25,0.0,0.5,0.7200000000000001,0.25,0.45,0.18000000000000002,1.0,0.7000000000000001,0.9,0.4,0.1,0.6,0.8,0.30000000000000004,0.5,0.2,1.0,0.5,0.5,1.0,0.5,1.0,0.5,0.0,1.0,0.0,0.5,0.5,0.5,0.0,0.5,1.0,0.5,0.0,0.5,0.5,1.0,0.0,0.5,0.5,0.0,1.0,0.0,0.0,0.5,0.0,0.3520701994583907,0.4005767793842696,0.4559385668086729,0.34440724803596634,0.3417692909367684,0.29690753451777085,0.23274024032131724,0.2590135558302759,0.4888788890772244,0.20662893130966528,3.020509974402401,4.554411072557425,4.813301137505604,4.856042096863565,3.329270993387148,3.1235759058427357,3.465809727307727,4.927511923332415,4.82224921793806,3.9563784701962565,0.11968087888012979,1.659666467943401,1.659666467943401,1.659666467943401
