"Instance","N","K","L","Exp Profit","p_1","p_2","p_3","p_4","p_5","p_6","p_7","p_8","p_9","p_10","p_11","p_12","p_13","p_14","p_15","p_16","p_17","p_18","p_19","p_20","surplus"
1,20,3,3,0.476685400999172,0.827282931626268,0.99690519712512,1.09155661615734,1.15268340712094,1.26426628073215,1.03632425311149,0.853313722237989,0.967151152306752,1.1124025219128,0.749957277179219,1.07110869521278,1.00566028308162,1.49509276357651,0.83218428578391,0.974530767030348,0.760178025074329,0.687554847550695,0.842151798976381,0.747671165695017,0.941744561330212,1.32186392851121
2,20,3,3,0.46751931684322,0.83346264784967,1.10348934615896,0.713249513575374,0.861614907747136,1.19405161348128,1.090791648615,1.04455308885777,0.666080368873095,0.861964929310754,1.22734861767983,0.614786985500472,0.843267146244681,1.01186955244703,0.588435942637688,1.15991282136925,0.793135823547338,0.905159299322305,0.68291120543579,0.597428228123206,0.743236263295133,2.00824905241575
3,20,3,3,0.411513929547731,0.885033483278651,0.909111656504924,1.11107023295913,0.895229229933938,0.990012831793872,0.723152512160792,0.837130711723225,0.707399060982394,1.15306882336449,0.96936272207251,1.02078540415383,0.885729366329767,1.37854467802048,1.14594729421324,0.792634693196597,0.656281052405239,0.591320360800158,0.784540255418599,0.750385319303911,0.690704479000688,1.32744563155431
4,20,3,3,0.502807443668324,0.888466177857625,0.868600609913366,0.997450016871873,1.17424723869916,1.08409474760569,0.767693683419457,0.830256431868417,0.957265032264043,1.11513606103569,0.728891164153651,0.812844365712007,1.15951558067215,1.03264962332012,0.722672935158545,0.820753805000379,1.21664482331453,0.761321391098303,1.00282277463437,0.725579039022136,0.683135191137964,1.66590111544159
5,20,3,3,0.303305380839677,1.05490588571764,1.10279048746463,1.01185467890919,0.865625728848061,0.844206710852451,1.02684315275901,1.09966244963374,0.827082138634035,0.742467658622207,1.33176461296914,1.23287576634846,0.732546822469496,0.971291753452224,0.785514243419717,1.07460722459577,0.720038573238393,1.34828298783898,0.961245892774932,0.729499909402108,0.689530099574519,0.656693971191744
6,20,3,3,0.506134499428822,0.91018406326879,1.12484795386169,0.924096122572571,1.14200966551383,0.920117221913569,0.879354646703015,0.834261103866098,1.1680754559068,1.27817356198738,1.15221521734551,1.50279966246252,0.804606304449658,0.738977971726713,1.02599832006424,0.99639424162868,0.729556063218627,0.973582354195886,0.839310856212923,0.945194243891426,0.728506761940377,1.36381078308586
7,20,3,3,0.629030742182616,0.94999810046497,1.09808959381792,1.04549579138749,0.957586414921196,0.846914689207788,1.02667190665915,1.03909268115438,0.995308148978435,0.92903597337361,1.31401889886118,0.891382735284663,1.47258809112241,1.31542386957315,0.908962420107651,0.86571146276581,0.835618285227924,1.01379722459871,0.80237428340589,0.857016816875068,0.787311398012502,2.17119542052256
8,20,3,3,0.38188500279035,0.745032858936467,0.685266083263087,0.883052753891174,0.956158160402574,0.74212503433509,0.656720040524423,0.892973167590163,0.695757336214208,1.17990133410863,1.28219063158399,0.916876256708295,1.31510335648555,0.556708646940491,0.606391334683173,0.705508192738123,0.856034765045735,0.668517882063145,0.790189752014713,0.840439588140407,0.57486818517887,1.44294939590048
9,20,3,3,0.496056174009791,0.879824588645247,0.873483176175683,0.888834551811275,1.17996661329691,0.751943458543045,1.23528253082332,1.09679966965815,0.727708155181937,0.799397564432014,1.08800833419896,1.18416033139336,0.72005342464803,1.01114110044609,0.735972326709736,0.714595631340765,0.678219626911057,1.16508180974712,0.644918253942124,1.02792959948008,0.996224035873302,1.6777533846881
10,20,3,3,0.639175418749365,1.18398117397806,1.04803211879358,1.27726747708631,0.920493937001272,1.35037333332735,1.1187991294471,0.93124457835244,1.27157983340548,1.10549685372505,1.16514311595443,0.890492593759064,1.37746181423188,1.33746207122334,0.803790439082686,0.97476539184556,1.14028276176085,1.09867957522332,0.910920358728025,0.82663875734844,0.970431572445294,1.83897868130624
11,20,3,3,0.370912516306018,0.81044721891026,0.798914887383338,0.877242730110746,1.02117988644773,0.849779380304345,0.966063745123602,0.920846326730472,0.850127709272119,0.743797219591711,0.664321835911596,0.951947646952763,1.11821129257057,0.875219125711637,0.604331761615786,1.07943849996861,0.948586182082705,0.820084365279309,0.593674468781569,0.711506592321431,0.772562835470657,1.08572699907618
12,20,3,3,0.495618294223496,1.03245010952893,0.995603498674344,0.93648835403007,0.764768641332171,1.03007802163881,0.970210285852223,0.749262886849963,0.79684487953627,1.05498400881576,1.35179884570781,0.881543639549599,1.05224232583937,1.44837195199727,0.662545426913173,1.04768680075232,0.717179342865771,0.820405128597856,0.788377038114203,0.887491063273521,0.657529676442819,1.74887522714836
13,20,3,3,0.401309308210867,0.873889643605145,0.930774541232652,1.05707588410853,1.02912470275447,0.765406840408168,1.14609840280915,0.700867111116469,1.06161055455575,0.978161542458995,0.763357780652372,0.915005059593463,0.655647160132099,1.42282460426455,1.11063305656163,0.654198780311236,0.808555024704827,0.637559885613394,0.787621447364648,0.930104542029137,0.606829316910137,1.3080500239683
14,20,3,3,0.446103441889763,0.854728745307561,0.755649165491061,0.68014691183711,1.08062316573689,0.796038509554993,0.922007981652555,0.701645053549819,0.895636995136287,0.812263996640573,0.73308809434722,1.12465776660672,1.19484019971251,0.807948976079486,0.721676788590976,0.794935842242649,0.6997069658568,0.747345766248743,0.664084195471075,0.640967960173662,0.595408940543428,1.95116255966893
15,20,3,3,0.395710784391389,0.753097703618783,0.852555111327334,0.999342187429714,0.86084337389313,0.80429452288041,0.878766862119105,0.702890804927549,1.04059995914283,0.701761912507916,0.811975177441234,0.614166868413301,1.11929774152779,0.705742261469519,0.999643547411151,0.629237068664971,0.585047185150384,0.549160511132323,0.848796023243604,0.74470483882997,0.580974288990952,1.4956785109997
16,20,3,3,0.499644570403133,1.09146880338999,1.14856906404297,0.94884959124542,0.904025348783343,1.18667873991545,1.38132507257517,1.27046634252093,0.894312032747104,1.18057422671826,0.804708667679085,0.995243603959539,0.863238841512431,0.824767330867589,1.21438981170918,1.10422850220583,0.876172120314664,0.855060782610546,0.72779310207677,0.778480662355413,0.840313589376911,1.25098739777011
17,20,3,3,0.427744706395342,1.00571408768457,0.840180681948773,0.838412183848748,0.964803513613183,1.12628072671706,1.18113103094599,1.11655169527635,1.03609650306814,0.866085753323484,0.604602391904502,0.856560339430076,0.957077750648584,1.01959185996563,0.758106451720833,0.601188309936031,0.846787724037992,0.752666744647541,0.914194760399225,0.689502003520031,0.598900255621117,1.64540444176864
18,20,3,3,0.394822761200089,0.954627771541077,0.680434290436045,0.813762083364761,1.05346657149373,0.735927434407112,0.589310308646021,0.845570533400362,1.08534874073998,1.06972457985642,0.754320905882969,1.28365394175721,0.85738079295519,0.668299238212498,1.33968635964709,1.06901816002637,0.655335680969291,0.84699886304924,0.570296437708117,0.622456027813654,0.579847478156738,1.63866456612973
19,20,3,3,0.494911280303803,0.875390913074227,0.797433568047075,0.993456459140403,0.762525448838452,0.86020335576475,1.1617212658611,0.84386281050613,1.11453544079877,0.830149841561956,0.665093914265944,0.645321083259728,1.03937968045484,0.641130279763618,1.00153421562307,0.831378414916672,0.936821244347092,0.663243849404257,0.927819776185951,0.661280174619888,0.618400362577928,2.30097330723346
20,20,3,3,0.207811855399278,0.863172847493202,0.992995426112552,0.861896779340757,0.968311868056819,0.936436089591647,1.14100220704426,0.768343177523601,1.24560735685522,0.795552754236331,1.13260217378485,0.896340066136085,0.984769399000343,0.774700334606235,0.721086107621457,0.689137529738352,0.79958271527975,0.620220074357698,0.576762605025039,0.911792638217216,0.704190281772976,0.497741331636297
21,20,3,3,0.413365360456168,0.860331292905757,1.20563846859126,1.18208328568004,1.04637813675163,0.905877161582793,1.09713545609612,0.961135625989805,1.16359536314341,0.891800313931269,0.846271202207407,0.656967713294065,0.706826119681873,0.644391037235413,1.14430368529821,0.871043831828146,0.948653484029517,0.664785958490483,0.646735208681401,0.749718959359007,0.616133667992918,1.33999273607709
22,20,3,3,0.460916822907365,0.921194326057975,0.968845514387297,0.804547276544242,0.918621936152149,0.883320229924079,1.13927708209541,0.857376714736851,0.806634147816728,0.714108135311865,0.785828092372501,1.17888808132555,0.944703639923452,0.724145837730804,0.676946130240683,1.4079644778732,1.2004374686691,1.04558939108388,0.865623758222579,0.685498785070214,0.746473705114958,1.36029228623303
23,20,3,3,0.338125422366773,0.857955883190208,0.995798126985589,0.85532900081351,0.828356404597115,0.933164606490703,0.774974890616282,0.740911237795926,0.72020540194678,0.705814137219143,1.18466420491648,0.717421682565297,1.32688277482258,1.10090322158274,0.68777008390824,0.650821300096868,0.762654103401454,1.01883966358767,0.983214682730501,0.624157569958879,0.681462143567814,0.851191281090639
24,20,3,3,0.624960476299918,1.25606013937531,1.10019452075425,1.19019383462443,1.29046842089869,1.15583791019111,1.39957766045892,0.928054990117764,1.22411587243027,1.5079908416319,1.24489912916096,0.921188556417512,1.23215746940392,1.20685512341968,1.06808598086297,1.25894438367819,1.11863475407724,0.88250220852398,0.95492294506213,0.879903222424279,1.03643561681107,1.43610211659106
25,20,3,3,0.22531378726879,0.853939578220112,0.819159848115556,0.957085094644577,1.20608025221561,0.886872648261586,0.759806299883747,0.733727821485611,1.00433016670078,1.09986533198216,1.30665675398732,1.4254627522163,0.940219177683392,1.00866232767093,0.778792237797727,0.830375876990012,1.18076255455165,0.72164640258978,0.77031143867269,0.729324902812857,0.693202444266502,0.451628426988266
26,20,3,3,0.410544237144935,1.06313631243697,0.989168129930424,1.0591855836004,0.886370857724423,1.00728664860838,0.8103182652239,1.11877300321121,0.928738771210428,0.765710994286351,0.82587400320183,1.11423639130749,1.31421873094569,1.46479685598329,0.945303788591444,0.748906164772689,0.727415567251376,1.15531866105779,0.969034846941761,0.829999605885083,0.73019405120291,0.998603669340912
27,20,3,3,0.449363910870226,1.09194925828668,0.997915017043624,0.994204789795366,0.903448919756856,1.01769243010148,0.789794559664612,1.3431006460824,0.967760777778364,0.884661694232352,0.969998797303191,1.11365482053707,1.33433939197518,1.16017251324513,0.927087703411744,0.786976476514577,0.809125832056564,0.731333751587911,0.780070218728924,0.92651610603408,0.976267462907192,1.08125170158378
28,20,3,3,0.410018027363944,0.809569293146401,0.75564463584645,0.959691621132356,0.696136391993173,0.772474500157017,1.14917568776796,0.770771957440368,1.06928137921299,0.695667071136021,1.31984375175103,0.995677908735333,0.574975896608825,0.865027645511726,0.688645495975326,0.6130177433741,0.71633384196445,1.14369858950199,0.550727433510171,0.885992565312006,0.614559497940383,1.62942082962097
29,20,3,3,0.467678996150292,1.02927372109867,0.860926261676414,1.06336963893825,1.3087707584715,0.729263583335163,0.880302568679255,0.748595147900737,1.03671107600039,0.991081422049302,1.35405788632696,0.69825011013038,0.772499161328567,1.34375783529005,1.17870642035828,1.33133286708204,0.960370002712721,1.08708502013469,0.756854152545269,0.711332820670594,0.686033484906831,1.35614393950008
30,20,3,3,0.44932353577754,0.840006581389069,1.03542750580161,0.892890900814833,1.23626755359343,0.716846305444681,1.3281827925405,0.773855642374687,1.25088546847972,1.30938914822137,0.888270857375335,0.964175213602558,1.20918062896023,1.0700949054556,1.12631701754683,1.07099015791285,0.847974815848865,0.719431851651991,0.783124264800393,0.832076250378791,0.690463055151382,1.28994973576201
31,20,3,3,0.520935510024186,1.08900546085352,1.07655020904931,0.960061835002764,0.913682092492325,1.09586054309861,1.40989796738406,1.22122244688917,0.950622109257951,0.934939541205072,1.20363245235623,1.07182697569737,0.964896848393356,0.888503148995696,1.53310118603703,1.49107429330085,0.835271930673416,0.91225261136066,0.792983628257057,1.03416948083992,0.857174396305714,1.15658508521233
32,20,3,3,0.262734631429471,0.915678903659705,0.980148650212948,0.79943282751681,0.920116345241528,0.727364804734862,1.15455432116995,1.25921762171932,0.790540092328103,0.710876456195746,1.20683003192636,0.670777176433028,1.01070908930236,0.741332996911133,0.839031529049311,0.649827898278869,1.01262841205076,1.25805733953793,1.1392517351603,0.692405640170544,0.679755453888365,0.576059590905553
33,20,3,3,0.484895668785084,1.01262795740072,1.07805876282323,0.923639081946388,0.978233452013523,1.20258399256857,1.11015541653439,0.902205166758837,1.19203765493974,0.958258820261102,0.933294619372506,0.899765291323064,1.20807760933953,1.40242137050304,0.789677946831087,0.951135692866174,0.933420068485094,0.800726583776949,0.903824536550195,0.792288174130877,0.763503275952233,1.24855835081356
34,20,3,3,0.248181086983386,0.771659360996114,0.818192980586012,0.893825013805867,0.98754159385026,0.688892537192784,1.16856982746318,0.643001876749918,0.918045304193397,0.984065049251692,0.878790296681763,0.596392688816694,0.69203177599548,0.969970739528462,1.12085121058611,0.626766390004883,0.583817263528278,0.744549527910362,0.88953501008216,0.590775388013925,0.543738336589321,0.666757632618859
35,20,3,3,0.476632471852766,1.01272968034976,1.04403608937361,0.909836036456391,0.817163532501961,1.07487333271823,1.00795529995505,0.811815389734622,0.973247405758977,0.766158749633519,0.924108857070925,0.920699945320715,0.790205319021953,0.839694107031711,1.09909727096264,1.38693910851784,1.2495444035164,0.775969834074739,0.707977964467216,0.695112905397095,0.80126963293402,1.32155858166652
36,20,3,3,0.335252822387304,0.795570963875333,0.789514162493883,1.06953542922369,0.817709860987354,0.964324832491069,0.654114141890581,1.08241085206176,0.765033723997009,1.20712166605679,0.744673134354567,0.946443558806486,0.626370145973004,0.58535231213268,0.688123350809915,0.760565692973481,0.640319359470659,1.1626892458838,0.598412683083765,0.979762867910886,0.608270881308974,1.03484052865576
37,20,3,3,0.435525772815502,0.99773379336664,1.13734059840339,0.762838182443517,1.0358878529064,1.01265479164966,0.797932942636539,0.944675778602975,1.0361508616849,1.23035006854506,0.912613900720117,0.62737559375969,0.932522929497594,0.698388346704791,0.843934680963952,0.799070497489937,1.23677807544611,0.626364205232503,0.603436850085711,0.937695740670931,0.797193478834545,1.44426379959417
38,20,3,3,0.569497907118581,1.01535553601195,0.845469933909795,0.940667499202325,1.2345983643338,1.06769297688413,1.05301515743233,1.2196848533891,0.905766273137992,1.00957435138845,1.38929971407763,0.956056878966854,0.913320637877621,0.884358083552303,1.22401140020684,0.737483872900489,0.959076291130658,0.933316622895603,0.886611555125941,0.845713290172937,0.766558775303332,1.74502447650089
39,20,3,3,0.463696992720658,1.01062190086473,0.966206936454771,1.18003384581105,0.869520271124443,1.12477275866856,0.99326664556156,0.859450118112416,0.874182620173233,1.12551619254062,1.26708617664188,0.821847681810352,0.740343599338527,0.78978746194078,0.885159021765818,0.939049802528851,1.18443482243925,1.03534032746564,0.70546197614536,0.81633910399045,0.734319687964754,1.24959794327961
40,20,3,3,0.493412460690562,0.890567921230612,0.930465839529404,0.752289907511029,1.10935068636935,0.805162446850402,1.00296921295967,1.09981277829698,0.959698949328328,0.812865163270823,0.96212902878348,0.704866523437532,0.804765820507944,0.903507353742937,0.671361741823018,0.691614612007039,1.31256720097554,0.94106628174123,0.846509013458683,0.665139005823794,0.623202208951799,1.80967279665748
41,20,3,3,0.212147988658607,0.771130334970024,0.71422938283629,1.05701730155552,0.885441067385084,1.15196002401204,0.688086898665709,0.884330940274136,1.06471299569207,0.56476081021157,0.764220928826969,0.934672154947025,0.748553183138495,1.00363641792505,0.923298790294315,0.650827729963745,0.527002921276855,0.813168942869095,0.582644984057914,0.681723198375859,0.636275397097122,0.58335147239505
42,20,3,3,0.272593894084268,0.688199871080743,1.07705965321643,0.657632826049471,0.959964528320399,0.611133891195431,0.673630643306766,0.58091278732304,0.564100108809644,0.849624311240892,0.969211551839244,1.21214445572475,0.807573739522035,1.14968386645704,0.532832980864021,1.24339019274898,1.11249106901033,0.594241346387178,0.50948675427426,0.521125571797845,0.72536932299842,0.867469636492459
43,20,3,3,0.455340022196842,0.883196657174056,0.846661084044498,0.800693985885229,1.29409265637994,0.777896347946777,0.880878569288426,0.907739063486151,1.43951606639361,1.15561780323283,1.0724294473694,0.743522947501268,1.39275002995086,1.35889702692358,0.926877584022304,0.884377105961192,1.21898080568447,0.823982752053989,0.816033272448762,0.771142691433844,0.7264018606555,1.20571802992012
44,20,3,3,0.324934567616023,0.712191491558016,0.736699135337556,0.79821174138069,0.690899957390739,0.94842129524196,0.759792698383849,0.666554239885639,0.847765227241686,0.587972872059629,0.7360659340725,0.702635916042726,1.10084620465839,0.512119775123166,0.568450256919297,0.650093911834924,0.514522592580773,0.71187511859352,0.902099140841585,0.955602641995936,0.519261371032596,1.22546714414046
45,20,3,3,0.362802216779706,0.75664599112236,0.958012027498349,1.1374566165591,0.65718404621819,0.895342789801906,0.662424254049541,1.19220417980385,1.30578093340121,1.18181950775519,0.646705700089438,0.947991610798599,1.09102653578945,0.858091292804428,0.91985420184278,1.21498203725962,0.603987293451207,0.762136030096072,1.10773719612644,0.601164964715671,0.716671474373381,1.07775255602507
46,20,3,3,0.43510543655054,0.955942716897078,0.884136604168259,1.23234068720339,1.16453152174525,0.770108799233342,0.613135117432192,0.67604752301161,1.05675152742818,1.20154429837757,1.36748726043483,0.801196952277891,0.769156314755389,0.593423823453374,0.930509781463189,1.17411018335993,1.03936491002076,1.09474251424345,1.00062524616834,0.705930854775646,0.617016784503102,1.63861345152902
47,20,3,3,0.454085666632424,1.04083520788116,0.806060951779314,0.968429702137012,1.03668475861109,0.718186760551502,0.671509874222295,0.99485674734392,0.960263488576961,1.01547452416298,1.18097750339109,0.951282381060249,0.591227710156271,0.745982145072417,1.41692411094917,0.827623604389529,0.87604657574547,0.732852574891171,0.64336607583073,0.789422945445763,0.607855449672068,1.94327149455103
48,20,3,3,0.377845414062405,0.712012425071376,0.864143275648833,1.03188304930024,1.01767432742303,0.879796214750747,0.591815675513112,0.840125548622425,0.814054393090388,0.816671094060114,0.549295056131094,0.980514329037236,0.720773853847095,1.2494654489584,0.585593592021943,0.550415069464441,0.651246367416697,0.941689737831064,0.854515588131429,0.529997881422871,0.770163737680467,1.62926524581901
49,20,3,3,0.253179312257205,1.04852914346053,0.661976045780688,1.05437423075148,0.873603922676819,0.802049986598941,0.855690229952079,1.14708196036776,1.07471746847659,0.742577636117408,0.661530781236378,1.09272705441741,0.917016778668827,0.642602585261246,0.793590016680496,1.18619159567752,0.797609704406739,0.548207997663318,0.602728944520008,0.713401307448073,0.675106483298145,0.686032597401239
50,20,3,3,0.369947221332168,0.819797518517524,0.742458634160664,0.805342785247463,0.992313755344454,0.66274215020429,0.78112460917317,1.02654725273652,0.87369706931434,1.27270846488076,0.624975459413478,1.01106844272166,0.743677568693701,0.708668587076067,0.811489670387683,0.592390649399161,0.930317726435976,1.12002080646835,0.672888473278687,0.545590327850543,0.611627318338039,1.47282604710845
51,20,3,3,0.444473263051152,0.982790488156597,0.873586494376322,0.993478879373328,0.89995783610464,1.23445598180278,1.21277770201635,1.39103963410871,0.820048211359216,1.19269182103137,1.01884021715945,1.35999574390149,0.819720420043681,1.01884445057201,1.07695600628703,1.3857175748066,0.825363371718768,0.979820766378432,0.959611602663703,0.780908801140976,0.832208573327726,1.00775328528225
52,20,3,3,0.629259579772797,1.10822355057773,0.994216671750189,1.11512852431139,1.13241385108648,0.929964117369511,1.37181084373204,1.14320724257609,1.34739751119063,0.982256920956393,0.946308521281504,1.10104660876146,1.15689926057247,0.931727555131689,0.843641719661613,0.925396679184517,0.789466786992154,0.827277818828236,0.936500777779175,0.810851525918952,0.797784080852041,2.17402564992751
53,20,3,3,0.354236836072673,0.765127621704175,0.779305401367487,0.707121654887828,0.854483812807413,0.7261217851905,0.904971238552276,0.742936177447995,0.64880456560202,0.617537332968926,0.677068494706865,0.815095727873786,1.24454694762519,1.11101070935864,1.0220744735198,0.593790682623937,0.998561446094702,0.680788681000599,0.587736879161916,0.745010516548397,0.559165901153129,1.28349346515175
54,20,3,3,0.264241763569254,0.73932735516643,0.941371929044588,1.00593136526913,0.9737730364227,0.882346678688885,0.64761349394246,0.854204150421566,0.984680279571628,0.577867685395717,0.729515556102819,0.530868339041693,0.606959994280236,1.01770621408505,0.786245905440076,0.997136672852375,0.961359494246408,0.596704062066138,0.743681125956612,0.570673709874556,0.527024259528847,0.854346079222844
55,20,3,3,0.399285794704203,1.01652186019353,0.828627774353367,0.895890147619888,1.13796215639392,1.11517638281466,1.32047195022277,1.08433095938297,0.80180278467532,0.624522928071002,1.35555065577626,0.610948301313773,1.15837233943717,0.686647851706293,0.844535219992149,1.0397946645804,0.818795593752112,0.914506355055234,1.01472216526502,0.599933703276698,0.678314020470266,1.29453291495419
56,20,3,3,0.367091427852108,0.779107841294794,0.805510437312161,0.775526310793916,0.737528609291682,0.669770820080965,1.18323399954484,1.01033594061071,1.10222632121052,0.968158074341212,0.67879029615283,0.635164890071325,0.740628376449796,0.840496715065799,1.12483287005922,0.616145284733022,0.984484517485578,0.587160275562035,0.568959468075729,0.763422412306061,0.695222154380234,1.22398863645859
57,20,3,3,0.537815039528353,0.999531417525642,1.05584599169277,0.864222887669715,1.02956733243802,0.925834276181225,1.11667987201812,0.888328673461889,0.983204017338092,1.28527425441055,1.34168205873598,0.95004016521787,0.738852218390335,0.929020481206077,1.18237045080171,1.4764174935653,0.939114844955165,0.757570960144014,0.857574515738231,0.914802325823294,0.741286215648331,1.62307555489097
58,20,3,3,0.275784553807162,0.803176511255642,0.831097668124528,0.987895616525619,1.2076601857108,0.887395135895552,0.716017752017154,1.26582148217634,0.653573329628694,1.11174766541877,0.737272015138149,1.2681920799353,0.998505391874459,0.669069647425721,0.872312540026138,1.06615267281204,1.00286128406025,0.864348020598289,0.681084309357693,0.603070504470915,0.675372707308165,0.696004180836456
59,20,3,3,0.463287038431883,0.92740510870509,0.921412998476236,0.757945398786542,1.13403808011925,0.945541479603648,0.756501109804691,1.28332661102416,0.728020924794053,1.02118257217893,1.08745011220476,0.710327158855613,1.2314314697055,0.903245137653619,0.678272247033088,1.31088484492139,0.837604300944094,0.819359463715053,0.615689880124972,0.710672442465796,0.672349363448471,1.75618935128528
60,20,3,3,0.59756080683543,0.941429637600584,1.00222762090143,0.895053438856662,1.27943332951221,1.11243981206098,1.28201187951977,1.4281737155037,1.17658164973131,1.03176387207704,0.797326148004663,0.996573734940048,1.10457560367086,0.883046037929541,1.18351031669408,0.783501514327099,0.97651961511206,0.838763787461552,1.31927030706052,0.75358221159344,1.04946606456387,1.77163668759385
61,20,3,3,0.354674896648098,0.76275727866736,0.866587777401692,0.921125038456569,0.867904816621113,0.812517210915463,0.699236173479741,0.947704844280326,0.886900017667258,0.760666726600051,0.906479644456882,0.764327378647118,1.1666183917708,0.748728510336014,0.725133636562595,0.612065168310557,0.949915544550165,0.681362129821012,0.604025775959128,0.754500490548085,0.597364008458493,1.10623502263583
62,20,3,3,0.326155370115675,0.854577830489103,0.910212992534197,0.769578509975884,0.843603172893325,0.993462689839843,0.805033340642059,1.10534950139869,1.03550849234693,0.837240151167026,0.688681522409015,0.761822888670974,0.834908029385872,0.731878991531461,0.665271182422973,0.964688369010436,1.12355596546254,0.750629330633059,0.614428616344358,0.597649314120263,0.715029104401684,0.849105101124068
63,20,3,3,0.414766282371775,0.880467834056245,0.776974697395585,1.04550152190496,0.915586362826401,1.02006543647985,1.03115366063242,1.02475276438055,0.6955474683079,1.03027472223465,0.961934044015875,0.872862086879354,0.785997561589125,0.620148332841032,0.734038765603646,1.06862197874212,0.974329865229928,0.710316714585096,0.907670419741383,0.692240089988051,0.653992632433174,1.30070452391626
64,20,3,3,0.381807419264126,0.89321590758801,0.986235070486387,1.05813163224966,0.776368723201236,0.863967721742708,0.756799058895411,1.10282890109956,0.757571760390107,1.34608691685046,0.920094234446101,1.08551913022928,1.23874826358767,0.729022898007386,0.933810675008789,1.19596917182072,0.753429055944307,0.899278108815432,0.727418278519287,0.686123931753663,0.784729200344388,0.983269032380644
65,20,3,3,0.664830966384702,1.02506147807906,1.11899435423429,1.04607776954321,1.04508531941035,1.16214033663291,0.864462493894121,0.870728875327503,0.84170495707219,1.32554391776074,1.15745688560573,1.13406049912184,0.980074809341145,0.845544394838613,0.805376868481985,1.28389565217785,0.770720200941854,1.19756897154582,0.927211978541125,0.980495405467592,0.77381772257551,2.41606012258236
66,20,3,3,0.814545893882201,1.2164500417038,1.07745616418202,1.51137949652333,1.39679952462653,1.20914229965068,1.27422136801965,1.61946064880042,1.49593531919921,1.12856286238318,1.42973908101933,1.10528560235428,1.16507837171456,1.03133928936318,1.32566303718465,1.09970398635199,1.02475362923494,0.990080653316535,1.5381684609755,1.03799454316153,1.01395072481794,2.08631148477918
67,20,3,3,0.378685972965967,1.06237006717434,1.05459834289575,0.913426653107701,1.09453304159213,1.37363319265631,0.858275861723438,0.966010566312378,1.40066496824984,0.922008260978237,0.835641833933268,0.886791817877596,1.22301936155619,0.965006887870965,1.1148260211044,1.31180620595268,1.53329550146868,0.803424838741836,0.76454171489949,0.910209217538295,0.875488447353249,0.731364046735164
68,20,3,3,0.473753162450034,0.920825040065827,0.783080561412141,0.857767037960565,0.94531199273896,1.08432522607362,0.797409153496879,1.19454770415081,0.899044358780721,0.787945287252111,0.846546290260113,0.871135971979122,0.794156124631997,0.848456024318852,0.718190217994426,0.773879704159104,0.639443740500486,1.18583975725897,0.623313064822781,0.58632623875598,0.740242692198662,1.97594233835364
69,20,3,3,0.569169170479823,0.940022056702034,0.910294411096366,1.09692274736573,1.24103516376522,0.962594143357257,0.937076283866627,1.03415656685175,1.37107975227741,0.840042363974232,1.26984097586583,0.928407478203966,1.23105738930997,0.855316773117188,0.767175057674059,0.839422407616748,1.05811307615373,1.15691397216043,0.826837952845078,0.741347805061761,0.793769045296069,1.7423001333917
70,20,3,3,0.353311899112492,0.739630709857282,0.823655331039933,0.769022292010819,1.10272530725227,0.929870932937896,0.993447990164804,1.19262632016873,1.1076600009784,0.84947575985675,0.611475670058029,0.74592297940811,0.843476742677763,0.809308301369642,0.907765621457915,0.583363358151904,1.27395284662821,0.754603658231334,0.661457233749048,0.563954458811722,0.635510861333497,1.1377044047653
71,20,3,3,0.454531594882925,0.871184609970296,0.807029398853159,1.03971818548136,0.862851465051654,0.691327738325446,0.648003625213408,0.892665048970146,1.24086925160925,1.16935028506914,0.934465094506538,1.04442418274924,0.862606124608482,0.606420884383674,0.660543746225019,0.808285701641351,1.16084195309354,0.78798625058003,0.605842543464148,0.7648156269242,0.606061257604619,1.94916291314693
72,20,3,3,0.379831578696378,1.06540835425192,0.842801904286633,1.0065301895,0.771964513511034,1.25715322731546,0.737331221532094,0.934862047422822,0.793066049423153,0.704920643886036,1.04038094376675,0.911190675271201,1.03365402985656,1.17974195249217,1.38516740284734,1.29922476862851,0.767069123677391,0.735336681334384,0.651741322444273,0.811293534003375,0.722766326866277,1.00253685036868
73,20,3,3,0.419007753854806,1.02584980258837,0.937023615248575,0.992392482961102,0.775257098537664,0.757588812312425,0.919384062718861,1.26025602941614,0.931067069641277,1.37040071587748,0.805297109689701,1.09056201608965,0.788497701111019,0.702280515053817,1.19503408787627,1.36740553045136,0.7383765438612,0.839590981243539,0.987976304473229,0.708659719211582,0.687175513519249,1.16122612604323
74,20,3,3,0.348073367465246,1.14286184012924,1.02673692865445,1.28274927357214,1.13539749877184,0.996945529905048,1.31793817165748,1.36035796082036,1.06276338598945,1.23793345327594,0.912326963641016,0.885845211846842,1.04563403600077,1.24408156807662,1.15232981209706,1.49271224081158,1.15232199649906,0.83856834968811,1.0909836840892,0.959307156418994,0.924847996547632,0.571091878411578
75,20,3,3,0.393610388737384,0.86275940988115,0.823118939529229,0.84920056034828,0.99669375333433,1.10860869666495,0.805434735033943,0.769453822213669,0.761771829559544,0.798868765007071,0.904329102199059,1.0468282342265,1.3378151457601,0.832148622772419,0.644020138177011,0.704824359532608,0.614129004364158,0.771683259766748,0.8500556297668,0.663562089883118,0.62449846012418,1.25756787647356
76,20,3,3,0.539063960003151,1.03762630903619,0.995022772893208,0.92053849208443,0.89425614233936,1.33018172752204,0.998811342743295,0.892111228772519,0.993056456882462,0.834317006499002,0.970770247100564,1.21223344322478,0.839035465179997,0.933877807753157,1.33774453605454,1.40955417671597,0.804385058922767,0.856489460934807,0.81128144665768,0.747593204079138,0.80214475640771,1.42397551860743
77,20,3,3,0.480397635946474,0.870708259840688,1.05471987784791,0.956836210464372,1.15502064285512,0.875947014956099,0.83008272412815,0.982229972181234,0.828647475931628,0.740259435089644,0.717071818901709,0.837039793723545,1.23901536622367,0.713196506443749,0.705208761083356,1.18079180206003,0.768765483421752,0.707007467735628,0.899438325909219,0.686973517932917,0.661987550577853,1.61275704756114
78,20,3,3,0.404620416505869,0.773588317508732,0.711248216499334,0.850254352335731,0.760564661801515,0.855504278768861,0.772276204684172,0.636559526907624,1.20535007104548,0.828092425334244,0.596079843254815,0.884708433855321,0.66227504643728,1.2408515113773,0.586296395244365,0.729638247169109,0.609081602485039,0.572213206619306,0.95196307596379,0.534192111894224,0.633702145905126,1.85124964149436
79,20,3,3,0.584433877326614,0.935517329179008,0.886046964609594,0.860564288198791,1.22040228208076,0.813998998579922,0.811714859638002,0.961319336719315,0.791699333716066,1.2810269073137,1.06395674881487,1.21196883897009,0.733216400082582,0.693679352850413,1.2185966916039,1.33258602316135,0.864769048645798,0.679847200340924,1.07136620308174,0.858421262644291,0.695640200420273,2.44389446523406
80,20,3,3,0.520500127050689,0.892143627439126,1.01033038747362,1.00440821483852,0.771059316254811,1.0604174719547,0.920967643698805,1.01184566597705,0.717415333234145,1.20381287879903,0.71575840233538,0.969616461315635,1.21995939519469,0.983905030032737,0.70531396193391,1.29345813070544,0.931388831347585,0.996419142628501,0.728451946679765,0.691746030132396,0.834423126230462,1.82956311076676
81,20,3,3,0.418137393493338,0.963335722892983,0.898214685358186,1.07857259094768,1.18058148797614,0.874830549115922,1.40220736050634,1.17295629589486,1.37833754461499,0.879189953969583,1.02811774452228,1.18153246914362,0.764717206924615,1.09654441817853,0.724392620314247,0.701409784209949,0.89132312020553,1.46995356765734,0.889099232857096,0.997803399844958,0.716349867924234,1.00387001179814
82,20,3,3,0.469016640313188,0.99496421248496,0.854750973248899,1.12535754454706,0.80506764173509,0.786237319779393,1.16018689133828,0.911226437119795,0.634176391036773,1.02279421385009,0.762593171067804,1.19449846561987,0.910746377450586,0.863907501002198,0.817754140200931,0.647779804317953,1.2664005195303,0.698183968516878,0.637882343268382,0.647601970554627,0.618468056195398,2.02912366059437
83,20,3,3,0.409722247098112,0.714583710863734,0.853900294734352,0.718213878163216,0.977386517941316,0.853281081327176,0.714417042589179,1.18934258593824,0.903215811066373,0.963893778784781,0.658273299734085,0.634466952997981,1.34710845907532,0.91676968819978,0.588460320653604,0.541297583387492,0.780350635962233,0.970036229310378,0.846819693398864,0.548406439519774,0.69896786336927,1.71171703710288
84,20,3,3,0.539391391336348,0.953630254983601,0.818550269004024,0.966861076906979,1.04723813467174,1.19545600500777,1.26647129247963,1.22916704288281,1.37982377579902,1.05870983145704,1.05923723410626,1.01150338548158,0.72143849377635,1.00653664311421,0.817473616678152,0.776600699527067,0.895058209879352,0.990573665706385,0.945949873457651,0.686919894603601,0.743453339416116,1.69968917132096
85,20,3,3,0.454509809730292,0.841567600214468,0.965989858921084,0.842420778565439,0.912813291280971,0.868848476723847,0.902990320197546,0.915574893180665,1.08529868730823,1.0958081893546,0.967814169448548,0.908259594864928,0.866019849886866,0.823643112410392,1.01352232982298,0.7968743096623,0.762139615775458,0.684211951190269,0.928861776128019,0.760215410348029,0.676678775363053,1.41682099170423
86,20,3,3,0.498372140529494,0.914245078747357,1.12097502392252,1.16966401183539,0.804264765928077,0.947970624905287,1.07819143298977,0.848051214706492,1.00526854006914,0.911233791054132,0.830623155196072,1.07571404880627,0.749645280967562,1.26679495539344,0.747458915196857,0.987449299520415,0.808884239263572,0.933998617386353,0.708477190513425,0.674118615930447,0.781459752752092,1.62875342726047
87,20,3,3,0.430783816115835,0.925801715345276,1.11818024341647,0.79681003725164,0.989314776808787,1.13738597321038,1.3306284555064,1.30083586349544,0.792057758229823,0.748058717854821,0.666196822735947,1.1212835540565,1.21672337052996,1.04573431067677,0.762201411309328,0.633874906639563,1.10783616035804,0.703099150089145,1.00200301835814,0.907530709317551,0.659660301334322,1.35763195057988
88,20,3,3,0.48324537691543,0.767537063035414,1.01604897548095,0.740412290218548,1.18179696610643,0.910053446914505,1.14174440884524,0.702661065368319,0.814813367666666,0.946635842678991,0.723085625616571,0.666916241130161,1.19527050317569,0.682825893903388,0.781861349755362,1.30822798431708,1.13116106776177,0.678187751001338,0.643358727838266,0.97893340067072,0.602214004154478,1.9873231634464
89,20,3,3,0.574275272112014,0.83464797916221,1.04496928730575,0.940225337929332,0.898912551830465,1.25632351060561,1.18136941890315,1.37245036595549,1.17094715115101,0.913958723192772,0.875769639143267,0.904484123342498,0.765039530653499,1.24523806192995,1.48743594420702,0.874004401261195,0.717348159478343,0.769487910671211,1.13155101953984,0.707078630452993,0.903586921282665,2.04109851091991
90,20,3,3,0.457835977926212,0.904479094008435,0.836520086178104,0.798865831076112,1.03466050477958,0.7781967862817,1.28360900538043,1.04686967170829,0.920497039122471,0.807037660231048,1.11106440015301,1.40053929638468,0.767348824044372,1.02124875242407,0.929055216410181,1.26246317541963,0.99324487177022,0.763307047092896,0.868268736658618,0.742262017874035,0.698238537085352,1.29727218026761
91,20,3,3,0.46622574738802,0.866770146584156,0.915264889398937,0.970071425369754,1.16232091142004,0.775589894408557,0.797061571327343,0.75998397289079,0.715810529427618,1.19887793831388,0.923978562822406,1.11984893734927,0.711608171705301,0.773741821943701,1.49358789795555,1.19788704534174,1.15295575347226,1.10781564283802,0.786330860991334,0.74268947018092,0.706713633553277,1.34723084828298
92,20,3,3,0.460475617023344,0.809965906181375,0.743000500558196,0.846417990279505,0.752393590288731,1.10038361504354,1.22208053811597,0.95512238419439,0.912981162198501,1.07102023567823,0.775770921044917,0.771359486531454,0.867106937656535,0.650059929209815,0.61477347610409,0.727885032214699,1.34645186557598,0.792754786593164,1.03305034025945,0.63287710992692,0.619221842551674,1.91550546081325
93,20,3,3,0.376033269308492,1.02503328143999,0.876157908220569,0.752418545371527,1.00071422538742,0.733293645767479,0.983994822865773,1.10965852981023,0.696629460038736,1.37135279995392,0.864139526092971,0.845354776035631,0.762633199007815,1.10182427774082,1.35801328139795,1.08333669754187,0.755154316167193,0.723220032773195,0.730354876335859,0.64090761206173,0.713148034298288,1.01430199802208
94,20,3,3,0.336495597743624,0.869515962301935,0.791543563722265,0.859205330002096,0.848007756301546,0.736430274090079,0.856058862368977,0.755751777958769,1.0296343190116,0.968427437368136,0.826445598398389,0.689505946486086,0.755305237443433,0.588619615391063,0.972617143133773,0.878396695639899,0.614623823962899,0.533528665590086,0.772878718899052,0.728087002523679,0.624853433779659,1.11776818333191
95,20,3,3,0.446898821314912,0.959268210078781,0.869917300645787,1.10609477872757,1.12906944848838,1.08236884312773,0.867180983557831,0.962722342093669,0.825399210982723,0.922833858882851,0.885437080667765,1.19155306702183,0.709661967745221,1.20164097676799,0.775821218387483,1.10756552818309,0.849364687632869,0.732220272446621,0.934319167544689,0.72012396778278,0.67283591692032,1.27584320660755
96,20,3,3,0.356049479337016,0.99840695119959,0.855752939151209,1.25910746974698,1.12755409663957,1.33144938156772,0.812200504964767,1.00204824548987,1.43524529702691,1.15384009652827,0.760983455882186,1.29737919409835,1.01594364675134,1.15586038112948,0.877670909141597,0.761564072539499,1.05475958702514,0.726397363818477,0.821777932940712,0.982846326609283,0.723162617024715,0.812668176388766
97,20,3,3,0.416676944461735,0.981544094352822,0.942848155557346,0.869891826363047,0.777915308306633,1.16753577392487,1.00176122127011,1.07794104154766,1.07964584717771,0.748343382850596,0.900309998405059,0.658920820560769,0.781541902765687,1.45177629728127,1.11338383640597,0.690544192625862,0.649012796213721,0.946063560447397,0.618759680571271,0.998035215462443,0.831098756458442,1.22496531072197
98,20,3,3,0.475039472003099,0.794106965385079,1.25508543128631,1.1364719411342,0.949002469735621,0.850348210784887,0.818988883315231,0.747916657645824,1.17467683130345,0.842943280219306,1.03827673443372,0.760713167059815,0.629111206804526,1.34514926152581,1.18708410791941,1.42537448871085,1.26439741450573,0.616055600512076,0.808495446809068,0.686612833766718,0.78998604224958,1.70944374789906
99,20,3,3,0.319558154412401,0.742043163617214,1.01291381112182,0.741959267766102,0.80447539483819,0.903800641029848,0.995706762369125,1.19226222142228,1.25293829758735,0.746164745136207,1.35529978351635,0.692227935525099,1.27474788910805,0.824117356026955,0.595742949818616,1.22379081045358,0.75837177893222,0.716787178053418,0.958228367000116,0.627107975371841,0.723363784554186,0.869919744422008
100,20,3,3,0.624704612339437,0.991078660112654,1.07448159164957,1.09219099655047,1.31568362743625,1.16643112151026,1.02715031139449,1.15267736562393,1.48511135852129,1.13907712628056,0.90463360092857,1.03414942240684,0.902837130203945,1.1401561944505,0.873666528619618,1.03263172018831,1.55583853087413,0.8060740061787,0.909744985341839,1.19827117642585,0.884525021043966,1.66762168833649
