Instance,N,K,L,c.P1,c.P2,c.P3,c.P4,c.P5,c.P6,c.P7,c.P8,c.P9,c.P10,p.P1,p.P2,p.P3,p.P4,p.P5,p.P6,p.P7,p.P8,p.P9,p.P10,theta1.P1,theta1.P2,theta1.P3,theta1.P4,theta1.P5,theta1.P6,theta1.P7,theta1.P8,theta1.P9,theta1.P10,theta2.P1,theta2.P2,theta2.P3,theta2.P4,theta2.P5,theta2.P6,theta2.P7,theta2.P8,theta2.P9,theta2.P10,theta3.P1,theta3.P2,theta3.P3,theta3.P4,theta3.P5,theta3.P6,theta3.P7,theta3.P8,theta3.P9,theta3.P10,a.P1,a.P2,a.P3,a.P4,a.P5,a.P6,a.P7,a.P8,a.P9,a.P10,b.1,b.2,b.3,b.4,b.5,b.6,b.7,b.8,b.9,b.10,gamma0,gamma1,gamma2,gamma3,eta0,eta1,eta2,eta3
0,10,3,3,0.22356212590360258,0.5946887624944919,0.24885374608386157,0.6999025544841538,0.22816763273938256,0.13873100644450118,0.6622753760726414,0.11660099456879697,0.5192088513972488,0.06514772450569366,0.7000000000000001,1.0,0.5,0.9,0.4,0.30000000000000004,0.8,0.2,0.6,0.1,1.0,1.0,0.5,0.5,1.0,0.0,0.0,0.0,0.5,0.0,0.5,0.5,0.5,1.0,0.0,0.5,0.0,0.5,0.5,0.5,0.5,0.5,0.5,1.0,0.5,0.5,0.0,0.5,1.0,0.0,0.2651647431387714,0.3832774879433001,0.2661817733216614,0.3797910192884997,0.3840909968599997,0.39057856227597054,0.4859866286243576,0.3553677240059898,0.28768327068903743,0.24416305678287803,4.923990369664119,2.3330100687265594,4.203487745291149,2.004709727276593,2.396279036479574,4.119794935411752,4.952940525198452,2.343756377800472,2.112625162879463,2.9239365900228327,1.232150296030222,1.232150296030222,1.232150296030222,1.232150296030222,1,1,1,1
1,10,3,3,0.2642996748787453,0.5183441353885586,0.21850479723014055,0.4321942810833355,0.7930325982180128,0.39894923791189774,0.3020895995185132,0.20854313481960335,0.11064926213056137,0.07867044375488827,0.9,0.8,0.5,0.7000000000000001,1.0,0.6,0.4,0.30000000000000004,0.2,0.1,0.5,0.5,0.5,0.0,0.5,1.0,0.0,0.5,0.0,0.0,0.5,0.0,0.5,0.5,0.5,1.0,0.5,0.0,0.0,0.0,0.5,0.5,0.5,1.0,0.5,0.0,1.0,0.5,0.0,0.5,0.2126741957215435,0.4895892706323623,0.39235871035909453,0.30539600568334074,0.45065973433665696,0.29331970739521823,0.2943469229712117,0.45171989720377637,0.3095282152334515,0.4367324516599818,2.917249759688471,3.9928330534628254,2.691199188878805,4.1986766060965985,2.174347086499054,2.2573002534476334,3.5956959647901954,3.674426757961357,3.4759175675873535,4.524695495105348,1.7211981492366897,1.7211981492366897,1.7211981492366897,1.7211981492366897,1,1,1,1
2,10,3,3,0.44094683764926845,0.5901889996961253,0.20821473683383868,0.8022308530479767,0.25912040055264524,0.16415752316258447,0.6056257996777368,0.514993193956386,0.04645512420135335,0.15568476587917113,0.8,0.9,0.5,1.0,0.4,0.30000000000000004,0.7000000000000001,0.6,0.1,0.2,1.0,0.5,0.0,1.0,0.5,0.0,1.0,0.5,0.5,0.0,0.0,1.0,1.0,0.5,0.5,0.0,0.5,1.0,0.5,0.0,1.0,1.0,1.0,1.0,0.5,0.5,0.5,0.5,1.0,0.0,0.2500125638612558,0.2743021154932252,0.3429161747911018,0.4727416356255455,0.4113292652844931,0.3361704341326219,0.3828694097690867,0.4355739156342929,0.27656565378229825,0.4222838196849058,4.167796181131608,2.575168245119499,2.393254802827924,3.927313294403616,4.822332157810605,3.0984536846109325,3.422145518385424,4.408939378944789,2.829656551513901,4.7302339947712815,1.5867489213919894,1.5867489213919894,1.5867489213919894,1.5867489213919894,1,1,1,1
3,10,3,3,0.3149843780330054,0.5992216600905016,0.3680476075626806,0.11386375495269685,0.4210676780884995,0.13391995443997318,0.35975680787711767,0.6795732276603951,0.09379311905438904,0.033754846334800775,0.9,1.0,0.7000000000000001,0.4,0.6,0.30000000000000004,0.5,0.8,0.2,0.1,1.0,0.5,0.5,1.0,0.5,0.5,0.5,0.5,0.0,0.5,0.5,0.5,0.5,0.5,1.0,1.0,0.5,0.5,0.0,0.0,1.0,1.0,0.5,0.5,1.0,0.5,0.5,0.5,0.5,0.0,0.4139397983293031,0.3042244537156377,0.31324895713691614,0.2892972035799637,0.47811883918865905,0.23961568584483045,0.28703247661033054,0.48444947416649203,0.3266395581568918,0.21789800166662213,3.670576807676878,2.428208175732369,2.5632837609012653,3.179828468432156,4.535584307542392,3.927532874827834,3.4590955328964084,4.564272350640385,3.236003303397048,3.756639828067451,1.331249881241317,1.331249881241317,1.331249881241317,1.331249881241317,1,1,1,1
4,10,3,3,0.26178388395138363,0.10397676236029668,0.5982066618220706,0.29908192286870217,0.10777081189577309,0.8084160944762785,0.4697238357759946,0.7890610735441753,0.10766333035262021,0.08588693043135243,0.7000000000000001,0.4,0.8,0.5,0.30000000000000004,1.0,0.6,0.9,0.2,0.1,1.0,0.5,0.5,0.5,0.5,1.0,1.0,1.0,0.0,0.0,1.0,0.0,0.5,0.0,0.5,1.0,1.0,1.0,0.0,0.5,0.5,0.0,0.5,0.0,0.0,0.5,0.0,0.5,0.5,0.5,0.434141667983854,0.25769275471071706,0.4931891942806074,0.4884196352377173,0.3033530180026517,0.2038923948213932,0.3381256808443822,0.3738286821195042,0.21776608954544305,0.36031900281735707,3.4375711453747493,2.347494646991211,3.774523287056334,2.8848663721630428,4.269198746193252,3.943849689497243,3.1087183004064753,4.467857818645329,2.69306252150545,4.660052190646036,1.0672405921263213,1.0672405921263213,1.0672405921263213,1.0672405921263213,1,1,1,1
5,10,3,3,0.4055569702084319,0.5094579498029046,0.6168293630776357,0.45501831722126257,0.34513598338003193,0.24709442855937463,0.5389979366915484,0.24833559118540377,0.16096180766458792,0.06632503751631214,0.8,0.9,1.0,0.7000000000000001,0.5,0.4,0.6,0.30000000000000004,0.2,0.1,0.5,1.0,1.0,1.0,0.5,1.0,1.0,0.5,0.0,0.5,0.5,0.5,1.0,1.0,0.5,0.5,1.0,0.5,0.5,0.0,0.5,0.5,1.0,1.0,0.5,0.5,1.0,0.0,0.5,0.0,0.36221579167343376,0.38892035534555164,0.41096193698914896,0.40918891444532457,0.24776710247315847,0.24452419432179792,0.2835396750490787,0.49016045790756013,0.45505140236082164,0.2595827677097314,4.051172610407388,2.5283407563344125,3.5722096386132347,2.2231791114804644,2.1423393755458098,4.766962864407381,3.5451029834382206,3.0415653387575974,4.122454076703422,3.3906761801733105,1.0073830047216719,1.0073830047216719,1.0073830047216719,1.0073830047216719,1,1,1,1
6,10,3,3,0.3573666507772132,0.2558588487480638,0.07766903419819526,0.7832048545484885,0.6214389698003033,0.2289926931798462,0.3813627228397093,0.5933449578374931,0.11853839030741607,0.07669648196828079,0.9,0.6,0.30000000000000004,1.0,0.8,0.4,0.5,0.7000000000000001,0.2,0.1,0.5,0.5,0.5,1.0,1.0,0.5,0.0,0.5,0.5,0.5,0.5,0.0,0.0,0.5,1.0,0.0,0.0,0.5,0.5,0.0,1.0,1.0,1.0,1.0,1.0,0.5,0.5,1.0,0.5,0.0,0.3642880645823637,0.4077634673353415,0.2837901123513541,0.32134521264448035,0.4910264510388534,0.40314376881063535,0.27822143882312356,0.36938174849873456,0.34803570822853946,0.3468356315992979,3.3302651627599724,4.282583483060238,4.961247762953434,3.446835804320843,4.990598980915177,2.524723230258422,2.472665083971477,4.667744365932539,4.915935383807331,4.407259626749552,1.6783429847572489,1.6783429847572489,1.6783429847572489,1.6783429847572489,1,1,1,1
7,10,3,3,0.34458631465662215,0.1651780822958584,0.432754463640382,0.17580514365522656,0.4815481476012421,0.792671886825732,0.12357973314652293,0.08204646385640921,0.4087658178461865,0.045279425414179036,0.9,0.6,0.8,0.4,0.7000000000000001,1.0,0.30000000000000004,0.2,0.5,0.1,1.0,0.5,0.5,0.0,0.5,1.0,0.0,0.0,0.5,0.0,0.5,1.0,0.0,1.0,1.0,0.5,0.5,0.0,0.5,0.0,1.0,1.0,0.5,0.0,1.0,0.5,0.5,0.0,0.5,0.0,0.25495564972471896,0.301927174471199,0.48178159317441954,0.21154546043070527,0.46526702485366306,0.29846742486300787,0.35827380758696303,0.47629313129974254,0.3792530863686857,0.3122322451145678,3.673660461123755,3.544508276034912,4.4257944791885295,4.344659027266813,2.407854283354555,2.8757332562997906,3.8596685876435526,4.252432236258098,4.694050665441328,4.712503194347626,1.427050087723953,1.427050087723953,1.427050087723953,1.427050087723953,1,1,1,1
8,10,3,3,0.27991464353497353,0.5740274977449911,0.19285425032552306,0.42739592840233653,0.1591311732312397,0.6618297803861912,0.320369711452842,0.12855450492426085,0.15889924298679522,0.0604871041160697,0.8,1.0,0.6,0.7000000000000001,0.4,0.9,0.5,0.30000000000000004,0.2,0.1,1.0,1.0,0.0,0.5,0.5,1.0,0.5,0.0,0.5,0.0,1.0,0.5,1.0,0.5,0.5,1.0,0.5,0.0,0.0,0.5,1.0,1.0,0.5,0.0,1.0,1.0,1.0,0.0,0.0,0.5,0.3031302481207056,0.44133635391297826,0.4909296146337186,0.24241991802774895,0.2881812328869053,0.24854599646676775,0.3827484615250879,0.4203335041163323,0.21434634127050875,0.46761630951705374,3.651097518885963,4.466826888801432,2.4494619375147852,4.081239789888533,3.066155694050435,2.977704166564807,3.95228084531104,4.289695468859536,3.2212613390373046,4.609529123854616,1.6457684351611739,1.6457684351611739,1.6457684351611739,1.6457684351611739,1,1,1,1
9,10,3,3,0.3650130300151305,0.42013149559779,0.4599874969606617,0.29923611305609504,0.09508705109702642,0.2953701024518689,0.6226320416978536,0.132098529743059,0.43679031990458894,0.07188530024405525,1.0,0.9,0.8,0.6,0.30000000000000004,0.4,0.7000000000000001,0.2,0.5,0.1,0.5,0.5,0.5,1.0,0.5,0.0,0.5,0.0,0.0,0.5,0.5,1.0,0.0,0.5,0.5,0.0,1.0,1.0,1.0,0.5,1.0,0.5,1.0,1.0,0.0,0.5,0.5,0.0,0.5,1.0,0.20130986229397518,0.47529926824315244,0.48181620825992477,0.32836096418114175,0.24552591473985366,0.27636774269509556,0.21578077223118747,0.22380548967167607,0.3655040169145074,0.35871030544810045,2.5977644036295544,4.513246034545189,4.079236536332326,3.2782057077031994,2.636975550646808,4.989071123776401,3.4537754475314393,2.1649997345168464,4.202922275500627,4.2981010828535515,1.2057466151726044,1.2057466151726044,1.2057466151726044,1.2057466151726044,1,1,1,1
10,10,3,3,0.3919377469563139,0.3439877963413053,0.44644472671487995,0.18948332120222783,0.30418747426149056,0.48744668557237997,0.053929537679220596,0.3404158747149807,0.2648313733100788,0.07988115712843848,1.0,0.8,0.9,0.5,0.6,0.7000000000000001,0.2,0.4,0.30000000000000004,0.1,0.5,0.5,0.5,0.5,0.5,0.0,0.0,0.5,0.0,0.0,0.5,1.0,1.0,0.5,0.5,0.5,0.5,1.0,0.0,0.5,1.0,1.0,1.0,0.5,0.5,1.0,1.0,0.5,0.5,0.0,0.46912278028703003,0.4436216748606961,0.3179120687196583,0.22436734054253865,0.2183813573487961,0.27177625461842786,0.35979660161343024,0.28328632895666667,0.49690529278857776,0.3735709961447997,2.8784527110171325,2.913935521245684,3.0219725441398286,2.1508339976875037,4.596529578941778,2.30070984327344,3.879338030477394,4.748982347587975,3.8099558447169084,2.48300424385283,1.875024217061806,1.875024217061806,1.875024217061806,1.875024217061806,1,1,1,1
11,10,3,3,0.1462352057416222,0.6946588465097474,0.6211513128476746,0.0898926718296057,0.5944388214505383,0.5433334614365755,0.4585265216890881,0.30444784086567533,0.03743335222962246,0.17215670861827836,0.5,1.0,0.9,0.30000000000000004,0.8,0.7000000000000001,0.6,0.4,0.1,0.2,0.5,1.0,1.0,0.0,1.0,0.5,0.0,0.5,0.5,0.5,1.0,1.0,1.0,1.0,1.0,0.5,1.0,0.5,0.5,0.0,1.0,0.5,0.5,0.0,0.5,1.0,0.0,0.5,0.5,0.0,0.365988729381465,0.23356294026734287,0.2793927163858916,0.3495371844894301,0.35457387076038926,0.2520661426912811,0.42142374091727575,0.3057813842437971,0.3526128375760239,0.4237984396890066,2.1449595175318725,4.738035474300313,4.787756916994414,2.447579407747615,4.887625655161913,3.73045513526357,4.8483494407923455,2.0542375083666897,4.744635218917431,4.812960112878821,1.6255463708712932,1.6255463708712932,1.6255463708712932,1.6255463708712932,1,1,1,1
12,10,3,3,0.427986582836945,0.23614040491725052,0.4160180100735148,0.2290522920639379,0.41597738632813136,0.25518633264055685,0.40212215702861387,0.03392212977764933,0.2634193904599865,0.17382022295577798,1.0,0.8,0.9,0.7000000000000001,0.6,0.4,0.5,0.1,0.30000000000000004,0.2,0.5,1.0,1.0,0.5,1.0,0.5,0.5,0.0,0.5,0.5,1.0,0.5,0.0,0.5,0.5,0.0,0.5,0.0,0.5,0.0,0.5,1.0,0.5,0.5,0.5,0.0,0.5,0.5,0.0,0.5,0.4420501618429584,0.404853156541677,0.2699029545186758,0.35022620394947435,0.3554628580127772,0.4694092328827894,0.2221298964216534,0.28301088681026854,0.43602581302642357,0.22866716757357242,3.7129155224148334,2.0765106511730616,4.208206649988362,2.567354202578582,2.140332952688099,4.042667143993816,3.485434991727696,3.914311441603042,4.827436812629756,3.566326417895726,1.6032298543010264,1.6032298543010264,1.6032298543010264,1.6032298543010264,1,1,1,1
13,10,3,3,0.43713953108759596,0.2856601373827592,0.4458144943255695,0.38192470732824096,0.10363547269099749,0.2478803907573096,0.3750620819244317,0.5891629342690857,0.1194319078170611,0.07024255538053178,1.0,0.8,0.9,0.6,0.30000000000000004,0.4,0.5,0.7000000000000001,0.2,0.1,1.0,0.5,1.0,1.0,1.0,0.5,0.5,0.5,0.5,0.5,1.0,1.0,1.0,1.0,0.0,0.5,0.5,0.5,0.0,0.5,0.5,0.5,0.0,0.5,0.5,0.5,0.5,1.0,0.5,0.5,0.22263488879457083,0.2463305782691918,0.4591964253905432,0.462982316274984,0.4847001586923311,0.24054017060914426,0.454208021511881,0.40915685668052926,0.2002469577259223,0.3475686214875622,2.740362996261686,3.3879625051831495,3.739079718178163,3.7229993582805294,2.9531514072650644,3.649345708545968,2.159350430946175,2.6868240046955174,4.573917514747981,2.9930212193589756,1.3874333840887076,1.3874333840887076,1.3874333840887076,1.3874333840887076,1,1,1,1
14,10,3,3,0.3011065686633524,0.16905584939145657,0.6506022995693324,0.38083825612729194,0.5229671461779501,0.24580403259018554,0.06090094821575717,0.2082591029283043,0.44087710731254853,0.06319475192897002,0.9,0.6,1.0,0.7000000000000001,0.8,0.4,0.2,0.30000000000000004,0.5,0.1,1.0,0.0,0.5,1.0,0.5,0.5,0.0,0.5,1.0,0.5,1.0,0.5,0.5,0.5,0.5,0.5,0.5,0.0,0.0,0.5,0.5,1.0,0.5,0.5,1.0,0.0,0.0,0.5,1.0,0.5,0.35641753793587594,0.30101471787847267,0.39945274464041924,0.29484082826468644,0.30908838566562347,0.22648328920769356,0.25602161984528815,0.4640813627831807,0.2699637802176751,0.20086151332606417,4.186046958091903,2.642551278923815,2.7827406667772934,2.7722383049155943,2.7006614314714126,3.8814330378224864,2.8540601586661376,3.991534796055144,4.997459318650152,4.9945000649025335,1.9781314541184618,1.9781314541184618,1.9781314541184618,1.9781314541184618,1,1,1,1
15,10,3,3,0.40532855175838634,0.4315672649684695,0.36025726534823077,0.7391743446841862,0.47202994924714314,0.2861408288557669,0.3968210205702958,0.2264985164225981,0.03427065782026159,0.14431536503905332,1.0,0.8,0.7000000000000001,0.9,0.6,0.4,0.5,0.30000000000000004,0.1,0.2,1.0,0.5,1.0,0.0,1.0,1.0,1.0,0.5,0.5,0.5,0.5,0.5,0.5,0.5,1.0,0.5,1.0,0.5,0.5,0.5,0.5,1.0,0.5,0.5,0.5,0.0,0.5,1.0,0.5,1.0,0.27591131500002475,0.3739107560428647,0.4050335980438131,0.44155326463987155,0.4699159393449185,0.39898407654726087,0.47067710629464155,0.3857672843335265,0.3673399727633039,0.3502922365512736,2.0667106810722418,3.016824524599585,2.574003514531283,4.575650937767124,4.405704021609566,4.561752444730272,4.817457205295758,2.854417345347567,3.8623642298886396,2.3999490705605204,1.657790212287221,1.657790212287221,1.657790212287221,1.657790212287221,1,1,1,1
16,10,3,3,0.4886146659995225,0.25627366843404686,0.5086402675189503,0.8275405519035787,0.19299011610168668,0.11359946128502184,0.3289653255681469,0.6291710378102938,0.4330139768035588,0.049777612921497225,0.9,0.6,0.8,1.0,0.30000000000000004,0.2,0.4,0.7000000000000001,0.5,0.1,1.0,0.5,0.5,1.0,0.5,0.5,0.5,1.0,0.5,0.5,0.5,1.0,1.0,0.5,0.0,1.0,0.5,0.5,0.5,0.0,1.0,1.0,0.5,1.0,0.0,0.0,0.0,1.0,1.0,0.0,0.4812451160411073,0.35169119265588844,0.2814344244425174,0.27226571423758616,0.35625341463272764,0.48209097015187347,0.44147963325994544,0.477112622958399,0.48002755595101326,0.4501245056525104,4.359123776544035,2.1031523156639946,2.5306672614551253,2.7481799075344053,2.75637866701129,4.126464324299752,4.322931956262481,2.582222564298264,3.7303619299708197,4.2747840344894446,1.774287503468432,1.774287503468432,1.774287503468432,1.774287503468432,1,1,1,1
17,10,3,3,0.20298318763834722,0.6118105259353223,0.37888005525697926,0.6344072766900973,0.16488205984425922,0.28487318447193816,0.42162904964135206,0.15168515343968964,0.049672035013507865,0.15412578069370353,0.8,1.0,0.7000000000000001,0.9,0.4,0.5,0.6,0.30000000000000004,0.1,0.2,1.0,1.0,1.0,1.0,0.5,1.0,1.0,0.0,1.0,0.5,1.0,0.5,0.5,1.0,0.5,1.0,0.5,0.5,0.5,0.5,1.0,1.0,0.5,0.5,0.5,1.0,1.0,0.5,0.5,0.5,0.37550780466123745,0.2555750918030223,0.3563925913964793,0.43314430994488057,0.3375227929601823,0.38241413374792427,0.4436480359753001,0.21402732683155468,0.3313882094232785,0.4625504580085573,4.0963230727255215,4.0495019088975654,2.40907850850469,3.092614479463378,2.1259647543437503,3.700036441142714,2.051295239515348,4.449155184768577,4.337299604140744,3.106864804235487,1.927339823286753,1.927339823286753,1.927339823286753,1.927339823286753,1,1,1,1
18,10,3,3,0.3864983226037233,0.3134707121641027,0.4984306295114073,0.3613479195748221,0.14488100422135972,0.5631408057669549,0.09924374693270316,0.40137461480958203,0.31172685935604433,0.03219188479054469,1.0,0.8,0.9,0.6,0.30000000000000004,0.7000000000000001,0.2,0.5,0.4,0.1,1.0,0.5,1.0,1.0,0.0,0.5,1.0,1.0,0.0,0.5,1.0,1.0,0.5,0.5,0.0,1.0,0.5,0.5,0.5,0.0,1.0,1.0,0.5,1.0,0.5,0.5,1.0,1.0,0.0,0.0,0.20472575455551217,0.4776242970439246,0.4114003333820967,0.2843571200135411,0.37673729715095294,0.22490035266948732,0.34534706096129014,0.3170912772393454,0.23192129974423192,0.31994572945319916,2.6014164831438826,2.798390503390181,4.6880253142939186,3.8561118772271366,3.434795731575333,2.6845616498322116,4.248326121412655,2.0857461896410507,4.60422192501919,3.3897222847875756,1.7112411145338302,1.7112411145338302,1.7112411145338302,1.7112411145338302,1,1,1,1
19,10,3,3,0.5666292055517881,0.47735932957032523,0.1541116002587779,0.5711263094550892,0.4786178757365238,0.17864095904528932,0.3973435970682391,0.18121531797635212,0.04934135000647118,0.16078453956262362,1.0,0.9,0.5,0.8,0.7000000000000001,0.4,0.6,0.30000000000000004,0.1,0.2,1.0,0.5,1.0,0.5,0.5,0.0,0.5,1.0,0.5,0.5,1.0,1.0,1.0,0.5,0.5,0.0,0.5,0.5,0.5,0.0,0.5,0.5,0.5,0.5,0.0,1.0,0.0,0.5,0.5,0.5,0.4218017688921041,0.3873184210379317,0.3459482387119499,0.28055687923836986,0.42396721969638235,0.47907645192594506,0.4786221758800851,0.3614407419314235,0.3667345348202179,0.25202869846734655,2.5027448715277463,2.2383636871558243,4.1889162155070085,4.762948967367162,4.551932567762668,4.982600436270161,4.0884698289912835,3.6828475711107203,2.2943636910660072,3.418788464371738,1.3493068979841318,1.3493068979841318,1.3493068979841318,1.3493068979841318,1,1,1,1
20,10,3,3,0.29408094759368586,0.42471828334162115,0.16209328909852005,0.43620439599774635,0.7871047061133375,0.30265068582624943,0.18033836313815788,0.11988869833771641,0.3339290420672982,0.047510486500707064,0.8,0.9,0.6,0.7000000000000001,1.0,0.5,0.30000000000000004,0.2,0.4,0.1,0.5,1.0,1.0,1.0,0.5,0.5,0.5,0.5,0.0,0.0,1.0,1.0,0.5,0.5,1.0,0.5,0.5,0.0,0.0,0.5,0.5,1.0,0.5,0.5,0.5,1.0,0.5,0.0,1.0,0.5,0.3215432205711092,0.4826018097656832,0.2431706848948284,0.3431007095726121,0.2498256809646927,0.2228184191457172,0.3313033174529867,0.44250245571777813,0.3743038891007374,0.3679398948357586,2.0351859486707267,4.7809181374440985,4.409466458512423,4.815285338616589,4.979222265794398,2.991836613687428,3.973337130084837,3.7547969992401975,2.4893001269085655,2.499554553892815,1.318595223401486,1.318595223401486,1.318595223401486,1.318595223401486,1,1,1,1
21,10,3,3,0.19024624323800354,0.5005049165966929,0.11392381313750033,0.09027722288224355,0.8194709426395147,0.5538291786392265,0.8080514917740937,0.03312008072716033,0.4362767651894471,0.17525879118717747,0.6,0.8,0.4,0.30000000000000004,1.0,0.7000000000000001,0.9,0.1,0.5,0.2,1.0,0.5,0.0,0.0,1.0,1.0,0.5,0.5,0.5,1.0,0.5,1.0,0.5,0.5,0.5,0.5,1.0,0.0,1.0,1.0,1.0,1.0,0.0,1.0,1.0,1.0,0.5,0.0,0.5,0.0,0.41536931294585383,0.42559911717915777,0.31142679354914116,0.3508438900605838,0.2575979891718763,0.23158866321485802,0.4023745112919147,0.349494924816265,0.4062796844841178,0.4574564225905368,3.0108633824279676,2.160950699292919,4.87403299433079,3.153193316734205,2.2043130583429327,2.622442011054555,4.000912926092451,2.5085027024777204,3.203888081486559,2.369814524352618,1.8397828484556564,1.8397828484556564,1.8397828484556564,1.8397828484556564,1,1,1,1
22,10,3,3,0.3206717022068835,0.26774128898299304,0.6359565523679077,0.3817549210733769,0.22532311392213475,0.8534546380511944,0.17666634458688277,0.026212497954477026,0.1290111460483419,0.43865506975911966,0.8,0.7000000000000001,0.9,0.6,0.4,1.0,0.30000000000000004,0.1,0.2,0.5,0.5,1.0,1.0,0.0,0.5,1.0,0.5,0.0,1.0,0.5,0.5,0.5,0.5,1.0,0.0,1.0,0.5,0.5,0.5,0.5,1.0,1.0,1.0,0.5,0.0,1.0,1.0,0.0,0.5,0.5,0.4316180410474409,0.3367666270251277,0.20780733415227318,0.3840058807108385,0.2298502100373045,0.2608443062171425,0.40703322178264256,0.346444185706581,0.4404945190388326,0.4239912232958534,2.5500217381582697,2.1982603382919854,2.738264254943962,4.680683994702717,3.8580706589698646,3.165437261722845,2.099574368755863,3.613723804715698,2.131838706137119,3.9695296602497363,1.1418595037262818,1.1418595037262818,1.1418595037262818,1.1418595037262818,1,1,1,1
23,10,3,3,0.4045249646350376,0.35987496441747685,0.5719569028456967,0.18109815468315166,0.19093794047910095,0.3939566907581765,0.8914963457871702,0.11903835478329064,0.23488656246702497,0.04279471251569708,0.8,0.7000000000000001,0.9,0.5,0.4,0.6,1.0,0.2,0.30000000000000004,0.1,0.0,0.0,1.0,0.0,0.5,1.0,1.0,0.5,0.5,1.0,0.5,1.0,0.5,1.0,0.5,0.5,1.0,0.5,0.5,0.5,0.5,0.0,1.0,0.0,0.5,0.0,1.0,0.0,1.0,0.0,0.3744048175432373,0.49446090162838224,0.2440670995575632,0.4791905342091287,0.4589765592643011,0.3421585152905865,0.41562078081863774,0.27115752298685425,0.46285313611237816,0.3914942656455519,3.4899689295364054,2.746349546571854,3.335165250287002,2.5352059104000904,4.424831299788183,4.769976736015138,2.8809791045400233,3.404670045476457,2.6344061515127066,2.608258292005435,1.9537587776927943,1.9537587776927943,1.9537587776927943,1.9537587776927943,1,1,1,1
24,10,3,3,0.28269832150050855,0.5233000712621666,0.25186543645910536,0.15986368924960864,0.5859300987056387,0.13304516630575558,0.5429505087505024,0.28078680902263553,0.1291105992974289,0.06809761313635394,0.8,1.0,0.6,0.5,0.9,0.30000000000000004,0.7000000000000001,0.4,0.2,0.1,0.5,0.5,0.5,1.0,1.0,0.5,1.0,1.0,0.0,0.5,1.0,0.5,1.0,0.0,0.5,0.0,1.0,0.5,0.5,0.0,1.0,1.0,1.0,0.5,0.5,0.5,1.0,0.5,0.5,0.0,0.20580190016181607,0.2771523383164594,0.37979050552884275,0.38970714218147284,0.38172543111419566,0.3736402118055959,0.4854601347452172,0.265030355016908,0.3193663301747445,0.39419638668073265,2.1361858438565706,4.4526806242181705,4.647203743775979,2.3018615338426693,3.666836604878973,2.236638190825105,4.540174523901081,3.956936406930573,4.068408375059528,3.927973430178438,1.9855433729114749,1.9855433729114749,1.9855433729114749,1.9855433729114749,1,1,1,1
25,10,3,3,0.19548625993433144,0.40361143626438006,0.4188814575179839,0.6919678505419434,0.13763967557972256,0.35334183169772476,0.3863045805553799,0.10759828448706035,0.2533553786749676,0.08324371643171304,0.7000000000000001,0.9,0.8,1.0,0.4,0.6,0.5,0.2,0.30000000000000004,0.1,1.0,0.5,0.5,1.0,0.5,0.5,0.5,0.5,0.5,0.0,0.5,1.0,0.5,1.0,1.0,0.5,0.5,0.5,0.0,0.5,1.0,0.5,0.0,0.5,1.0,1.0,0.5,0.5,1.0,0.5,0.42730315228107885,0.40195478016547115,0.37169858146457835,0.3778747552073659,0.37712823543267315,0.3314365167839314,0.2951740886341879,0.271335249546064,0.24273434443359168,0.36070651580069657,2.1522817370307346,2.6527583981369345,3.8028270350261355,3.878957484200369,4.255738079997709,4.608703739430865,4.0853429482769394,4.964712320646816,2.6814480676767745,2.2889713003803673,1.7449233158387698,1.7449233158387698,1.7449233158387698,1.7449233158387698,1,1,1,1
26,10,3,3,0.5847162569899883,0.6080516766259635,0.5991550168927692,0.2995516352417507,0.23750913912769428,0.5430891665281321,0.059367194270644824,0.5160350538403559,0.2345414402641291,0.034844841514340086,1.0,0.9,0.8,0.5,0.4,0.7000000000000001,0.2,0.6,0.30000000000000004,0.1,0.5,1.0,1.0,0.5,1.0,0.0,0.0,0.0,0.0,1.0,1.0,0.5,1.0,0.5,1.0,0.5,0.5,0.5,0.5,0.5,1.0,0.5,1.0,1.0,0.5,0.5,1.0,1.0,1.0,0.5,0.281622764675027,0.33389207398386156,0.24933152134006276,0.45224865447438506,0.23496267298252269,0.4064039408426717,0.33864262863719485,0.3598189279637908,0.2647732468758367,0.204703908696734,3.8390297968857805,3.8444542105628865,4.917369678707925,2.769713510675667,2.7405872961242292,3.96017425640677,2.072762930192404,3.2527619951057902,3.970609846607901,3.190755100646949,1.885273456347614,1.885273456347614,1.885273456347614,1.885273456347614,1,1,1,1
27,10,3,3,0.4370583138322679,0.34864783917101627,0.12382771318513536,0.6821436242433603,0.6464665062958381,0.34946737484683515,0.05584422791112753,0.46219449134820884,0.17790040032578647,0.051811552295577046,1.0,0.7000000000000001,0.4,0.9,0.8,0.5,0.2,0.6,0.30000000000000004,0.1,0.5,1.0,0.5,1.0,0.5,0.5,0.0,1.0,0.0,0.0,1.0,0.0,0.5,0.5,0.5,1.0,0.0,0.5,0.0,0.0,1.0,0.5,0.5,1.0,0.0,1.0,0.5,1.0,0.0,0.5,0.45822776392845077,0.27215403620270545,0.2952472858367305,0.3824269290026767,0.28090431356587875,0.3383623848176569,0.2135539815599431,0.4360335838714855,0.38947768854429987,0.4585609419869735,2.4386439763688776,3.0816103069248606,4.954913419105456,2.5019900457107265,4.420793776266905,2.0297823762622884,4.962384898520176,3.722889981760773,2.604942651946613,4.6677629772219635,1.5486742099779378,1.5486742099779378,1.5486742099779378,1.5486742099779378,1,1,1,1
28,10,3,3,0.5833556153341952,0.28814876712743615,0.2181851383532884,0.48396511505453593,0.18910739716305974,0.7333991228197655,0.19187295302633686,0.31801453574859934,0.040436725518769534,0.14318987815985573,1.0,0.7000000000000001,0.6,0.8,0.5,0.9,0.30000000000000004,0.4,0.1,0.2,0.5,0.5,1.0,0.5,0.5,0.5,1.0,1.0,0.0,0.0,0.5,0.0,1.0,1.0,0.0,0.5,0.0,0.0,0.0,0.0,0.5,1.0,0.0,0.5,1.0,0.0,0.0,0.5,1.0,1.0,0.2640148922276008,0.206684967787721,0.3078047940511659,0.3066583498899598,0.29405488384339473,0.21926329264318206,0.41203894225349574,0.3528259438177027,0.27835038851883265,0.37949120553651666,2.853852723093408,3.2989061693869313,3.2573095265954137,3.487915634499518,2.7313660008674834,3.5666347319141045,2.195208286350314,3.9665130987527237,4.021003611806734,3.375301767961214,1.8193428041578685,1.8193428041578685,1.8193428041578685,1.8193428041578685,1,1,1,1
29,10,3,3,0.32987855570563096,0.2994640931625171,0.27807295767707274,0.40906103363759727,0.14865248711817597,0.08442667328963456,0.5127726031612426,0.4245908826062745,0.3397979538355993,0.044709981416204504,1.0,0.9,0.7000000000000001,0.8,0.30000000000000004,0.2,0.6,0.5,0.4,0.1,1.0,1.0,0.5,0.5,0.5,0.0,0.0,0.5,1.0,0.5,0.5,1.0,1.0,1.0,0.5,0.0,0.5,0.5,1.0,0.0,0.5,1.0,1.0,1.0,0.5,1.0,0.0,0.5,0.5,0.0,0.32205775369727596,0.2958080514951297,0.45536869668482666,0.39419500935261553,0.46780758652810267,0.21524933615411934,0.23906358138607348,0.462801953249075,0.4017790933317377,0.3795085161458611,2.2183014774667256,4.929977295815504,3.513216249459788,4.844482141737251,2.581472530065807,4.797605401125482,3.939925407075421,3.974480581907144,2.6049309465331723,3.855698368184428,1.2606902662153554,1.2606902662153554,1.2606902662153554,1.2606902662153554,1,1,1,1
30,10,3,3,0.3312565675091509,0.4305606511088333,0.27519469887858905,0.8064349858574674,0.2328910229525695,0.535882024790694,0.4825436928754764,0.20004498559874223,0.11920391855481867,0.07487737176061036,0.9,0.8,0.5,1.0,0.4,0.7000000000000001,0.6,0.30000000000000004,0.2,0.1,0.5,1.0,1.0,0.5,1.0,0.5,0.5,0.5,0.5,0.0,0.5,0.5,0.5,0.5,0.0,1.0,0.5,0.0,0.5,0.0,0.5,0.5,0.0,1.0,0.0,0.5,0.5,0.5,0.5,0.0,0.2792855071101708,0.20439988138425894,0.29740090473468883,0.4662545392414543,0.39620250006145896,0.36301503332781226,0.2796028163500765,0.4361188410235216,0.27473611576901147,0.4269485565870317,4.591600628225343,2.67891071461654,2.951140105532175,3.5888353650174025,3.469618975601454,2.8058756588553573,4.068870831260957,4.9959780529113065,2.3998513819331393,3.656985771218586,1.3754977056867381,1.3754977056867381,1.3754977056867381,1.3754977056867381,1,1,1,1
31,10,3,3,0.28263799905199094,0.36391011750979196,0.1570142429042512,0.4106809864507948,0.11915604203724423,0.5290088863286189,0.05578176064184856,0.6995651575502269,0.4195263847811933,0.08257945439148735,1.0,0.9,0.4,0.6,0.30000000000000004,0.7000000000000001,0.2,0.8,0.5,0.1,1.0,1.0,0.5,0.5,0.5,0.0,0.5,1.0,0.5,0.0,1.0,0.5,1.0,1.0,0.5,0.5,0.0,0.5,0.0,0.0,0.5,1.0,0.0,0.5,0.5,1.0,0.5,1.0,1.0,0.0,0.4093385176990184,0.4107726698114082,0.36501589000003565,0.45784607752638745,0.32231331499480453,0.2330994671839164,0.44297977067348504,0.32595118936572987,0.26235273884564153,0.4295574252134823,3.023903740173763,3.4783627904689878,3.908885862234812,2.996181380739581,4.069721255312133,4.808114893513379,3.1222052934345115,4.672673024854839,2.447059830596028,2.646407268865432,1.5044368283326146,1.5044368283326146,1.5044368283326146,1.5044368283326146,1,1,1,1
32,10,3,3,0.2824023054852647,0.10295617093104054,0.4151454246508587,0.3107658569655868,0.6170087268622038,0.8797768623741469,0.8004568040657895,0.23555490727240866,0.13579965331058585,0.08120507656862058,0.6,0.4,0.7000000000000001,0.5,0.8,1.0,0.9,0.30000000000000004,0.2,0.1,0.5,0.5,0.5,1.0,0.5,0.5,0.0,0.5,0.5,0.0,0.0,1.0,0.0,0.5,1.0,0.5,1.0,0.0,0.0,0.5,0.0,0.5,0.0,0.5,0.5,0.5,0.5,0.5,0.0,0.5,0.4359618343607301,0.3118967014484614,0.47318605881248627,0.29535458449704904,0.3807734554008404,0.3604419278781334,0.3532936599927621,0.3567697561552753,0.2802675850333376,0.26521480361231964,4.233524984377871,2.101817523485859,2.1165966741107356,3.5828931297578492,4.99255269431686,2.0102641453396397,4.585081481159589,2.958559539152682,4.694627849155714,3.345792811617234,1.3491661124500278,1.3491661124500278,1.3491661124500278,1.3491661124500278,1,1,1,1
33,10,3,3,0.2320633170698705,0.6924278240760924,0.5054008389441841,0.4166135979365555,0.22938812948597873,0.8587350705250215,0.4195714425111386,0.24098889406556062,0.17133975330699483,0.07383676093421544,0.8,0.9,0.7000000000000001,0.6,0.4,1.0,0.5,0.30000000000000004,0.2,0.1,1.0,1.0,0.5,0.5,0.5,0.5,0.5,0.0,0.5,0.0,1.0,0.5,1.0,0.0,1.0,1.0,1.0,0.0,0.0,0.0,1.0,1.0,0.5,0.0,0.0,1.0,0.0,0.0,0.0,0.0,0.27395406335193895,0.33599909245529447,0.47327629322875714,0.3878654614493432,0.3357654513339613,0.23390718469657196,0.45464567286336355,0.44374447791867855,0.451920041204537,0.3453165624211988,4.465749603477015,3.5635723838470543,3.5577145130549894,2.5594425782197856,2.3637498864067625,3.879598261996304,4.467148012919736,3.249168835665312,4.255988590146119,2.5897883951913045,1.7163962213954143,1.7163962213954143,1.7163962213954143,1.7163962213954143,1,1,1,1
34,10,3,3,0.36457689204440946,0.30751229003979197,0.3040589342248473,0.1404862426122182,0.6804270919777587,0.40665774599315013,0.08136084643592828,0.21645658610587853,0.3203213908888453,0.039374416422462324,0.9,0.8,0.7000000000000001,0.5,1.0,0.6,0.2,0.30000000000000004,0.4,0.1,1.0,0.5,0.0,0.5,0.5,1.0,0.0,1.0,0.5,0.0,1.0,0.5,0.0,0.0,0.5,0.0,0.0,0.0,0.5,0.5,1.0,0.5,1.0,0.5,1.0,0.5,0.0,0.5,0.5,0.5,0.2737600277123956,0.4544132716139315,0.28726812360458975,0.20672517051946282,0.28567876369036227,0.2864998070422818,0.39587781763398444,0.4923431840595199,0.27362652424003064,0.21257065675680897,3.732856095596497,3.4906151185648246,2.7147771442338255,4.777377315170305,2.54613804214532,3.6066924879608644,4.1854541779729955,3.3379005729827265,3.994504031600642,3.4918451182733636,1.212159713812329,1.212159713812329,1.212159713812329,1.212159713812329,1,1,1,1
35,10,3,3,0.3489266112838306,0.7386021497841813,0.5839376360693249,0.23957597367246894,0.05798495298043252,0.5789272580182772,0.4900803626684166,0.23044746278529282,0.44210720775938905,0.06545063542433986,0.9,1.0,0.8,0.4,0.2,0.7000000000000001,0.6,0.30000000000000004,0.5,0.1,1.0,1.0,0.5,0.5,0.5,0.5,0.5,0.5,0.5,0.5,0.0,0.5,0.5,0.0,0.0,0.5,1.0,0.0,0.0,1.0,1.0,0.5,0.0,1.0,0.5,0.5,0.0,0.5,0.5,0.5,0.24320930448062125,0.4967315207468625,0.24615248063915784,0.41423115329359306,0.23613025840022822,0.3695966065965688,0.3659233422363519,0.22437575983672406,0.4782792775836789,0.2019387894854328,4.567428523484679,3.5193776595109405,4.602554461484714,2.351733855036975,4.580034562368235,3.2950542604098008,2.808463697220536,4.263295201897928,4.360278023301352,4.54274873202248,1.0022610872124584,1.0022610872124584,1.0022610872124584,1.0022610872124584,1,1,1,1
36,10,3,3,0.4437023037693242,0.35669185679187376,0.293107329245165,0.20309217733789525,0.3310225791404189,0.1817726031816474,0.3936293151666532,0.19685588453449174,0.11528903960265154,0.08197585374403514,1.0,0.9,0.8,0.6,0.7000000000000001,0.4,0.5,0.30000000000000004,0.2,0.1,1.0,0.5,0.5,1.0,0.5,0.5,1.0,0.5,0.5,0.0,1.0,1.0,0.5,0.0,0.5,1.0,0.5,0.0,1.0,0.0,1.0,0.5,0.5,0.5,0.5,0.0,0.5,0.0,1.0,0.5,0.40963988529666917,0.29508806480790095,0.31306693093068305,0.3685155873159086,0.2019634180871756,0.21435638068703206,0.2777975920334056,0.406377370337217,0.40777789099416784,0.3316765319980661,3.342714211316776,3.4357811374681506,2.1473254201377454,2.4491261933584756,3.4498738102114386,3.124814147870364,4.520793168724966,3.293724428207047,4.93079523000679,2.344770270462967,1.6666963997133553,1.6666963997133553,1.6666963997133553,1.6666963997133553,1,1,1,1
37,10,3,3,0.35248474465841817,0.2565311961176371,0.24187149648435802,0.15361315271619247,0.612349008618243,0.23230874487584163,0.13399590280592574,0.5285723914783111,0.07046332987507568,0.1751414985520203,1.0,0.9,0.7000000000000001,0.5,0.8,0.4,0.30000000000000004,0.6,0.1,0.2,0.5,1.0,0.5,1.0,1.0,0.5,0.5,1.0,0.5,0.5,0.5,0.5,1.0,1.0,0.5,0.5,1.0,0.5,0.0,0.5,1.0,0.5,1.0,0.0,0.0,0.5,0.0,0.5,0.5,0.5,0.2234357217133934,0.4074984260626552,0.29375798574539425,0.2541411534279376,0.25129785994999304,0.2549974235150571,0.36825763814318097,0.4940033478007334,0.47831201612510393,0.21829513571394243,4.22520777223442,4.10883713403372,2.937419873309037,3.626014581142549,3.5471764162788864,4.6270164705967485,3.6361672332464066,4.9600911458557855,3.969921153611069,4.605897885789621,1.8781117473185507,1.8781117473185507,1.8781117473185507,1.8781117473185507,1,1,1,1
38,10,3,3,0.4086623583578206,0.37090435994849136,0.6126326309793867,0.22039522034723513,0.1454265494524825,0.6132356442487681,0.1799752636771376,0.10412055331064636,0.5078175520745637,0.026256496641194546,1.0,0.7000000000000001,0.9,0.5,0.4,0.8,0.30000000000000004,0.2,0.6,0.1,0.5,0.5,1.0,0.5,1.0,0.0,1.0,0.5,1.0,0.0,0.5,0.5,0.5,1.0,1.0,0.5,0.5,0.0,1.0,0.0,0.5,0.5,0.5,0.5,0.5,0.5,1.0,0.0,1.0,0.0,0.27086766283394653,0.34055033531321843,0.44009963059043244,0.3546461630232417,0.349002725321479,0.31620314645304626,0.2681235465284295,0.33249483473065555,0.47873279168286115,0.3434053529475464,2.713968498028974,4.077957223900096,2.2736844472386073,4.6142579822336875,4.937389386621881,2.3634038131863373,2.602141201364976,4.708100513132834,3.0139042624187016,2.3215229221892915,1.7333539931386497,1.7333539931386497,1.7333539931386497,1.7333539931386497,1,1,1,1
39,10,3,3,0.4332192344458958,0.2762777391335114,0.7920040515688923,0.7919246205267759,0.11452071402438345,0.22493741922087077,0.628571357820526,0.038776103445321834,0.4402384874411158,0.34166430240264634,0.8,0.6,1.0,0.9,0.2,0.30000000000000004,0.7000000000000001,0.1,0.5,0.4,0.5,0.5,1.0,0.5,0.5,0.5,1.0,0.0,1.0,1.0,1.0,0.5,1.0,1.0,1.0,0.5,0.0,0.0,0.5,0.0,1.0,0.0,0.5,1.0,0.5,0.0,1.0,0.0,0.5,0.0,0.26155616851936836,0.4783611426692514,0.28556349368019823,0.44872034926698595,0.34988172456404476,0.43025652687664917,0.3099243298949028,0.34799378767863254,0.3089241089594776,0.25505443969618347,3.900127873464265,2.5357182079247,2.868517801815371,2.5770387157797847,3.3844111368964587,3.7875808804229893,2.974543093278464,2.0933190381793354,4.2221187238953855,3.3414054641806077,1.4511100226448859,1.4511100226448859,1.4511100226448859,1.4511100226448859,1,1,1,1
40,10,3,3,0.29326458650564347,0.29343062013203425,0.4960553917589602,0.1687055465753315,0.3376218354445899,0.8506452933689018,0.058614138540613425,0.20699712272652776,0.5123902936879401,0.02598683664132223,0.9,0.7000000000000001,0.8,0.4,0.5,1.0,0.2,0.30000000000000004,0.6,0.1,0.5,0.0,1.0,0.0,0.5,0.5,0.5,0.5,0.0,0.5,1.0,1.0,0.5,0.5,1.0,0.5,0.0,0.5,0.5,0.5,0.0,0.5,0.5,0.0,0.5,0.5,0.0,0.5,0.5,0.0,0.2592381954445536,0.45550364077544414,0.37249456536589814,0.2947080213086421,0.4317616953306285,0.42707138168132874,0.2560709731592892,0.26509322095757015,0.33410005388808384,0.38976410013982515,3.4846292852795164,4.043455310961145,2.0369009356504146,4.26736131187536,4.214472215156412,4.012344954960133,3.611323140099299,3.2667765454010302,4.318207733278922,2.413112682150283,1.295689044968527,1.295689044968527,1.295689044968527,1.295689044968527,1,1,1,1
41,10,3,3,0.4014978734427153,0.20917814368740723,0.4066032683193976,0.727660560120488,0.8404746568603888,0.0774371757984194,0.24035152065086804,0.3414679915767982,0.4430775918851862,0.07979278187211264,0.8,0.6,0.7000000000000001,0.9,1.0,0.2,0.30000000000000004,0.4,0.5,0.1,0.5,1.0,0.5,0.5,0.5,0.0,0.5,0.0,0.0,0.0,0.5,1.0,1.0,0.5,1.0,0.0,0.5,0.0,1.0,0.0,1.0,0.0,1.0,0.5,0.5,0.5,0.0,1.0,0.0,0.0,0.3743542040591098,0.24602407217147074,0.28330535024694536,0.4855030878740325,0.21667563393297265,0.23542173801707433,0.49190110531901526,0.3819532488583672,0.46305100976440877,0.4739253658941703,3.529439489403638,2.7943866722143142,4.53672277153066,3.207045379055691,2.318665568529674,2.919633939826455,2.728894928923326,2.669888580073406,4.381714175912224,2.0325620496182277,1.2226788827844168,1.2226788827844168,1.2226788827844168,1.2226788827844168,1,1,1,1
42,10,3,3,0.29243898380490596,0.2518464266679501,0.6591704199307276,0.5763050340127222,0.1693173469803681,0.4898443646570902,0.29884622515423476,0.16851398685634272,0.11513594111393198,0.08000963653748358,0.8,0.6,1.0,0.9,0.4,0.7000000000000001,0.5,0.30000000000000004,0.2,0.1,1.0,1.0,0.5,0.5,0.5,0.5,0.5,0.5,1.0,0.5,0.5,0.0,0.5,1.0,0.0,0.5,0.0,0.0,1.0,0.0,1.0,0.0,0.5,0.5,0.5,1.0,0.5,0.0,0.5,0.5,0.2363379619359747,0.3989814345017837,0.21724163175749095,0.3449750321305892,0.3448266456694062,0.39072354620762967,0.46922198444432517,0.37599057512817935,0.3757201387822181,0.2863705734294024,3.363933700273409,2.968583192921606,4.00512549590814,4.8460183467735884,4.409428064557346,3.8037748839037397,3.2720941062803814,4.693483722524421,4.258267227016017,3.571360029927906,1.0918322634241018,1.0918322634241018,1.0918322634241018,1.0918322634241018,1,1,1,1
43,10,3,3,0.38523032597198503,0.18576023496102712,0.13289300956048522,0.12418480721802089,0.6462843395805171,0.49103846655443106,0.644107092844194,0.09292097345111927,0.2028801520494025,0.06864390092434583,1.0,0.6,0.5,0.4,0.9,0.7000000000000001,0.8,0.2,0.30000000000000004,0.1,1.0,1.0,0.0,0.5,0.5,1.0,0.5,0.5,0.5,0.5,0.5,0.5,1.0,0.0,1.0,0.0,1.0,0.0,0.5,0.5,0.5,0.0,0.5,0.5,0.5,0.0,1.0,0.5,1.0,0.5,0.35884635407351806,0.41779110923116236,0.30607206507312,0.3157253416483714,0.33102188953959044,0.2033966088378854,0.43660647254046425,0.3324038205324783,0.4232348756523293,0.27338772570801984,3.684926848535063,3.1663017593225162,4.117971858035805,4.011734714770409,3.418382987671324,3.59652221671187,2.543125443175657,3.404489154005777,4.4943595391391975,2.7130607769307353,1.2886094914029238,1.2886094914029238,1.2886094914029238,1.2886094914029238,1,1,1,1
44,10,3,3,0.44121717270856387,0.3769750506774536,0.7217925734884592,0.3407845098506203,0.14840506940736287,0.15789355736344685,0.5644199998373074,0.07357812853882734,0.0271566392972086,0.4389713508779057,0.9,0.8,1.0,0.6,0.4,0.30000000000000004,0.7000000000000001,0.2,0.1,0.5,0.5,1.0,0.5,1.0,0.0,0.5,1.0,0.5,0.0,1.0,0.5,1.0,0.5,0.0,0.5,0.5,1.0,0.5,0.5,0.0,0.5,1.0,1.0,1.0,0.0,0.0,0.5,0.0,0.0,0.0,0.4755914618497926,0.3165738124712155,0.2562151606685293,0.2558194429999325,0.3371024877102887,0.4855126617517376,0.49528568396262906,0.4980264473389057,0.4331609598329339,0.24591272258643326,4.457617258058242,3.3167118628436265,4.05536651326889,4.00908596844493,4.49894908886163,3.9479582871568564,2.5756047497229724,3.5779824429348146,2.9446155046929245,2.740228312450421,1.7655342767950355,1.7655342767950355,1.7655342767950355,1.7655342767950355,1,1,1,1
45,10,3,3,0.3894216899831312,0.26159516741934336,0.19201212841155108,0.7405187848064704,0.2713631987042907,0.6322770002339031,0.12441943294484666,0.22821407455434764,0.34815668210537987,0.05147934005443277,0.9,0.7000000000000001,0.6,1.0,0.5,0.8,0.2,0.30000000000000004,0.4,0.1,0.5,0.5,1.0,0.5,1.0,1.0,0.0,1.0,0.5,0.5,1.0,0.5,0.5,1.0,1.0,0.5,0.5,0.0,0.5,0.5,0.0,0.5,1.0,0.5,0.5,1.0,0.5,0.5,0.0,0.5,0.2614307883833676,0.44393961393989245,0.4254546045305103,0.28787067940064676,0.2692864821596392,0.3102059290917924,0.2831387086332099,0.3382385161934178,0.3667369888834078,0.283379361020924,2.776282111009869,4.252223812983303,3.618882688012721,4.341820248719083,3.0291662349587867,2.185014302811854,2.5452643589421458,4.860815564163868,2.933802876515659,3.625528398435987,1.656829346504701,1.656829346504701,1.656829346504701,1.656829346504701,1,1,1,1
46,10,3,3,0.26796089951047625,0.1988773050357161,0.2267998651797136,0.8279508446381411,0.5397362777075798,0.6437121174765663,0.7827167531780318,0.08622591028614374,0.20895887167549065,0.060854999556359514,0.6,0.5,0.4,1.0,0.7000000000000001,0.8,0.9,0.2,0.30000000000000004,0.1,1.0,0.0,0.0,1.0,0.5,0.5,0.5,0.5,0.0,0.5,0.5,0.5,1.0,0.5,0.5,0.5,0.5,0.5,0.0,0.0,0.5,1.0,0.5,1.0,0.0,0.5,1.0,0.5,0.0,0.5,0.3186406610110568,0.3878690716804346,0.3926891814664727,0.44917763384399895,0.22248717005964602,0.3104890406650911,0.3144406461859927,0.28241531614525883,0.3012440190870878,0.368906381598005,2.8603039892738256,4.125756662848652,4.9836805684713745,3.003828405830178,2.5017715416849704,3.307078602126983,4.862676178241569,2.9810965878839957,4.631509091125449,3.497609033948981,1.7174715783224732,1.7174715783224732,1.7174715783224732,1.7174715783224732,1,1,1,1
47,10,3,3,0.3647585303315948,0.256002952202729,0.48483591929487113,0.29037147313122846,0.8960582729237262,0.706216615450581,0.12268393466096308,0.42738843208097443,0.2329666551982494,0.07954998003713168,0.9,0.6,0.7000000000000001,0.4,1.0,0.8,0.2,0.5,0.30000000000000004,0.1,1.0,1.0,0.0,1.0,1.0,0.5,0.5,0.0,0.5,0.0,1.0,1.0,0.0,0.5,1.0,1.0,0.5,0.0,0.5,0.5,1.0,0.5,0.5,0.5,1.0,0.5,0.5,1.0,0.0,0.5,0.4452238973354057,0.46970877843171327,0.4547061395485698,0.415142309719586,0.44622491390899094,0.2772243245625772,0.30715482077915957,0.3087165179755824,0.468912573915127,0.4585309886096891,3.6932428408552456,4.49962784023739,4.668051523167358,2.3403701012732845,3.1441136405029915,2.6413323915285405,4.494949651890937,3.803027872634181,3.1007317615923506,3.077571056996888,1.1070214391764905,1.1070214391764905,1.1070214391764905,1.1070214391764905,1,1,1,1
48,10,3,3,0.2981535409807836,0.42581896067477665,0.24917948525476696,0.776424587853918,0.4124845493069899,0.060027520263506357,0.569198837834825,0.185456471373775,0.29299176009429967,0.054807752093733876,0.9,0.8,0.5,1.0,0.6,0.2,0.7000000000000001,0.30000000000000004,0.4,0.1,0.5,0.5,0.0,0.5,0.5,0.5,0.5,0.5,0.5,1.0,0.0,1.0,1.0,1.0,1.0,0.5,1.0,0.0,1.0,0.0,1.0,0.5,0.5,1.0,0.0,0.0,1.0,0.5,0.0,0.0,0.3003455599817392,0.2752226021517599,0.36841973878836365,0.26664921103961,0.33886407802639307,0.32605831543223557,0.3471910480283898,0.4796673037027293,0.36323623884127654,0.44550950620359386,2.814150976413472,2.720524605103455,4.2885590148739166,2.7002616652158027,2.743872194468678,4.923757772941638,3.1109168181076123,4.026940730033605,2.2235824832820197,2.1396961388784406,1.2592111850755319,1.2592111850755319,1.2592111850755319,1.2592111850755319,1,1,1,1
49,10,3,3,0.32112873622442784,0.2274151393837328,0.7671938013913457,0.1098001378491757,0.6453223157469765,0.3662213732151501,0.5873420622589338,0.30547925197470605,0.11243483802960351,0.0857562445847262,0.9,0.6,1.0,0.30000000000000004,0.8,0.5,0.7000000000000001,0.4,0.2,0.1,1.0,0.5,0.5,0.0,0.5,1.0,0.5,0.0,0.0,0.5,0.5,0.5,0.5,0.0,0.0,1.0,0.0,0.5,0.5,0.5,0.0,1.0,0.5,0.0,0.5,1.0,0.0,0.0,0.0,0.0,0.2849829563807152,0.3399731022245214,0.37310943757473114,0.4058024589306253,0.3726960528539709,0.3102689162158059,0.2772160432611487,0.2888742421379391,0.4319129934770414,0.45434049715015445,4.65962427415657,3.575818839568913,4.629485102120454,2.2390659504608705,3.774545667177808,4.767527454159385,2.8537528695811827,4.807456488882,2.0157104378651094,3.5510660285052316,1.449995051791899,1.449995051791899,1.449995051791899,1.449995051791899,1,1,1,1
50,10,3,3,0.40825717273608453,0.1329353170277568,0.12619166533360682,0.4471558003370131,0.7698198675368735,0.44381614733543034,0.15056479758477329,0.772630341915862,0.11912790723282055,0.0841506417740552,0.8,0.5,0.4,0.7000000000000001,1.0,0.6,0.30000000000000004,0.9,0.2,0.1,0.5,1.0,0.0,0.5,1.0,0.5,0.0,0.5,0.5,0.0,0.5,0.5,0.5,0.0,1.0,0.5,0.5,0.5,0.5,0.0,0.0,0.5,0.5,1.0,0.5,1.0,0.5,1.0,0.0,0.0,0.3485510256840112,0.40025654115637443,0.21643995312696981,0.45974065439474004,0.4969533942956839,0.4228510424471672,0.3589243617422709,0.38872046535496796,0.32230876546501025,0.4308612975089836,2.2831174295895846,2.798002192979011,4.512624044295851,4.311582489471634,3.4115609221700725,3.6637698682963475,4.775018576409214,4.983876856745234,2.816100709009217,4.360350634203157,1.7829110154909324,1.7829110154909324,1.7829110154909324,1.7829110154909324,1,1,1,1
51,10,3,3,0.35452037282258564,0.34732559440386634,0.22264321303252588,0.3587395162241234,0.5164482300189829,0.2023880907471215,0.10963752579584554,0.3231104062747997,0.14876719450004863,0.058415252918777485,1.0,0.9,0.6,0.7000000000000001,0.8,0.4,0.30000000000000004,0.5,0.2,0.1,1.0,1.0,0.5,0.5,1.0,0.5,0.5,0.0,0.0,0.5,0.5,0.0,1.0,0.5,1.0,0.5,0.0,0.0,0.0,0.0,1.0,0.5,0.5,0.5,0.5,0.0,0.5,1.0,0.5,0.5,0.30151467653160413,0.2620766744617142,0.4688121150043454,0.39094754261750386,0.4069737604959742,0.230346726369437,0.23529330302119833,0.3577267975594983,0.4619963414364829,0.27657496567106127,4.773200093917852,2.321508656600546,4.963721777628695,2.1137363187088996,3.1571266149753923,3.0924456206312465,4.8152849136735,2.728701227132235,3.2269070733916485,3.1203108358517895,1.225814547993592,1.225814547993592,1.225814547993592,1.225814547993592,1,1,1,1
52,10,3,3,0.33809382562788626,0.4652345262814711,0.3815383925560481,0.20545588678523186,0.5388731514070866,0.1445090715148052,0.08499081914650505,0.4885078198895194,0.13916471151541027,0.08456686578276511,0.9,1.0,0.7000000000000001,0.5,0.8,0.4,0.30000000000000004,0.6,0.2,0.1,1.0,0.5,0.5,0.0,0.5,1.0,0.0,0.5,0.5,0.0,0.5,0.5,0.0,1.0,0.5,1.0,0.5,0.0,0.0,0.0,0.0,1.0,0.0,0.5,1.0,1.0,0.5,0.5,0.0,0.0,0.2705487279776306,0.44635293889873295,0.3567720522480253,0.29156930212698146,0.4493830207059488,0.2597344270633511,0.3339604583158988,0.32836317640096,0.2210727836890034,0.42118869091628786,2.557360869586458,4.717366944827514,3.1638528132925883,2.311135788662616,4.675827069482319,4.128518334789377,3.2788489059653005,4.0712520225578945,2.129128296672531,3.9539435470542363,1.3021367498390635,1.3021367498390635,1.3021367498390635,1.3021367498390635,1,1,1,1
53,10,3,3,0.4925789854163317,0.6208997746503657,0.378360769310278,0.1445409692183166,0.4106228098782246,0.6155639188578155,0.11879246335822019,0.38691563626821246,0.09783267863974032,0.05156536010364671,0.9,1.0,0.7000000000000001,0.4,0.6,0.8,0.30000000000000004,0.5,0.2,0.1,0.5,0.5,0.5,1.0,1.0,1.0,0.5,0.0,0.0,0.0,0.5,0.5,1.0,0.0,0.5,1.0,0.5,0.0,0.0,0.0,0.5,1.0,0.5,0.0,0.5,0.5,0.5,1.0,0.5,0.5,0.42400661109368815,0.3632770562934252,0.25769759296806366,0.31329993035602677,0.38357930463661516,0.24688018274479784,0.46100650587172703,0.45849913322144503,0.2252879631618699,0.2514902141315748,2.487744804756522,3.5819165586590254,3.543381531855607,2.53640021772701,2.169382093696672,4.1581110676931266,4.524957732785051,4.69327169138699,3.3727958799256683,3.0835208568293626,1.7392771529266156,1.7392771529266156,1.7392771529266156,1.7392771529266156,1,1,1,1
54,10,3,3,0.3856975666443381,0.21986703125370277,0.41483741629665505,0.20763730642144984,0.2137057095951697,0.13045318063274425,0.4360168661538504,0.06607193776770537,0.2332249588014793,0.04451043445528981,1.0,0.8,0.9,0.6,0.5,0.4,0.7000000000000001,0.2,0.30000000000000004,0.1,1.0,1.0,0.5,0.5,0.5,0.0,0.5,0.0,0.0,0.0,1.0,0.5,0.5,0.5,0.5,0.0,0.0,0.5,0.0,0.0,1.0,0.5,1.0,0.5,0.5,0.5,1.0,1.0,0.5,0.5,0.43616087326316155,0.397670746794798,0.3338969052045812,0.36667040631868686,0.23321471633355242,0.34209156296805493,0.47420660158303407,0.4103312261800477,0.4062191471490736,0.36230760333069834,2.5599128050148274,3.2960949055591167,4.752846002623412,3.9847183996693345,4.1143115116736055,4.237566766697746,3.826305094255634,3.594597593761759,4.656363472742514,2.6615424064434556,1.208299782416429,1.208299782416429,1.208299782416429,1.208299782416429,1,1,1,1
55,10,3,3,0.39534238823685985,0.20633682618083649,0.5802576935323838,0.15628268305377407,0.11678639378499478,0.4980071963378133,0.1213393501004715,0.6290273589219831,0.4470017815912002,0.0518191531504179,1.0,0.8,0.9,0.4,0.30000000000000004,0.6,0.2,0.7000000000000001,0.5,0.1,0.5,0.5,1.0,0.0,0.0,0.5,0.5,1.0,0.0,0.5,0.5,0.5,1.0,0.5,0.5,1.0,0.0,0.0,0.0,0.5,0.5,1.0,1.0,0.0,0.5,0.0,0.5,0.0,0.0,0.0,0.29580374547525184,0.49343582528167335,0.4600501365338051,0.4351564036556941,0.40639142672807893,0.28100273643241824,0.275489174814763,0.38843391252964343,0.44637439910563936,0.26195560833357734,3.540633034122375,2.8047015525981975,4.331006096457162,3.790462115901177,3.3376190429247754,3.2743476617791742,2.7514862340881914,2.344459321559445,2.9471041108278317,3.1344724496721774,1.0423454645442627,1.0423454645442627,1.0423454645442627,1.0423454645442627,1,1,1,1
56,10,3,3,0.43673425531638643,0.16991711753102023,0.49300270801813967,0.20847697558616757,0.4262994116838658,0.08190491239112316,0.05102399574894889,0.6624062849672865,0.3545073472139766,0.08413623669449474,1.0,0.6,0.9,0.5,0.7000000000000001,0.30000000000000004,0.2,0.8,0.4,0.1,1.0,1.0,1.0,0.0,0.5,1.0,0.5,0.5,0.5,0.0,0.5,0.5,1.0,0.5,0.5,1.0,1.0,0.5,0.0,0.5,1.0,0.0,0.5,0.5,0.5,0.0,0.0,1.0,0.0,0.5,0.4441199072333575,0.2792727612698125,0.4726601903482402,0.2128607320740144,0.3599228039052132,0.4591614272391268,0.3127416093097125,0.34325688049440384,0.4183809311747148,0.3605480130213625,2.132356922590781,2.6413828141880167,2.5431608499702025,2.587944285026109,4.86908717748811,4.484904816656468,2.8929241895112057,4.463057806112252,3.017445685428575,4.276253725279876,1.9188940651950916,1.9188940651950916,1.9188940651950916,1.9188940651950916,1,1,1,1
57,10,3,3,0.29510423681843867,0.5009724374353649,0.17647077162313984,0.4036968673677642,0.7056059784281458,0.21183744786411177,0.1469200266732026,0.49740664704086074,0.11105092024413343,0.04284617437721255,0.8,1.0,0.5,0.7000000000000001,0.9,0.4,0.30000000000000004,0.6,0.2,0.1,0.0,0.5,0.5,1.0,0.5,0.0,0.5,1.0,0.5,0.5,1.0,1.0,0.5,1.0,0.5,0.5,0.0,1.0,0.0,0.5,0.5,1.0,1.0,1.0,1.0,0.5,0.5,0.5,0.0,0.5,0.3397164851862289,0.2191724274023209,0.43447066225557995,0.3007078291974841,0.4255136023376347,0.4469905224090338,0.4287383971316618,0.4098529255496864,0.48574353974845824,0.2377041369881178,3.697829090267663,2.437616107857953,3.0375325504308615,4.749122608723701,2.519620018134563,4.115409887055873,3.38907590092189,4.569545914690043,3.449003290999768,4.099452458193432,1.9555579331672703,1.9555579331672703,1.9555579331672703,1.9555579331672703,1,1,1,1
58,10,3,3,0.44084495985548633,0.20077736984736094,0.4051180415854004,0.5795586319361609,0.25701436649985854,0.7779897752130851,0.09045483495881734,0.40022056337231277,0.21391457936565833,0.06800052784798724,1.0,0.6,0.7000000000000001,0.8,0.4,0.9,0.2,0.5,0.30000000000000004,0.1,1.0,0.5,1.0,0.0,0.0,0.5,0.5,0.5,0.5,0.5,0.5,0.5,0.5,0.5,1.0,0.5,0.0,0.5,0.0,0.0,1.0,1.0,0.5,0.5,0.5,0.5,0.0,1.0,0.0,0.5,0.3383215362761344,0.39636218571443516,0.3368428398710024,0.2623941550962548,0.2828290050925923,0.43892974264284434,0.29404157725565244,0.4778162163502023,0.4978987374769908,0.42920672083851374,4.889949083894671,3.510572936246024,4.342430014603725,2.3850869246186424,2.9810617588184503,2.5130569397799887,2.6135900668268035,2.238561948737274,4.6938567401464555,4.5509538534068446,1.8311812367189169,1.8311812367189169,1.8311812367189169,1.8311812367189169,1,1,1,1
59,10,3,3,0.30214753406865147,0.16184612291073497,0.13990755780417263,0.11574028073440373,0.617788090918349,0.12209299896257192,0.5398802544907075,0.716248371997867,0.15783152752580673,0.05977777923753716,1.0,0.6,0.5,0.4,0.9,0.30000000000000004,0.7000000000000001,0.8,0.2,0.1,1.0,1.0,0.5,0.5,1.0,0.5,0.5,0.5,0.5,0.0,0.5,1.0,0.5,1.0,0.5,0.5,1.0,0.5,1.0,0.5,0.5,0.0,0.0,0.0,1.0,0.0,0.5,1.0,0.5,0.0,0.21135992083385546,0.30558577504940676,0.32973539646318006,0.39479131238945,0.44668077592044075,0.2532672997312203,0.48671821061449905,0.39331974504077016,0.24919034067228318,0.3539152627596436,3.8802726548885897,2.709518992280006,4.212613106538948,4.9479162285724705,2.9231978523349067,4.264541505122549,3.7501422202480246,3.6088323543112164,4.226661014714973,3.9715977240000817,1.1984466617195855,1.1984466617195855,1.1984466617195855,1.1984466617195855,1,1,1,1
60,10,3,3,0.23098742038989417,0.2962206428370817,0.5381897549981489,0.16716283542819044,0.2761461079357648,0.1436901760813848,0.06219449694308277,0.2872177321605209,0.22192421378371893,0.08090188866144589,0.9,0.8,1.0,0.6,0.7000000000000001,0.5,0.2,0.4,0.30000000000000004,0.1,0.5,0.5,1.0,0.0,1.0,0.0,0.5,0.5,0.5,0.5,1.0,1.0,0.5,0.5,0.5,1.0,0.5,0.5,0.5,0.5,1.0,1.0,0.5,1.0,1.0,0.0,1.0,0.5,0.5,0.5,0.3127486567794626,0.247968219558101,0.2440728515902652,0.2376900357573068,0.3261566039378242,0.48163580893891456,0.26355203056491483,0.2623381872979348,0.22413863939102047,0.4303764168546474,3.6125711428019756,4.592646992604003,2.5942141433478336,3.211522552346646,3.065402714047157,2.873355648897711,3.043187106541586,2.960338282016155,3.9479518757566074,2.2009401212315476,1.0120901498934423,1.0120901498934423,1.0120901498934423,1.0120901498934423,1,1,1,1
61,10,3,3,0.16769907987310773,0.47002930557027744,0.2466298351694558,0.5250140256398925,0.7427099483168145,0.850861402596352,0.08432840564969997,0.23408951425912056,0.3421314299055016,0.0450216953186908,0.6,0.8,0.5,0.7000000000000001,0.9,1.0,0.2,0.30000000000000004,0.4,0.1,0.0,1.0,1.0,1.0,0.5,1.0,0.5,0.5,0.0,0.0,0.5,0.5,0.0,0.0,1.0,0.5,0.5,0.0,1.0,0.5,0.5,0.0,0.5,0.5,1.0,1.0,0.5,0.0,1.0,0.0,0.3360868471278007,0.2965925589435897,0.392552787034268,0.36595010160856756,0.4724895086082292,0.47031669744663346,0.3027972621508751,0.37078405154764277,0.33664014003033893,0.31581273975456303,2.996609523561774,3.3343408421444294,4.327368057952684,4.105450959622617,4.5842030540159175,4.609912653602504,2.3318750739010703,4.218434530334656,2.5135072020501106,2.5395424189649827,1.1420749502107201,1.1420749502107201,1.1420749502107201,1.1420749502107201,1,1,1,1
62,10,3,3,0.47425306841297393,0.3743816125442201,0.7115718026960143,0.25275798641915614,0.21091210633249569,0.5520652851690881,0.4819730311916515,0.08791188469764231,0.20781527255413043,0.038038582787281054,0.9,0.8,1.0,0.5,0.4,0.7000000000000001,0.6,0.2,0.30000000000000004,0.1,0.5,0.5,0.5,0.0,0.0,1.0,0.5,1.0,0.0,0.0,0.5,1.0,0.5,1.0,0.5,0.5,0.5,0.0,1.0,0.0,0.0,0.5,0.5,1.0,0.5,0.0,0.0,1.0,0.0,0.5,0.4092162215816577,0.40691731191156544,0.27811900526619554,0.24780070941109705,0.2380856404265223,0.4974886757987468,0.4119939334536111,0.4813408798131819,0.4170461725821485,0.403511401552796,4.572630151522494,3.9704487685538594,3.011872502915026,3.2273464183601455,3.0320741630454853,4.48398142007203,3.8768039596791173,3.857487181504051,4.614251673875932,4.554824338548718,1.381105301914565,1.381105301914565,1.381105301914565,1.381105301914565,1,1,1,1
63,10,3,3,0.22698616617643042,0.4311762502759575,0.48498854757248855,0.5020249114525763,0.3255320757194281,0.08950016929805253,0.19052356707234866,0.5108998370011325,0.33854884694749243,0.08507777452085598,0.8,1.0,0.9,0.7000000000000001,0.5,0.2,0.30000000000000004,0.6,0.4,0.1,0.0,0.5,0.5,1.0,1.0,0.0,1.0,1.0,0.5,0.5,1.0,0.5,0.5,1.0,0.0,0.5,0.5,0.5,0.5,0.5,1.0,1.0,0.5,1.0,0.0,0.0,0.0,0.5,1.0,0.0,0.35438499854819605,0.22713319907467008,0.3013108087163586,0.2543480074064618,0.31083125277555573,0.47467533839057413,0.3417139589961734,0.4912220464350123,0.2454716461911151,0.3330231736818964,3.78320110041433,2.851923966506249,3.3356972224671706,4.752728804545273,3.166236666287972,3.792870857848143,2.339438166531134,4.67796634387547,2.090838315607967,2.531757726410204,1.2210864705638729,1.2210864705638729,1.2210864705638729,1.2210864705638729,1,1,1,1
64,10,3,3,0.1723642800429906,0.634231310129209,0.45903423990413333,0.10354178658766416,0.6766785209297117,0.48786072304521283,0.1388799771533581,0.39567482189007147,0.04533745865408544,0.16216762423344927,0.6,1.0,0.8,0.4,0.9,0.7000000000000001,0.30000000000000004,0.5,0.1,0.2,0.5,0.5,0.5,0.5,0.5,0.5,1.0,0.5,0.0,0.5,0.5,0.5,1.0,0.5,0.5,1.0,0.0,1.0,0.0,0.0,0.5,0.5,0.5,0.5,0.5,0.5,0.0,0.5,0.5,0.5,0.3958946937927029,0.21376380711534115,0.22790025880279996,0.2547248451441106,0.4147768670340372,0.48019072238979266,0.25152474041281947,0.48462601111005665,0.3247314645935444,0.20396995813084878,4.712916248714115,3.1301441990663,4.975009807393406,4.272692352636245,2.9505295598944867,3.996351348475324,2.4773212319725646,4.882284676907956,4.756416653145143,2.943487647797049,1.412250699288816,1.412250699288816,1.412250699288816,1.412250699288816,1,1,1,1
65,10,3,3,0.22953997561960776,0.17188252573477436,0.5852573659693892,0.13143001588141,0.6455906455115974,0.640043751970704,0.07925438217276792,0.3812638139427794,0.185706538110811,0.07048033026601506,0.7000000000000001,0.6,1.0,0.4,0.9,0.8,0.2,0.5,0.30000000000000004,0.1,0.5,0.5,0.5,0.0,1.0,0.5,0.5,0.5,1.0,0.0,0.5,0.5,1.0,0.0,0.5,0.5,0.5,1.0,0.5,0.0,0.5,0.0,0.5,0.5,0.5,0.5,0.5,0.0,1.0,0.5,0.24046972851286127,0.4888538790244591,0.3264540484252748,0.4860940275974265,0.3163151315359495,0.44920210226921076,0.33623975163405295,0.45027225684080097,0.49058847820299967,0.4724835684882135,4.579039370769616,2.061807449423421,2.8489867322294367,4.937907270629106,4.784082179620924,2.4381843786481046,4.132586101810432,4.827016061019198,4.183158200808948,2.4784757491570226,1.824837018291312,1.824837018291312,1.824837018291312,1.824837018291312,1,1,1,1
66,10,3,3,0.2874754830718811,0.3759450781803635,0.5385871520973056,0.3870404319525973,0.2928511228013701,0.16178954965238154,0.1310849854100964,0.4120984230388733,0.11687473738969861,0.07029424905763698,1.0,0.8,0.9,0.7000000000000001,0.6,0.4,0.30000000000000004,0.5,0.2,0.1,1.0,1.0,0.5,0.5,0.5,0.5,0.0,1.0,0.0,0.0,0.5,0.5,0.5,1.0,0.0,0.5,1.0,1.0,0.0,0.5,0.5,0.5,0.5,0.0,1.0,0.0,0.0,0.5,1.0,0.5,0.44073080623675254,0.4577855817007616,0.2821498794034773,0.46513900391875607,0.4932944714211978,0.2569125814029597,0.3589077032732228,0.20584612652093426,0.2494524712897875,0.4259002358403673,3.829820564557969,2.6009287414522047,2.0599408195959747,2.0640948533500474,4.3149649133592884,2.921960517189298,4.275480305321356,2.287923229938496,2.406068894389476,2.6754763304899774,1.1028778047238965,1.1028778047238965,1.1028778047238965,1.1028778047238965,1,1,1,1
67,10,3,3,0.25571285065908067,0.38237050709748965,0.167046454024798,0.19742780258370585,0.519685698557408,0.25298287438331973,0.15430467758431315,0.689836642222163,0.03002784249931094,0.17900914592036832,0.9,1.0,0.6,0.5,0.7000000000000001,0.4,0.30000000000000004,0.8,0.1,0.2,0.5,1.0,0.5,0.5,0.5,0.5,0.5,0.5,0.0,0.5,0.5,1.0,0.5,0.5,0.5,1.0,0.0,1.0,0.5,0.5,0.5,0.5,0.0,0.5,1.0,0.5,0.5,1.0,0.5,0.5,0.4473065851154707,0.38553137545976335,0.24951678775605396,0.4571857664240251,0.3248579541539417,0.2117480939639172,0.2188408101163834,0.277394337822907,0.43441420159118765,0.31627075928441695,2.449502467425391,4.7726097825399725,2.875295532032297,3.388146312708262,3.183248301946643,2.7694837663444813,4.32877182326679,4.122736236730704,4.927970683000744,2.2299707902884407,1.298533339557037,1.298533339557037,1.298533339557037,1.298533339557037,1,1,1,1
68,10,3,3,0.3856803639348769,0.5687856534362215,0.16952846782365072,0.10783511082505387,0.22845210020420115,0.5791865290915974,0.5026534681448079,0.2169365601673357,0.11729711674318147,0.07024400910001408,0.9,1.0,0.6,0.4,0.5,0.8,0.7000000000000001,0.30000000000000004,0.2,0.1,0.5,0.5,0.0,0.0,0.5,0.5,1.0,0.5,0.0,0.0,1.0,0.5,0.5,0.0,0.5,0.0,0.5,0.5,1.0,0.0,1.0,0.5,0.5,0.5,0.5,1.0,0.5,0.0,0.5,0.5,0.3360707542357673,0.22434809762078423,0.4753747788144813,0.282570093892575,0.20681015818554932,0.2697865144687465,0.22640089687666815,0.22031585521594838,0.32109568969974667,0.3514680351749716,3.7061135087470536,4.962274185306963,2.8266477249551087,3.1256309667614093,4.440153703815843,2.4543062538006444,3.6217398385082733,2.292159863017094,3.0347433717654426,3.3490083769438277,1.4236001473133675,1.4236001473133675,1.4236001473133675,1.4236001473133675,1,1,1,1
69,10,3,3,0.22949908715328615,0.6033029790032871,0.4073270593364079,0.1775528199844908,0.3619512246528169,0.6982754978284724,0.19903114573699596,0.1931116745811061,0.13487278215023157,0.04681047106086944,0.7000000000000001,1.0,0.8,0.5,0.6,0.9,0.4,0.30000000000000004,0.2,0.1,0.0,1.0,1.0,0.0,0.0,1.0,0.5,0.5,0.5,0.5,1.0,1.0,1.0,0.5,1.0,0.0,0.5,0.0,0.5,0.5,1.0,1.0,1.0,1.0,0.5,1.0,0.5,0.0,0.5,0.5,0.34442892820828563,0.23137165245173627,0.2065992272641227,0.34490097767342975,0.32875439259908934,0.3690476685559185,0.33836857929187675,0.26432267010347754,0.3026662104912085,0.26273999328237085,4.58109577052133,2.44520743065684,3.2965719439771943,3.0420676904735093,4.044574936177019,3.0563674594852897,4.494618401019062,2.2349365450631105,3.094464769731917,2.8267423102273415,1.6649690221481728,1.6649690221481728,1.6649690221481728,1.6649690221481728,1,1,1,1
70,10,3,3,0.317964012009473,0.5553804320381031,0.33138432946078494,0.49930122809995464,0.3012195647475233,0.10744180402697545,0.21161380583178444,0.7479431602139304,0.13521454744189607,0.04484225428719666,0.8,1.0,0.6,0.7000000000000001,0.5,0.30000000000000004,0.4,0.9,0.2,0.1,0.0,0.5,0.0,1.0,0.5,0.5,0.0,0.5,0.5,0.5,0.5,0.5,0.5,0.5,1.0,0.0,0.0,0.5,0.5,0.5,0.0,0.5,0.5,0.5,1.0,1.0,1.0,0.5,1.0,0.5,0.24933360619220335,0.4690199665944591,0.4885798736581086,0.4568678639420719,0.4730215414548693,0.3668085831377038,0.292967273090254,0.28986953979230046,0.24975435335593946,0.3780604601034444,2.62608341270954,3.1382800392303305,4.813190014281904,4.851920131241061,3.376731398013982,3.1676804258270783,4.235663515951881,4.4482323569828335,4.456314612093452,4.69305445010084,1.0954138283516504,1.0954138283516504,1.0954138283516504,1.0954138283516504,1,1,1,1
71,10,3,3,0.2697651097593815,0.23560911028950587,0.547820727439567,0.717546837296597,0.17366515763666854,0.08105927423618006,0.5000562718866645,0.13879545954537753,0.44882397495514337,0.049843824963904514,0.8,0.6,0.9,1.0,0.4,0.30000000000000004,0.7000000000000001,0.2,0.5,0.1,0.5,1.0,1.0,1.0,0.0,0.5,1.0,0.5,0.0,0.0,0.5,1.0,0.5,1.0,0.5,0.5,1.0,0.0,0.5,0.0,0.5,0.5,0.5,1.0,0.5,0.0,0.0,0.0,0.0,0.0,0.48261518612118537,0.4927933871202134,0.48047567989802087,0.35733136411669175,0.4621140713486637,0.3463462009182382,0.3074515489047124,0.2548548982962213,0.22457072711892828,0.36369027980889257,4.311350176217543,2.6208059517929443,2.452818244471009,2.014553699069677,2.639621189972743,4.674793602061472,4.034902783464808,3.6538091587869275,2.6063352652942124,3.107761552601066,1.2875716587937989,1.2875716587937989,1.2875716587937989,1.2875716587937989,1,1,1,1
72,10,3,3,0.489023692281246,0.28874167840909865,0.4047496735071486,0.7133077322622801,0.6208951314911567,0.17801179315559834,0.2807770104182642,0.08322718287526372,0.026381322583197114,0.4391078404112523,0.9,0.6,0.7000000000000001,1.0,0.8,0.30000000000000004,0.4,0.2,0.1,0.5,0.5,0.5,0.5,0.5,0.5,1.0,0.5,0.0,0.0,0.5,0.5,0.0,0.5,0.5,1.0,0.0,1.0,0.5,0.5,0.5,1.0,0.5,1.0,0.5,1.0,1.0,0.5,0.0,0.5,0.5,0.44243994330169595,0.35297703091138855,0.43274612806158774,0.3743382946103593,0.4836756151621329,0.23372329498587657,0.3292813484143067,0.23877744993169928,0.3748064546115632,0.40069269644733374,3.464565598233161,4.506178086084798,2.100244935332841,2.1326024958428125,2.7692735473695116,3.627577781932118,3.98498141978064,2.312896196264062,3.2320083053632427,4.790452425404798,1.0910090788538964,1.0910090788538964,1.0910090788538964,1.0910090788538964,1,1,1,1
73,10,3,3,0.17671722036636028,0.2881415577485123,0.1618463447590009,0.6860008475104458,0.6990502658440192,0.6727131318107572,0.2785731270905526,0.09039699769738326,0.25113612366956706,0.07453769376381303,0.6,0.7000000000000001,0.5,1.0,0.9,0.8,0.4,0.2,0.30000000000000004,0.1,0.0,0.5,0.5,0.5,0.0,1.0,0.0,0.5,0.0,0.5,0.5,1.0,0.5,0.5,1.0,1.0,0.5,0.5,0.5,0.5,0.0,0.5,0.5,1.0,1.0,0.5,1.0,0.5,0.0,0.5,0.38165874447088644,0.2760540606960674,0.4020536143092823,0.20843516073222837,0.21289496126473662,0.4412734338683083,0.3814640330227429,0.2948689938449435,0.24778694178430427,0.23263227969147188,2.851653143446293,3.809989138370873,3.4004470900990036,3.239929690862441,2.721890257692392,3.8807543058616893,4.4513391854053825,3.8388168624983328,3.5008533283265164,4.299433912134171,1.2344273331908178,1.2344273331908178,1.2344273331908178,1.2344273331908178,1,1,1,1
74,10,3,3,0.2845542677706726,0.45381898402023535,0.12674889563189584,0.15301560589128474,0.7967863103172337,0.5289265576491762,0.14707639380086718,0.4888847586224701,0.04011041443556536,0.1432203750566515,0.8,0.9,0.5,0.4,1.0,0.7000000000000001,0.30000000000000004,0.6,0.1,0.2,0.5,0.5,0.5,0.0,0.5,0.5,0.5,0.5,0.5,0.5,0.5,1.0,0.5,0.5,0.5,0.5,0.0,1.0,0.0,0.5,0.5,1.0,0.0,0.5,1.0,0.5,0.0,0.0,0.5,0.5,0.23301954682370013,0.4737843800545411,0.35769840742430725,0.320210240854647,0.3909672876369388,0.4908757241491098,0.34891764669075426,0.3536985996675449,0.3536901407805114,0.37598315933653786,2.4207426361370787,4.0303989239124665,2.87048388247769,2.2425550192315367,2.2318617448688656,2.163104757489915,2.0470038878246015,3.4601296683572116,2.775808313671022,4.2389156443374185,1.8045994723451524,1.8045994723451524,1.8045994723451524,1.8045994723451524,1,1,1,1
75,10,3,3,0.23951066545268895,0.5272416527690702,0.411251916307138,0.5360503288922169,0.24058462243540824,0.3568895310209087,0.160220161063387,0.15641949320405812,0.2664509979955635,0.08579307081945184,0.9,1.0,0.7000000000000001,0.8,0.5,0.6,0.4,0.2,0.30000000000000004,0.1,1.0,1.0,0.5,1.0,0.0,0.5,0.5,0.0,1.0,0.0,0.0,1.0,0.5,1.0,1.0,0.0,0.5,0.5,1.0,0.0,0.5,1.0,0.5,1.0,0.5,0.5,0.5,0.5,0.5,0.0,0.45322348009168734,0.403810364238972,0.21132176403916236,0.3463268364116624,0.34119199213939266,0.20124676744046396,0.3389497311256724,0.35545600139177075,0.345529269210443,0.3014140192906819,2.365910179286824,4.973248878913315,2.8899910923566923,4.949645404374681,3.541088086611645,3.5240291249638087,3.007526063547485,3.986191243627612,4.168536519004652,4.657434647775255,1.20400168092124,1.20400168092124,1.20400168092124,1.20400168092124,1,1,1,1
76,10,3,3,0.4107829472507744,0.6388886187368543,0.16697516769546428,0.4680722386005667,0.776882261069729,0.40563931080392696,0.3925348990369059,0.04259092636010806,0.25274121322264165,0.17540912204069814,0.8,0.9,0.4,0.7000000000000001,1.0,0.6,0.5,0.1,0.30000000000000004,0.2,0.5,0.5,0.5,0.5,0.5,0.5,0.0,0.5,0.5,0.0,0.5,0.5,0.0,0.5,1.0,1.0,0.5,0.0,0.5,0.0,1.0,1.0,1.0,1.0,1.0,0.5,0.5,0.5,0.0,0.5,0.3544882986968525,0.35969840745644804,0.2290007137177735,0.3091078375445911,0.296148214442899,0.3369602727887372,0.4281576552642265,0.4521847974210215,0.3954852988675892,0.37743332491491033,3.153848025549234,3.325473810516706,4.1826404485560085,4.777398905344077,4.550919096109419,2.3234282953764525,2.84213531717581,3.8898531344439364,3.936381550476143,2.8284496272032,1.142269216292852,1.142269216292852,1.142269216292852,1.142269216292852,1,1,1,1
77,10,3,3,0.3050918353232913,0.38650073254117995,0.16137145536683117,0.43777705829690766,0.13813415652315875,0.7857415319906793,0.12855905069342058,0.48807284643280996,0.1255396249135273,0.04627829064792263,0.9,0.8,0.5,0.7000000000000001,0.4,1.0,0.30000000000000004,0.6,0.2,0.1,1.0,1.0,1.0,0.5,0.5,0.5,0.5,0.5,0.0,0.5,1.0,0.5,0.5,0.5,0.0,0.5,0.0,0.0,0.5,0.0,0.5,0.5,1.0,0.5,0.0,0.5,0.5,0.5,0.0,0.5,0.2952809068719159,0.4405134167339019,0.2809366602658296,0.4491585798595248,0.46090625719221745,0.37601695401554014,0.32261659437556145,0.4846655438406028,0.34891679121298524,0.425102125844611,3.103539121721611,3.205921681533662,4.940395036286722,3.6549945761207487,3.176901323350784,4.645341112410493,2.4837781496486477,3.3522580538678004,4.455650070343272,2.0424194179164465,1.5522009750126105,1.5522009750126105,1.5522009750126105,1.5522009750126105,1,1,1,1
78,10,3,3,0.4397500014800788,0.36222336993580556,0.16880439051793533,0.415218090054192,0.531343314145654,0.803318831195655,0.3216824618990781,0.033026570667478355,0.14336772102620549,0.25254163064682195,1.0,0.8,0.5,0.6,0.7000000000000001,0.9,0.4,0.1,0.2,0.30000000000000004,1.0,0.0,0.0,0.0,1.0,0.5,0.0,0.0,1.0,0.5,1.0,0.0,1.0,1.0,1.0,0.5,0.5,0.0,0.5,0.0,0.5,1.0,0.5,0.5,0.5,1.0,0.0,0.0,0.5,0.0,0.33195382000295415,0.2530938367302235,0.49913971209184593,0.28328989923831144,0.3303986021262987,0.33428295104862954,0.43043643508355417,0.4227177514170496,0.36631667885780406,0.36017109105726375,4.034956296649248,2.994800578302959,4.302201653975658,4.170996132890767,2.328250217955542,3.4609424884028313,4.612901650352388,4.666176294186483,4.188280616259579,3.281394874253136,1.1772200495438199,1.1772200495438199,1.1772200495438199,1.1772200495438199,1,1,1,1
79,10,3,3,0.15246754808441648,0.7409809502006939,0.5728748116803546,0.48867979801115435,0.7149573776883903,0.3660928424103711,0.18871396981035835,0.09006585640058316,0.29922941607045833,0.05722254759867306,0.6,1.0,0.8,0.7000000000000001,0.9,0.5,0.30000000000000004,0.2,0.4,0.1,0.5,1.0,0.5,1.0,0.5,0.0,0.0,0.0,1.0,0.5,0.0,0.5,1.0,0.5,0.5,1.0,0.5,1.0,0.5,0.0,1.0,1.0,0.5,1.0,1.0,0.5,1.0,0.0,0.5,0.5,0.4560194330456614,0.34042172298915585,0.4365543671312718,0.45035637216605723,0.24409149886490783,0.4005574193667182,0.4098666549645753,0.2093644890551526,0.3291796223394239,0.2751969556311723,3.877300722275407,3.1370206884168352,4.954000315561899,3.777441262790008,4.741101972671122,4.046866725341044,3.592148111851815,3.17840653570532,4.470750631053077,2.552193151609351,1.9741866890915443,1.9741866890915443,1.9741866890915443,1.9741866890915443,1,1,1,1
80,10,3,3,0.3636856668815873,0.49375571264804746,0.30453836729765377,0.21919628239154954,0.19356599738835661,0.3290816751168988,0.1363993564237693,0.6372904681436569,0.05499415019649467,0.05704795486549444,1.0,0.9,0.7000000000000001,0.6,0.4,0.5,0.30000000000000004,0.8,0.2,0.1,0.5,1.0,0.5,1.0,1.0,0.0,0.0,0.5,0.5,0.5,1.0,0.5,0.5,0.5,1.0,0.0,0.0,1.0,0.5,1.0,1.0,1.0,1.0,1.0,0.5,0.5,1.0,0.5,0.5,0.5,0.4426343438427267,0.2590230050494164,0.3300186462729795,0.2428874267041233,0.2657808571105751,0.3387726771795118,0.3973498404440645,0.23953572578654847,0.3199375802092315,0.49604811430938184,2.1524777485249005,3.8038000893972375,3.5234976183135043,3.7675434410019077,4.135004674051277,2.163381454143556,3.9180798700178165,4.8183380891797665,2.4633382659223986,2.445905495083659,1.8083643763102786,1.8083643763102786,1.8083643763102786,1.8083643763102786,1,1,1,1
81,10,3,3,0.26929175074646183,0.6239788795823304,0.48532780407196124,0.4070669135120056,0.11430550467563089,0.3358314928796223,0.29012282728781347,0.18595775443266205,0.1162937282352786,0.036423041750966,0.9,1.0,0.8,0.7000000000000001,0.4,0.6,0.5,0.30000000000000004,0.2,0.1,1.0,1.0,1.0,0.0,0.5,0.0,0.5,0.5,0.0,0.0,0.5,1.0,1.0,0.5,0.5,0.5,0.0,0.5,0.0,0.5,1.0,0.5,0.5,0.5,0.5,0.0,0.5,0.5,0.5,0.5,0.46495276648244055,0.4536008926453242,0.4935451133108918,0.3449891145379267,0.22349608867587006,0.29153256366687574,0.3617786773559343,0.25493975614426984,0.4827540561269251,0.4805303578526641,4.331127549282808,4.184812080373499,2.021081520697741,3.7286262912725188,3.922973747096183,4.5752096890461305,3.6458047895864616,3.682604516415595,2.35194143066363,3.4361806853706627,1.4982078280128255,1.4982078280128255,1.4982078280128255,1.4982078280128255,1,1,1,1
82,10,3,3,0.3554559073645421,0.676750752633146,0.28552299012203464,0.4128427012204367,0.22857857499776596,0.7586534670809743,0.08005561989495248,0.32513252086727334,0.0648549627943643,0.2695634234549159,0.8,1.0,0.6,0.7000000000000001,0.5,0.9,0.2,0.4,0.1,0.30000000000000004,1.0,0.5,0.5,0.5,0.0,1.0,0.5,0.0,0.0,0.5,1.0,0.5,0.5,0.5,0.5,1.0,0.0,1.0,0.5,1.0,0.5,0.5,1.0,0.5,0.0,0.5,0.0,0.0,0.0,0.5,0.20264585090081466,0.23354964116246835,0.3322949056114679,0.22382738300345179,0.46492622304708436,0.44070607469534656,0.4171444663360889,0.3591453498210375,0.4253776227129016,0.3127379490482295,4.1786956675119225,2.698779292071682,3.4063201649735078,2.2945167178218893,4.01512939196942,2.9944673784373914,3.297041824535198,2.4568150420792376,3.1621661726353922,4.4864305178536075,1.911858719127187,1.911858719127187,1.911858719127187,1.911858719127187,1,1,1,1
83,10,3,3,0.21484222306248135,0.443171256162801,0.7455524922545966,0.6518362759084553,0.28381615143565064,0.2047860628891793,0.5191250003400778,0.3375999220976912,0.05828818097132127,0.1657391655609196,0.8,0.7000000000000001,1.0,0.9,0.5,0.30000000000000004,0.6,0.4,0.1,0.2,0.5,1.0,1.0,0.5,0.5,0.5,0.5,1.0,0.0,0.5,1.0,0.5,0.5,0.5,0.5,1.0,1.0,0.0,0.5,0.5,0.5,1.0,1.0,0.5,1.0,1.0,0.5,1.0,0.5,0.5,0.4564485944676534,0.26512168194358476,0.3700653792430687,0.27267507607082553,0.36715738363206185,0.2837452568914582,0.41845586841601445,0.3377820920003918,0.42807401500710823,0.48128154557669384,3.9930152785036563,4.2046651450625685,2.0913884523240758,4.269224551908938,2.05870546534001,4.85023800860081,3.0661970850476594,4.761447052235155,3.64246418061504,4.287175228880663,1.5839055111759985,1.5839055111759985,1.5839055111759985,1.5839055111759985,1,1,1,1
84,10,3,3,0.23902224937525673,0.30449787206624884,0.21719776886235886,0.3258353668714939,0.19527081830851678,0.12735658523891266,0.8851496726951669,0.8016264019596812,0.14296611416335234,0.04570978838473195,0.8,0.7000000000000001,0.5,0.6,0.4,0.30000000000000004,1.0,0.9,0.2,0.1,0.5,0.5,0.5,0.5,0.5,0.0,0.5,0.5,0.0,0.5,1.0,0.5,0.5,1.0,0.5,0.5,1.0,0.5,0.0,0.5,1.0,0.5,0.0,1.0,0.0,0.5,1.0,1.0,0.5,0.5,0.36122720134479785,0.31757155701152073,0.22057433017776643,0.3968792969864279,0.2859372376330047,0.32675209449962705,0.45621995711742147,0.40545561182062684,0.4559765196806093,0.3956413037733688,2.425551277201862,3.2810033788432906,3.9734618541075566,3.762183882592397,4.033547976405615,3.205586052643063,4.899635487239964,2.419658359513272,3.9536052620366715,3.476599331495441,1.3277051218672846,1.3277051218672846,1.3277051218672846,1.3277051218672846,1,1,1,1
85,10,3,3,0.2954491425140162,0.2357289569099862,0.30091976166911927,0.3097452074788298,0.16100279445351484,0.28983556618285,0.23290241704641074,0.14384273390905744,0.12227655648150666,0.07336356209522409,1.0,0.9,0.8,0.7000000000000001,0.5,0.6,0.4,0.30000000000000004,0.2,0.1,0.5,0.5,1.0,1.0,1.0,1.0,0.5,0.5,0.5,0.5,1.0,1.0,0.5,0.5,1.0,0.5,0.5,0.0,1.0,0.0,1.0,0.5,0.5,0.5,0.5,0.0,0.5,0.0,1.0,0.5,0.41741258227785216,0.27748761017517587,0.47341103167230336,0.45799463325756495,0.4132872005143359,0.21020896336580078,0.3186327550192007,0.4129148256141063,0.2950568566770844,0.24209813240588765,2.923149380350104,3.507603639615695,2.7888458183319744,4.1517903811178405,4.127129070306646,2.5517652730748,4.03885631821964,2.1067412564007144,4.297287477903895,2.939582043214379,1.6556879804156135,1.6556879804156135,1.6556879804156135,1.6556879804156135,1,1,1,1
86,10,3,3,0.2831287411841892,0.6399367953032494,0.14997962750503646,0.3769440205608423,0.814063202071538,0.31670811278955113,0.15513153228213003,0.0981595624310091,0.6269318456596424,0.05599134809662637,0.8,0.9,0.4,0.6,1.0,0.5,0.30000000000000004,0.2,0.7000000000000001,0.1,0.5,0.5,0.5,1.0,1.0,0.0,0.0,0.0,0.5,0.0,0.5,1.0,1.0,0.5,1.0,0.5,0.0,0.5,1.0,0.0,1.0,1.0,0.0,0.0,1.0,0.5,0.0,1.0,0.5,0.0,0.4033338645643638,0.446102135029938,0.25398894647758374,0.4450950439633418,0.22637686873468124,0.4715531149131903,0.22416124681306093,0.277757488306031,0.3345894755979568,0.23935439575908754,4.533395451273234,4.68608563176589,2.9023140891854764,4.411712992111111,2.8293799786154534,4.220720451704231,2.5503156234630184,3.434808290453034,3.1970601497602464,2.9524378319765354,1.538635540109155,1.538635540109155,1.538635540109155,1.538635540109155,1,1,1,1
87,10,3,3,0.319012325611039,0.24015354875505995,0.6202636718837343,0.28211321508924553,0.16997599084238252,0.07136680023764896,0.6754577857529234,0.42510031874741244,0.041827379575519415,0.26649490335830467,0.9,0.7000000000000001,1.0,0.6,0.4,0.2,0.8,0.5,0.1,0.30000000000000004,0.5,0.5,1.0,0.5,0.0,0.5,0.5,0.0,0.5,0.0,1.0,0.5,1.0,0.5,0.0,0.5,1.0,0.5,0.5,0.0,0.0,0.5,0.5,0.0,0.0,1.0,0.0,1.0,1.0,0.5,0.2612084281294545,0.22438370533839935,0.38030427089131924,0.23297015877090482,0.2565225713413789,0.43949285165813723,0.470599105854006,0.4414579210332711,0.20283393091119184,0.41883968572754826,3.4514851727669065,3.8962381059908267,4.500388472334949,3.5112407884092316,4.838548226941654,4.493078659135968,3.5127883658787877,3.786408836040024,4.056302754796491,2.3647148511539045,1.3028506751658044,1.3028506751658044,1.3028506751658044,1.3028506751658044,1,1,1,1
88,10,3,3,0.5163867574393912,0.2515747679684585,0.49425099227275365,0.11357316024039354,0.4213392058631211,0.27421966218562965,0.11112153690334559,0.7781509378625062,0.0897608749419893,0.06443383209083685,1.0,0.6,0.8,0.4,0.7000000000000001,0.5,0.30000000000000004,0.9,0.2,0.1,1.0,0.5,0.0,0.0,0.5,0.5,0.5,0.0,0.5,0.0,0.5,0.0,0.5,0.5,1.0,0.5,1.0,1.0,0.0,0.0,1.0,0.5,1.0,0.0,0.5,0.5,0.5,1.0,0.0,0.5,0.22538462131993703,0.36404530291069204,0.26773191220499265,0.3122447723194613,0.21764769117353178,0.35744548708046925,0.26166395518260416,0.27831776578669437,0.38171202828953477,0.2464117877217134,4.122289516686317,4.878024026469253,2.4984470681777107,3.672283380837794,2.148290221635519,2.683037647957991,3.6705728513193607,3.8856251801393,3.60115092209648,2.9211893566064164,1.8484685334266462,1.8484685334266462,1.8484685334266462,1.8484685334266462,1,1,1,1
89,10,3,3,0.30422377748634744,0.224273225296862,0.13245873463195973,0.4517030114904117,0.5588957697077194,0.35573214665939934,0.18224659960146936,0.19728939200062204,0.09961927493283239,0.08615715393669815,1.0,0.7000000000000001,0.5,0.8,0.9,0.6,0.4,0.30000000000000004,0.2,0.1,1.0,0.5,0.5,0.5,0.5,0.0,0.0,0.0,0.5,0.0,1.0,0.0,1.0,0.5,0.0,0.5,0.5,0.5,1.0,0.5,0.5,1.0,0.5,1.0,0.5,0.5,0.0,0.5,1.0,0.5,0.26028709423603213,0.4961517104885984,0.41320802704674897,0.49113143649569546,0.24753107571606275,0.3777888056996985,0.26317217687727373,0.3250087569707082,0.4230463713539149,0.2908481912168597,2.186918315066145,4.612385116184674,3.356569041354693,2.1142046014468905,2.085542608434967,3.6288200615398214,3.0412748013869306,2.5162771721015353,2.4490950380830467,2.544455951553185,1.953409425695849,1.953409425695849,1.953409425695849,1.953409425695849,1,1,1,1
90,10,3,3,0.28110679750430434,0.2071972825749946,0.45614897055261594,0.23502198132475705,0.18016591146256444,0.47276004217171086,0.18511400357793717,0.03677295289405855,0.251938867626624,0.1587234766296959,0.9,0.8,1.0,0.6,0.5,0.7000000000000001,0.4,0.1,0.30000000000000004,0.2,1.0,0.5,0.5,0.5,0.5,0.5,1.0,0.5,1.0,0.0,0.5,0.5,1.0,1.0,0.5,1.0,0.0,0.0,0.5,0.5,0.5,0.0,1.0,0.5,0.5,1.0,0.5,0.5,0.0,0.0,0.2734132760917626,0.3190062256696247,0.4847303292164889,0.34773525662168103,0.3764783496167667,0.3237746699668675,0.35098352524665644,0.31774372477528984,0.22945900310050643,0.36760641880345235,2.063029343893776,2.328976393593744,2.85373344468191,2.954995411919047,3.5323876276309383,2.446307498839428,3.387124299898707,4.956615265060423,3.0505688172243683,4.172497112077316,1.9916476974505049,1.9916476974505049,1.9916476974505049,1.9916476974505049,1,1,1,1
91,10,3,3,0.18922839783955037,0.490630704751444,0.612802856448617,0.33651462234926083,0.25744580975345693,0.12314918241027084,0.6811848738682788,0.10589999615594321,0.3230595785393402,0.0263519614762866,0.7000000000000001,0.9,1.0,0.6,0.5,0.30000000000000004,0.8,0.2,0.4,0.1,0.5,1.0,0.5,1.0,1.0,0.5,0.5,0.5,1.0,0.0,1.0,1.0,1.0,1.0,0.5,0.5,0.0,0.0,0.0,0.5,0.5,1.0,0.5,0.0,0.0,0.5,0.5,0.0,0.5,0.5,0.49658424871534,0.2815229460501503,0.2574572930305661,0.4757028478126958,0.3706375530810886,0.48806238856040707,0.30255434296446015,0.25129161332961225,0.3097419856528633,0.3641747153881084,3.949085828631514,3.486640685852218,3.94460070850008,3.494380584381211,4.073225823155013,3.246160557264072,4.908209398919298,3.6925567829804335,3.1787060862547785,4.837427612447456,1.807187467336008,1.807187467336008,1.807187467336008,1.807187467336008,1,1,1,1
92,10,3,3,0.3052971122141732,0.2161027435358705,0.6261903806928419,0.5513771260210508,0.18609740224591387,0.15582767203630998,0.4238755157741175,0.0798253849170929,0.2487650273123164,0.060065523656464274,0.8,0.7000000000000001,1.0,0.9,0.5,0.4,0.6,0.2,0.30000000000000004,0.1,1.0,1.0,0.5,1.0,0.5,1.0,1.0,0.5,0.5,0.0,0.5,0.5,1.0,1.0,1.0,0.5,0.5,0.0,1.0,0.5,0.0,0.0,1.0,1.0,1.0,0.0,1.0,0.5,0.5,1.0,0.38115039518425425,0.2340742975746915,0.46371857677337286,0.28140852154780865,0.3733095620814895,0.34688351137756146,0.2136139213530031,0.4524075891245458,0.3269331454275719,0.34322515950709687,2.8318559341057608,4.670176533445497,3.1333162587878576,2.5176330324891465,3.630981967306326,2.8339571533514567,3.87642251222447,2.7062134539213583,4.771086632749423,3.996756913391868,1.542314780235872,1.542314780235872,1.542314780235872,1.542314780235872,1,1,1,1
93,10,3,3,0.5672588039227853,0.5308816164282436,0.21941197678225044,0.1440800522817176,0.4137565186969807,0.06399535207049037,0.6011846926145691,0.7177650072359476,0.23532475003191516,0.04857510755768289,1.0,0.9,0.5,0.4,0.6,0.2,0.7000000000000001,0.8,0.30000000000000004,0.1,1.0,0.5,0.0,0.5,0.5,0.0,1.0,1.0,0.5,0.5,1.0,1.0,0.5,0.5,0.5,0.5,0.0,1.0,0.0,1.0,0.5,1.0,0.0,0.0,0.5,0.0,1.0,1.0,0.5,0.5,0.2729423006281761,0.3969560456948201,0.24283963405242603,0.3975897448941016,0.3750840393719109,0.32759595506050376,0.2692861717299343,0.3255588704096877,0.3163670964716514,0.26982761073316625,2.5392967023385156,2.5419535372391953,4.918070804791271,2.8027976704094026,3.98332888802403,2.122397513245415,4.394487304007416,4.821315856393568,2.677229789500753,2.881494495617265,1.5453068987940966,1.5453068987940966,1.5453068987940966,1.5453068987940966,1,1,1,1
94,10,3,3,0.226352134665325,0.3272582401990609,0.24142175639688013,0.16540473582857146,0.07752285567382303,0.7867985503263405,0.4270676252029347,0.24312219167941215,0.13176608186540154,0.043500445164067904,0.9,0.8,0.7000000000000001,0.5,0.30000000000000004,1.0,0.6,0.4,0.2,0.1,1.0,1.0,0.5,0.5,0.5,0.5,1.0,0.0,0.5,0.0,1.0,1.0,0.5,1.0,0.5,0.5,1.0,0.5,0.0,0.0,0.5,0.5,0.5,1.0,1.0,1.0,1.0,0.5,0.5,0.5,0.3837739658667414,0.42716732733409,0.2863203726230088,0.4234240891668002,0.419465536127559,0.4294026749988923,0.47315067943110634,0.42748984937067075,0.45793895840132476,0.45530957448338305,3.0148538582605795,3.789216872217227,3.8703850849151338,3.9178309622217453,4.832357827986121,4.770611603807117,2.7625763820251272,4.690448822160214,2.969320270350837,3.247059158173352,1.8981289831876587,1.8981289831876587,1.8981289831876587,1.8981289831876587,1,1,1,1
95,10,3,3,0.20799811523925515,0.5848598628028113,0.5464519453043817,0.1431875769839669,0.358779730253856,0.10811353728878903,0.6233203797837161,0.4220463733598314,0.13371356594189865,0.05072722479120313,0.7000000000000001,1.0,0.9,0.4,0.6,0.30000000000000004,0.8,0.5,0.2,0.1,0.0,0.5,1.0,1.0,1.0,0.0,1.0,1.0,1.0,0.0,0.5,1.0,0.5,1.0,1.0,0.5,1.0,0.5,0.0,0.5,1.0,1.0,0.5,0.5,0.0,0.5,0.5,0.5,0.5,0.0,0.4192044437681903,0.24967990115265637,0.22910355667421614,0.30508196501996154,0.4370091366040176,0.2675441657412689,0.4380596032502202,0.4248963862983162,0.3660942778254357,0.3009396207657482,4.771101718339638,3.1140636954819776,2.041369953634761,3.0721219303548417,3.5501142591153805,4.671794314445726,2.4810719427358565,2.2801685569391568,4.537924936271652,4.578303398829734,1.267333083779271,1.267333083779271,1.267333083779271,1.267333083779271,1,1,1,1
96,10,3,3,0.3184181300960299,0.22920671818919924,0.36586402883453845,0.48106408262251615,0.693100478818899,0.1883930446943567,0.30628076949834243,0.14117746600888934,0.44916305645821486,0.07436866762569927,1.0,0.8,0.6,0.7000000000000001,0.9,0.30000000000000004,0.4,0.2,0.5,0.1,0.5,1.0,0.5,0.5,1.0,1.0,0.0,0.0,0.0,0.0,0.5,1.0,0.5,0.0,0.5,0.0,0.5,0.5,0.5,0.5,1.0,1.0,0.5,0.0,1.0,0.5,0.0,0.0,0.5,0.5,0.4963727792058014,0.3325254768851804,0.43670453329301273,0.42179775824382837,0.44233803591896026,0.24418383117340103,0.4479907132851989,0.23666608159813365,0.41491619340844643,0.30481328424255333,3.271073601665954,3.3246231472811356,2.5474815750856643,2.7145767670021668,3.2862510915864167,3.3156929444155265,2.3085509787544036,2.58623035309708,2.2055010612083894,3.267313803291103,1.4944226851825455,1.4944226851825455,1.4944226851825455,1.4944226851825455,1,1,1,1
97,10,3,3,0.20249715846983773,0.42634742023147726,0.5848887785797043,0.7308661764240816,0.2483395703950686,0.47430488978813923,0.24996831996822566,0.13860989539877175,0.2550024981177586,0.07655098551002294,0.6,0.8,0.9,1.0,0.5,0.7000000000000001,0.4,0.2,0.30000000000000004,0.1,0.5,1.0,0.5,1.0,0.0,1.0,1.0,0.5,0.0,0.5,0.0,1.0,0.0,1.0,0.5,1.0,0.0,0.5,0.0,0.5,0.5,0.5,1.0,0.5,0.5,0.5,1.0,0.0,0.5,0.0,0.41839513664809846,0.34747649498518285,0.49746318766032815,0.48246012755249795,0.35697065834590364,0.3199350816504222,0.42854893691439566,0.3813989662703783,0.3213627462409978,0.41039853574909435,3.984908907336889,2.132875088507795,3.3973281254102874,3.1247548756082026,3.1996545005857717,2.5666877082767234,4.644370862226356,3.6922369810976026,2.2205467405375368,4.520947240617387,1.8176637861141038,1.8176637861141038,1.8176637861141038,1.8176637861141038,1,1,1,1
98,10,3,3,0.3134939373569421,0.16586242196120277,0.7548471702747331,0.18456464561525665,0.1141340997523029,0.772396709431339,0.6120500868498518,0.4483367481416508,0.15233417996373533,0.06716597926140126,0.8,0.6,1.0,0.4,0.30000000000000004,0.9,0.7000000000000001,0.5,0.2,0.1,0.5,0.5,1.0,0.5,0.5,1.0,0.0,0.5,0.5,0.0,1.0,0.5,0.5,0.0,0.0,0.5,0.5,0.5,0.0,0.0,1.0,0.5,1.0,0.0,0.5,1.0,0.5,0.5,0.0,0.5,0.3058095955048492,0.26488664309438703,0.49614194538115564,0.4364887253371586,0.4518507315685204,0.28242297405314043,0.3192776025508593,0.32522782543237205,0.42724156318433154,0.38472758895403525,4.434376900791384,3.3823744699794798,3.1869720353786004,2.4564352657453874,4.703560854846533,4.399474457599489,2.460273992726868,2.2169174237882765,3.3166590113021432,4.0866450139208705,1.343509933584782,1.343509933584782,1.343509933584782,1.343509933584782,1,1,1,1
99,10,3,3,0.2658865046175738,0.6368867098406528,0.579764434429251,0.12033812478135769,0.26254431600189987,0.5636779769288184,0.12915273782315365,0.06784980335415522,0.5075710865868176,0.029641323232799444,0.7000000000000001,1.0,0.9,0.4,0.5,0.8,0.30000000000000004,0.2,0.6,0.1,0.5,1.0,0.5,0.5,0.5,0.5,0.0,0.0,1.0,0.0,1.0,1.0,0.5,0.5,0.5,0.5,0.0,0.5,1.0,0.5,0.5,1.0,1.0,0.5,0.5,1.0,1.0,0.5,0.5,0.0,0.3986849031658102,0.44246123226322187,0.22927738135884057,0.3625971286276909,0.24375204447666862,0.43996023276509655,0.40304633396792,0.2922801955840358,0.2437664673919994,0.38437448086256987,2.7450535026517886,2.723538383681597,4.931390709185264,4.804723471997153,3.0513882518056645,3.6917119228656006,3.0727926573256394,3.889575977216329,3.2244919011437188,2.6380246377452226,1.7894357056033443,1.7894357056033443,1.7894357056033443,1.7894357056033443,1,1,1,1
