Instance,N,K,L,c.P1,c.P2,c.P3,c.P4,c.P5,c.P6,c.P7,c.P8,c.P9,c.P10,p.P1,p.P2,p.P3,p.P4,p.P5,p.P6,p.P7,p.P8,p.P9,p.P10,theta1.P1,theta1.P2,theta1.P3,theta1.P4,theta1.P5,theta1.P6,theta1.P7,theta1.P8,theta1.P9,theta1.P10,theta2.P1,theta2.P2,theta2.P3,theta2.P4,theta2.P5,theta2.P6,theta2.P7,theta2.P8,theta2.P9,theta2.P10,theta3.P1,theta3.P2,theta3.P3,theta3.P4,theta3.P5,theta3.P6,theta3.P7,theta3.P8,theta3.P9,theta3.P10,theta4.P1,theta4.P2,theta4.P3,theta4.P4,theta4.P5,theta4.P6,theta4.P7,theta4.P8,theta4.P9,theta4.P10,theta5.P1,theta5.P2,theta5.P3,theta5.P4,theta5.P5,theta5.P6,theta5.P7,theta5.P8,theta5.P9,theta5.P10,a.P1,a.P2,a.P3,a.P4,a.P5,a.P6,a.P7,a.P8,a.P9,a.P10,b.1,b.2,b.3,b.4,b.5,b.6,b.7,b.8,b.9,b.10,gamma0,gamma1,gamma2,gamma3,gamma4,gamma5,eta0,eta1,eta2,eta3,eta4,eta5
0,10,5,3,0.4829598913754815,0.6389104381532,0.2470235570207634,0.23230975693904404,0.20741846366953018,0.5228040028017239,0.16027634947039435,0.6784454460044977,0.134594485156503,0.04760658520127542,0.9,1.0,0.6,0.5,0.4,0.7000000000000001,0.30000000000000004,0.8,0.2,0.1,0.5,0.5,1.0,0.5,0.0,0.5,1.0,1.0,0.5,0.5,0.5,1.0,0.5,1.0,0.5,0.5,0.5,0.5,0.5,0.5,0.5,1.0,0.5,1.0,0.0,0.5,0.0,0.5,0.5,0.0,0.0,0.5,1.0,1.0,0.5,0.5,0.0,0.5,0.5,0.0,1.0,0.5,1.0,0.5,0.5,0.5,0.0,1.0,0.5,0.5,0.2319192544223775,0.3827293055285582,0.45155974784507574,0.3914334457025018,0.323056044384763,0.3552165754509624,0.38044796448913887,0.21299091487476632,0.22049478618401777,0.38795504796254243,3.3876986848497017,2.889478129266002,4.059713609076744,3.394404197737663,2.6406531659388826,4.121477779450954,3.241352962387122,3.822423835953246,3.6556651498226893,3.39324407302485,1.9885684529251149,0.2426431680518294,0.2426431680518294,0.2426431680518294,0.2426431680518294,0.2426431680518294,1,1,1,1,1,1
1,10,5,3,0.34430567418464464,0.16756131194202262,0.5723042617151246,0.42629151852377034,0.13797771661880776,0.25531673220836526,0.05201372615398148,0.6800097689329497,0.2329840389112628,0.08062135747254862,1.0,0.6,0.9,0.7000000000000001,0.4,0.5,0.2,0.8,0.30000000000000004,0.1,0.5,0.0,0.5,0.5,0.0,0.0,0.5,0.0,0.5,0.5,1.0,0.5,0.5,0.5,1.0,0.5,0.0,1.0,0.0,0.0,1.0,1.0,1.0,1.0,0.5,0.5,0.0,1.0,0.5,0.5,0.5,1.0,0.5,0.5,0.5,0.5,0.0,1.0,0.5,0.0,0.5,1.0,0.5,1.0,0.0,0.5,0.5,1.0,0.0,0.0,0.2235570528840639,0.4166779847051765,0.46115821488070635,0.46100602651134065,0.34545066810433156,0.2044446675907838,0.4966708592007293,0.3759582973695023,0.46073905575662283,0.20612734123605952,4.737956646196674,2.52964395909831,4.081391171267931,3.298426505879564,3.502665030536283,2.8227285663484443,2.6114532410719886,3.9839868494678443,3.942745415965153,2.9557810321551607,1.51464415490528,0.5471340924394098,0.5471340924394098,0.5471340924394098,0.5471340924394098,0.5471340924394098,1,1,1,1,1,1
2,10,5,3,0.3572449582137883,0.4562959509007802,0.5967615055958769,0.39983365485340655,0.3176892628430535,0.1849066093833549,0.18862882642388382,0.4210094390292579,0.1616763975929607,0.08279269319310939,1.0,0.8,0.9,0.7000000000000001,0.6,0.4,0.30000000000000004,0.5,0.2,0.1,0.5,0.5,1.0,0.5,1.0,0.0,0.0,0.5,0.0,0.5,1.0,1.0,0.5,0.5,0.5,1.0,0.5,1.0,0.5,0.5,0.5,1.0,1.0,0.5,0.0,0.0,0.0,0.5,0.5,0.0,1.0,0.0,0.5,0.5,1.0,0.0,0.5,0.5,0.5,0.0,1.0,0.5,0.5,1.0,1.0,0.5,1.0,1.0,0.0,0.5,0.26825177844829406,0.47946666622050604,0.4084239901392847,0.2923102222635143,0.2524590025406313,0.4040647642532481,0.4991525032692243,0.32646706889529725,0.362571355268551,0.25607340239942017,3.7792808842247423,4.587831994412349,4.774596432899967,2.476366405574412,3.416286519390339,4.25692768273704,3.304701314580768,3.4852051470783203,2.2855185255524537,2.1804558208822495,1.3816833887057562,0.5625423091615565,0.5625423091615565,0.5625423091615565,0.5625423091615565,0.5625423091615565,1,1,1,1,1,1
3,10,5,3,0.23120197993358216,0.3420389317192959,0.24518281954966198,0.6929609313179367,0.09558803068209171,0.06583549646991116,0.3731356875745834,0.7045128349457999,0.35909474143125186,0.07111137971581823,0.9,0.7000000000000001,0.6,1.0,0.30000000000000004,0.2,0.5,0.8,0.4,0.1,0.5,0.5,0.5,1.0,0.5,0.0,0.5,1.0,0.0,0.0,1.0,0.0,0.5,1.0,0.5,0.0,0.5,1.0,0.0,0.0,0.5,1.0,0.5,1.0,0.5,0.5,0.5,1.0,0.5,1.0,1.0,0.5,1.0,0.5,1.0,0.5,0.5,0.5,0.5,0.5,0.5,0.0,0.5,0.5,0.5,0.5,1.0,1.0,0.5,0.5,0.21394829037752056,0.2529547831698184,0.3468793074307859,0.4789225903717388,0.32579743651706755,0.27118307562595545,0.4556001836874168,0.4990765465490072,0.39397961594448183,0.26255073019418096,2.755934734903353,3.6717639269790943,3.388944222327651,2.2548413969631396,4.22462577230813,2.019516491499733,2.0557847290586135,3.8064720683445676,4.648659130759774,2.541060857360267,1.679310796764085,0.8693781406676866,0.8693781406676866,0.8693781406676866,0.8693781406676866,0.8693781406676866,1,1,1,1,1,1
4,10,5,3,0.30226936768111584,0.41366184267800366,0.23208149872876482,0.24721782232470668,0.2332829342284362,0.15923852902206095,0.0815614542615907,0.8997805738226813,0.32797392971283434,0.08823738210116504,0.8,0.9,0.7000000000000001,0.6,0.5,0.30000000000000004,0.2,1.0,0.4,0.1,1.0,1.0,1.0,0.5,0.5,0.0,0.0,0.5,0.5,0.5,0.5,0.5,1.0,0.0,0.0,0.0,1.0,0.5,0.0,0.0,0.5,0.5,0.5,0.5,0.5,0.0,0.5,1.0,0.5,0.5,0.0,0.0,0.5,0.0,0.0,0.0,1.0,1.0,0.0,0.0,1.0,1.0,0.5,0.5,0.0,0.0,0.5,0.5,1.0,0.5,0.21915128015481328,0.20466709854534273,0.32757513887856804,0.41388213997013257,0.36625884977402245,0.3499047970083674,0.2026723451318577,0.34217818132107425,0.26169632681434896,0.34704075146930885,4.472256450586221,2.8236406036129313,2.413173152157033,2.2914943591459602,4.375605601776854,2.4021066081249285,2.2227187450651114,3.4756916264266344,2.0717746260451952,2.7698034473686324,1.4164898382105071,0.10638537055509797,0.10638537055509797,0.10638537055509797,0.10638537055509797,0.10638537055509797,1,1,1,1,1,1
5,10,5,3,0.4579629845024398,0.18374212109911514,0.4513581700327112,0.19472015955828115,0.32075400793158226,0.08341045789683721,0.08106358439570045,0.8022618874860277,0.31155896517938503,0.03849717393120633,1.0,0.7000000000000001,0.8,0.5,0.6,0.30000000000000004,0.2,0.9,0.4,0.1,0.5,1.0,1.0,0.0,0.5,0.0,0.0,0.5,1.0,0.0,1.0,0.5,1.0,1.0,0.0,0.5,0.0,1.0,0.0,0.0,1.0,0.5,1.0,0.0,1.0,0.5,0.5,0.5,0.0,0.0,1.0,1.0,0.5,0.5,1.0,0.0,0.5,0.5,1.0,0.5,1.0,0.5,1.0,0.5,0.5,0.0,0.0,1.0,0.5,0.0,0.28907607312557426,0.3114926043564062,0.46031117325545684,0.26711113463938563,0.39560578385181877,0.2438526537747077,0.4035419990727505,0.33637730093980184,0.2905692912570136,0.3919477194945679,2.7911118709741896,3.9688863461098425,4.577283340722859,4.359815508402972,3.247592268508169,2.2366470068060127,2.741096703961784,3.1420186436892825,4.332465086201516,4.88992818978377,1.01789514518405,0.1425750216268096,0.1425750216268096,0.1425750216268096,0.1425750216268096,0.1425750216268096,1,1,1,1,1,1
6,10,5,3,0.39085895051154684,0.20702100310158644,0.4003852001956338,0.33998231626306524,0.1515566535946666,0.7228920054998064,0.165795048993704,0.09599082934590153,0.03727126839891193,0.4430422885867895,1.0,0.8,0.7000000000000001,0.6,0.4,0.9,0.30000000000000004,0.2,0.1,0.5,1.0,0.0,0.5,0.5,1.0,0.5,0.5,0.0,0.5,0.0,0.5,1.0,0.5,0.5,0.0,0.5,0.5,0.5,0.0,0.5,1.0,0.5,0.5,0.0,0.5,0.5,0.0,0.5,0.0,0.0,1.0,0.5,0.5,0.5,0.5,0.5,0.0,0.0,0.0,0.5,1.0,1.0,1.0,0.5,0.0,0.5,0.5,0.5,0.5,0.5,0.21918232512103003,0.20820290801212682,0.34722585280138907,0.498353697316969,0.440477449252043,0.47711866722134744,0.47265383779489084,0.23238139086647777,0.27402996584407147,0.45505287540488343,3.7838020775598027,2.827529064033021,4.6629305869884,3.4012708683512813,4.966936859026242,3.9402484530786848,3.6510999349668807,2.68832139983651,4.813407451753141,3.772219298149973,1.4527371846155295,0.8227333313093929,0.8227333313093929,0.8227333313093929,0.8227333313093929,0.8227333313093929,1,1,1,1,1,1
7,10,5,3,0.3291426065865203,0.4641469800894673,0.317992794538174,0.1817778793303202,0.4028791549625726,0.39188255701476793,0.2083657989223991,0.11360445450521192,0.05826403065857161,0.029532126343013818,0.9,1.0,0.8,0.5,0.7000000000000001,0.6,0.4,0.30000000000000004,0.2,0.1,0.5,0.5,0.5,1.0,0.5,0.0,0.5,0.5,0.0,0.0,1.0,1.0,0.0,0.5,1.0,0.5,0.5,0.0,0.5,0.5,0.5,0.5,0.5,0.0,1.0,1.0,1.0,0.0,0.5,0.5,1.0,1.0,0.5,0.5,1.0,1.0,0.0,0.5,1.0,0.0,1.0,0.5,1.0,1.0,0.0,0.5,0.5,0.5,0.0,0.0,0.49895052405461654,0.3357294749683025,0.4919833281675885,0.2092369286978164,0.31775147201512094,0.20963481512453624,0.49515523219796603,0.2848424398389545,0.21458100040703193,0.2890129631476633,4.53935173748164,3.7319137917134135,2.6399608520795876,4.606452338634204,4.2518047791187765,2.211167223753909,2.7567664360309516,4.184113850538235,3.4595938913124065,2.327771427267856,1.0095988954533437,0.21658095739527233,0.21658095739527233,0.21658095739527233,0.21658095739527233,0.21658095739527233,1,1,1,1,1,1
8,10,5,3,0.25497412840052225,0.3571537711963645,0.3282684952063474,0.18021193731355523,0.4261758006446246,0.6686525818330322,0.18615148121776023,0.09818369252687009,0.44979129685981295,0.07632139336903454,1.0,0.9,0.7000000000000001,0.4,0.6,0.8,0.30000000000000004,0.2,0.5,0.1,0.5,0.0,1.0,0.5,0.5,0.5,0.5,0.0,0.5,0.5,0.5,1.0,0.5,0.0,0.5,0.5,0.5,0.5,1.0,0.5,1.0,1.0,1.0,0.5,0.5,0.5,0.0,0.5,0.0,0.5,0.5,1.0,0.5,0.5,0.0,0.5,0.5,0.0,1.0,0.5,1.0,1.0,0.5,0.0,0.5,0.0,1.0,0.0,0.0,0.5,0.4750756811878211,0.49718939063042544,0.39744913439125823,0.44734751611492407,0.3353152546218042,0.3512764588351192,0.42592801638173033,0.472430454346758,0.24151036658962735,0.4611185102892684,2.569892279857112,3.0650803900056425,3.1812853921930677,3.6546429905860363,2.7052618462892997,3.758646120744154,4.436356945375151,2.045795910332576,4.0108970724801605,4.637582228548517,1.5743310773536816,0.9649487329581267,0.9649487329581267,0.9649487329581267,0.9649487329581267,0.9649487329581267,1,1,1,1,1,1
9,10,5,3,0.273954957408276,0.3452307988686255,0.1998681423333346,0.16099433347540543,0.3778957516395031,0.5925175481659882,0.19544105006365672,0.17683163540996732,0.12922257736932213,0.04478615179870995,1.0,0.9,0.6,0.5,0.7000000000000001,0.8,0.4,0.30000000000000004,0.2,0.1,0.5,0.5,0.0,0.0,1.0,1.0,0.5,1.0,0.5,0.5,0.5,0.5,0.5,0.5,1.0,1.0,0.5,0.0,0.0,1.0,0.5,0.5,0.0,0.5,0.5,1.0,0.0,1.0,0.0,0.5,0.5,0.5,0.5,0.5,0.5,0.5,0.5,0.5,0.0,0.0,1.0,0.5,1.0,0.5,0.5,1.0,0.5,0.5,0.0,0.5,0.3593421319875574,0.39570211483044787,0.3326508695600357,0.3802782382495976,0.46408007234937676,0.3594767674377969,0.3665532506497193,0.45503132377520983,0.27819732953469656,0.3880433744404748,2.111521408435184,4.380770339275032,4.553939588192202,2.8038418146232313,2.7297852419975226,4.090298325758275,4.446001932662984,2.0253234742479025,3.08663994824628,4.511799156688774,1.4599558148980993,0.773510668129677,0.773510668129677,0.773510668129677,0.773510668129677,0.773510668129677,1,1,1,1,1,1
10,10,5,3,0.3733932356056657,0.4759478640899847,0.14349566162346605,0.404359302814466,0.12178089143265558,0.7353465758196545,0.3369802769161819,0.06537288376515113,0.2428689811426942,0.0847561980681476,0.8,0.9,0.5,0.7000000000000001,0.4,1.0,0.6,0.2,0.30000000000000004,0.1,0.5,1.0,0.0,1.0,0.0,0.5,0.0,0.5,0.5,0.5,0.5,0.5,1.0,1.0,0.0,0.5,1.0,0.5,0.0,0.0,0.0,0.5,1.0,1.0,0.0,1.0,1.0,0.5,0.5,0.0,1.0,1.0,1.0,1.0,0.5,1.0,0.5,0.0,0.5,0.0,0.5,1.0,0.5,1.0,0.5,0.5,0.5,0.5,1.0,0.0,0.46742907223562713,0.41857554299116484,0.34018642517917064,0.30052663454643147,0.21367300327028832,0.26906750724153766,0.34391864219456514,0.3602064110741001,0.4960644632630256,0.3798503771939078,4.318946883449458,4.4340412490498915,3.7623201946202944,4.038423371204341,3.106135214813172,4.449438776523914,2.7971182855003964,2.684683145565447,4.366013609861567,4.538308993193935,1.1874790120549479,0.637458103354767,0.637458103354767,0.637458103354767,0.637458103354767,0.637458103354767,1,1,1,1,1,1
11,10,5,3,0.3494703739934557,0.3069606897353098,0.5520143107733114,0.11332286193154806,0.3160530957475326,0.22765338597841644,0.5646572221997872,0.17446486138304637,0.07557573707883579,0.08022256858417963,1.0,0.7000000000000001,0.9,0.4,0.6,0.5,0.8,0.30000000000000004,0.2,0.1,0.5,1.0,1.0,0.5,0.5,0.0,0.5,0.5,0.0,0.5,1.0,0.5,1.0,1.0,0.5,0.0,0.5,1.0,0.0,0.5,0.5,0.5,0.5,1.0,0.5,0.0,0.5,0.0,0.5,0.5,1.0,0.5,0.5,0.5,1.0,0.5,0.5,0.0,0.0,0.5,1.0,0.5,1.0,0.0,0.5,0.5,0.5,0.0,0.0,0.0,0.3231478423377331,0.49259702445283526,0.47843786422777695,0.20513529981615464,0.4790723050293314,0.4573788259613483,0.46770773541176996,0.4370360696931196,0.31673621195969426,0.4484929860210451,4.171999338424624,3.3298300182901186,3.3250049232626,2.207332608505105,3.182694055727269,4.491698867735781,2.78755198206005,4.886608606706712,3.7939863042454336,2.8338268734875447,1.9638676583693013,0.7964681091011455,0.7964681091011455,0.7964681091011455,0.7964681091011455,0.7964681091011455,1,1,1,1,1,1
12,10,5,3,0.5192508979258046,0.24150149855864733,0.16847353687075295,0.49501448874796067,0.18376679117978661,0.19145245244732,0.05710620757287668,0.16280055286269404,0.6799930022700209,0.08085384033503837,1.0,0.7000000000000001,0.6,0.9,0.5,0.4,0.2,0.30000000000000004,0.8,0.1,1.0,1.0,1.0,0.5,0.5,0.5,0.5,0.0,0.5,0.5,0.5,0.5,0.5,1.0,0.5,0.0,0.0,1.0,0.5,0.5,0.5,0.5,0.0,1.0,1.0,0.0,0.5,0.5,1.0,0.0,1.0,0.5,0.0,1.0,0.5,0.0,0.5,0.5,1.0,0.5,1.0,0.5,0.5,1.0,0.5,0.0,0.0,0.0,1.0,0.5,0.3978613789349029,0.3458992983935921,0.45122537193156015,0.35289567222899465,0.37110210493393236,0.4499087727230056,0.3897136693151634,0.28724063795269095,0.4365330788645918,0.37751075248500343,4.354648321399697,2.489452747696268,2.320118627735846,2.346594649220438,3.460497179841169,4.511164258771273,3.563687227242403,4.368436040192709,4.752295994699717,4.82500729430833,1.4450922611830912,0.17247129889121454,0.17247129889121454,0.17247129889121454,0.17247129889121454,0.17247129889121454,1,1,1,1,1,1
13,10,5,3,0.3062799769642451,0.6210301902254876,0.32320831075889356,0.2901547068110733,0.8187913178465718,0.1262668869929069,0.6451042604700881,0.2788142788416457,0.029819737268846777,0.17860218215616067,0.7000000000000001,0.9,0.6,0.5,1.0,0.30000000000000004,0.8,0.4,0.1,0.2,0.5,0.5,1.0,0.5,0.5,0.0,1.0,1.0,0.5,1.0,0.5,0.5,0.5,1.0,0.5,1.0,0.0,1.0,0.0,0.0,0.5,0.5,1.0,0.0,1.0,0.5,1.0,0.5,0.0,1.0,0.5,1.0,0.5,0.5,1.0,0.0,1.0,1.0,0.0,0.5,0.5,0.5,0.0,0.5,1.0,0.5,1.0,0.5,0.0,0.5,0.4225536773429105,0.4134178986455995,0.4091211119549907,0.42573030131654066,0.31263676738490154,0.28118825516698603,0.23660061275217226,0.4107268268768529,0.4305192799358665,0.24350131504028566,2.4300568332619314,3.5086355943466487,3.2918104740545377,4.211408860703303,4.424048256908158,2.0193273470866426,4.011725421888128,2.641623469218625,2.104966484994451,3.509629255129481,1.569748382672631,0.7592670972493403,0.7592670972493403,0.7592670972493403,0.7592670972493403,0.7592670972493403,1,1,1,1,1,1
14,10,5,3,0.22686827514987695,0.1754955292305429,0.576163278379304,0.49771719362129563,0.3204995185095578,0.09328674750757882,0.302006553849552,0.24853975541326118,0.1481279912273321,0.08351625254185369,0.9,0.7000000000000001,1.0,0.8,0.6,0.30000000000000004,0.5,0.4,0.2,0.1,1.0,0.5,0.5,1.0,1.0,0.5,1.0,0.0,0.5,0.0,0.5,0.0,0.5,1.0,0.5,0.5,0.5,1.0,0.0,0.5,0.0,0.0,0.5,1.0,1.0,0.0,0.5,0.5,1.0,0.5,0.5,0.5,1.0,0.5,0.5,0.0,1.0,0.0,0.5,0.5,0.5,0.5,1.0,0.0,0.0,0.5,1.0,0.0,0.5,0.0,0.4368474307346283,0.48136236700098745,0.32350678835495533,0.3915743231307025,0.27664978097138904,0.2317790984185566,0.45207611868487646,0.4630787619898978,0.4882399018359424,0.41797182773448843,3.2015090647746125,3.996092859572246,3.6565697230462653,4.050648200389018,2.068963351376544,2.784967347396464,2.8636052833953567,4.842142914614086,2.8138724249447575,4.080059572984837,1.377962889398022,0.9601887610512572,0.9601887610512572,0.9601887610512572,0.9601887610512572,0.9601887610512572,1,1,1,1,1,1
15,10,5,3,0.28631593673249145,0.45656435496615244,0.17314439249801217,0.4412229925131209,0.4792953846651481,0.32243644370153507,0.2729938816102099,0.20886600782991796,0.13680421612607874,0.06482877016863198,1.0,0.9,0.6,0.8,0.7000000000000001,0.5,0.4,0.30000000000000004,0.2,0.1,0.5,1.0,0.0,1.0,0.0,0.0,1.0,0.5,0.0,0.5,0.5,0.5,0.5,0.5,1.0,0.0,0.5,0.0,0.0,0.0,1.0,0.5,0.5,0.5,0.5,0.5,0.5,0.5,0.5,0.0,1.0,0.5,1.0,0.5,0.5,0.5,0.0,0.0,0.5,0.0,0.5,0.5,0.0,0.5,0.5,0.0,0.5,0.5,0.5,0.5,0.43807966136343585,0.2673054761547815,0.22659884414859863,0.4171396791926686,0.3758498807915366,0.43479820010892845,0.3547322018728223,0.4002876455276788,0.4897264558419694,0.265592852275693,2.253279892607141,3.663011572298912,4.124244868693659,3.0829962120679495,2.227458499986034,3.7635593321555647,3.512715790073508,3.8150664443701974,3.737548848198792,3.822338416439645,1.7142202257931338,0.1273378165437221,0.1273378165437221,0.1273378165437221,0.1273378165437221,0.1273378165437221,1,1,1,1,1,1
16,10,5,3,0.21356582171219585,0.3632436134448095,0.20601797626422458,0.5333659544848897,0.6972336885033663,0.2707295471651612,0.12505251410745524,0.0696221072954657,0.2987721213396629,0.07987871654671491,0.7000000000000001,0.8,0.6,0.9,1.0,0.5,0.30000000000000004,0.2,0.4,0.1,0.0,1.0,0.5,0.5,0.5,0.5,0.0,0.5,1.0,0.5,0.5,0.5,1.0,0.5,1.0,1.0,0.5,0.5,0.5,0.0,0.5,1.0,0.0,0.5,0.5,1.0,0.5,0.0,0.5,0.0,1.0,1.0,1.0,0.5,1.0,0.5,0.5,0.0,0.5,0.0,0.5,0.0,1.0,1.0,0.5,1.0,1.0,1.0,0.5,0.0,0.3600255132366964,0.22412706774593746,0.45012868571119447,0.4793859119832959,0.470847947149861,0.446496686456272,0.27755531416563944,0.29662071458267797,0.3013639635370069,0.30008735719493507,4.204507115592067,3.1212279500842506,3.227646929289074,2.688919737052721,3.07169056788854,4.607863450852504,2.163867566494799,2.002705795438076,2.5602916526013137,2.611718929928828,1.164729996329608,0.8969615475047702,0.8969615475047702,0.8969615475047702,0.8969615475047702,0.8969615475047702,1,1,1,1,1,1
17,10,5,3,0.37412583489827134,0.33518265340911024,0.6466147251374186,0.3598162551819843,0.4278690371426131,0.3419380591959641,0.0997966487125653,0.3031974657710847,0.20622977907785273,0.08858608158170167,0.9,0.8,1.0,0.7000000000000001,0.6,0.5,0.2,0.4,0.30000000000000004,0.1,0.5,0.5,0.5,0.0,0.0,0.5,0.0,0.5,0.5,0.5,0.5,1.0,1.0,0.5,1.0,0.0,0.0,0.5,0.5,0.0,0.5,1.0,1.0,0.5,0.5,0.0,0.0,0.5,1.0,0.0,1.0,0.5,1.0,0.5,0.5,0.5,1.0,0.0,0.0,0.5,0.5,0.5,0.5,0.5,1.0,0.0,0.0,0.0,0.5,0.5,0.4263690563656915,0.38157255740297313,0.35789254655693636,0.29133326604705934,0.23621904934253204,0.2979385899932461,0.4208198481066252,0.2582857965631972,0.32699878006088134,0.30928169836697383,3.427104908570221,4.356111169001318,4.250418509074839,3.439228236366849,4.781997012682248,4.395969053816162,2.563684395040485,2.4491961648924048,3.6834645909760266,3.6454965194804245,1.345489368295441,0.10187157474128533,0.10187157474128533,0.10187157474128533,0.10187157474128533,0.10187157474128533,1,1,1,1,1,1
18,10,5,3,0.5299834402084775,0.23222593038827438,0.6670131746463936,0.25746794816912627,0.24200083105565595,0.5623766327005081,0.06919555889788626,0.7068135862383457,0.23322837125359622,0.06214734860223092,0.9,0.6,1.0,0.5,0.4,0.7000000000000001,0.2,0.8,0.30000000000000004,0.1,1.0,0.5,0.5,0.5,0.5,0.5,0.0,1.0,0.5,0.0,1.0,0.0,1.0,1.0,0.5,0.5,0.5,0.5,1.0,0.5,0.5,1.0,1.0,0.5,0.5,0.5,1.0,0.5,0.5,0.0,0.5,0.5,0.5,0.5,0.5,1.0,0.5,0.5,0.0,1.0,0.5,0.5,1.0,0.5,0.5,0.5,0.0,0.5,0.0,0.0,0.3297325611894203,0.4434608619391457,0.37236049722126385,0.2751777666438943,0.24639575356622798,0.24300632811374623,0.2054498334515612,0.22731443971925108,0.20052702514631324,0.29046555987753686,4.426479981992415,4.6168067703593065,3.783504769966301,4.0888762540958625,4.259716044526039,3.8027175566267197,3.2997261829971523,3.924743318167022,2.6086156369847338,4.240938633122827,1.4564037602786508,0.6183610528409226,0.6183610528409226,0.6183610528409226,0.6183610528409226,0.6183610528409226,1,1,1,1,1,1
19,10,5,3,0.3537557855273975,0.36775532978033115,0.680224675558378,0.5309690026720587,0.15153433668336067,0.45258185977849286,0.356222493107161,0.2851234395418161,0.13027238864678428,0.08565392611802036,0.9,0.7000000000000001,1.0,0.8,0.30000000000000004,0.6,0.5,0.4,0.2,0.1,0.5,0.5,0.5,0.0,0.5,0.5,0.0,0.5,0.5,0.5,0.5,0.5,0.5,0.5,0.0,0.5,0.0,0.5,0.0,0.5,1.0,0.5,0.5,0.5,0.5,0.5,0.0,1.0,0.0,0.0,1.0,1.0,1.0,1.0,0.5,1.0,0.0,0.5,0.5,0.0,0.5,0.5,1.0,0.5,1.0,0.0,0.5,0.0,0.0,0.5,0.3294001034907567,0.33128767620138444,0.2682917737175279,0.4268488707382861,0.2799629542487614,0.36022863599612465,0.4722948492184327,0.3468053502604914,0.3162227661579328,0.2544905934748609,4.617163352901568,2.210909900798642,3.7141111399054383,2.4055583199051274,3.5389941834490637,3.343084340861773,3.97912581227307,3.2473887627264713,4.873905430800688,4.081249339159559,1.7325000923146368,0.6998076848782614,0.6998076848782614,0.6998076848782614,0.6998076848782614,0.6998076848782614,1,1,1,1,1,1
20,10,5,3,0.27464291612608693,0.4218823012501949,0.6143440822660797,0.16688015097980854,0.8121039442543445,0.42249479304823717,0.12671541843589798,0.05962743887949781,0.38943641058053524,0.08061068370877394,0.7000000000000001,0.8,0.9,0.4,1.0,0.6,0.30000000000000004,0.2,0.5,0.1,1.0,1.0,1.0,0.5,1.0,0.5,0.5,0.0,0.0,0.5,0.0,0.0,0.5,0.0,1.0,0.5,0.5,0.5,0.5,0.0,0.5,1.0,0.5,1.0,0.5,0.0,0.5,0.5,0.5,0.5,0.0,0.0,0.5,0.0,0.5,0.5,0.5,1.0,0.5,0.5,0.5,1.0,1.0,0.5,1.0,1.0,0.0,0.0,0.5,0.0,0.4336620415642818,0.35068259284072356,0.23705816996708243,0.33952777196669204,0.46970881119700014,0.4965465140093068,0.4799166810264707,0.22362048242566374,0.38456053737838386,0.36015681950381506,2.261389547226745,2.055901261902207,3.6708450486543884,3.5575783034086443,3.789869393218478,3.497380121889095,2.3425764593675784,3.566414418006563,4.99616541417682,4.103476510286741,1.9207056350184697,0.3136234842855362,0.3136234842855362,0.3136234842855362,0.3136234842855362,0.3136234842855362,1,1,1,1,1,1
21,10,5,3,0.23179044060726528,0.23035202013067352,0.2591296581928634,0.692367486039941,0.816516220652677,0.22793203701619735,0.17723015525505656,0.6186427537917067,0.13848631283061455,0.04791675183152903,0.8,0.6,0.5,0.9,1.0,0.4,0.30000000000000004,0.7000000000000001,0.2,0.1,0.5,0.5,0.5,1.0,0.5,0.5,0.5,1.0,0.0,0.5,0.5,0.5,0.0,0.5,1.0,1.0,0.0,1.0,0.0,0.5,0.5,0.0,0.5,1.0,1.0,0.5,0.0,0.5,0.5,0.0,0.5,0.5,0.5,1.0,1.0,0.0,0.0,1.0,1.0,0.0,0.5,0.5,0.5,1.0,0.5,0.5,0.5,1.0,0.5,0.5,0.39561778123267777,0.4013990696103539,0.36648703935250837,0.46919728464526533,0.45809147372171244,0.37102136546340825,0.3764934082818263,0.4707301728342684,0.21961420796544254,0.47844060382312653,2.0432486072936262,2.3950540228308794,3.117949690001675,3.1618604686322938,2.4604360417259445,4.106903011928536,2.482237896239578,3.7823970349170795,4.015214511035026,4.140200549702014,1.803548411225937,0.609466283101821,0.609466283101821,0.609466283101821,0.609466283101821,0.609466283101821,1,1,1,1,1,1
22,10,5,3,0.3022116396982988,0.2400232990656898,0.4937353359504719,0.14401191342835096,0.4022771442209914,0.7058942938124099,0.23049349005523323,0.14154766864224425,0.4469463825585646,0.04850149316186596,1.0,0.7000000000000001,0.9,0.4,0.6,0.8,0.30000000000000004,0.2,0.5,0.1,0.5,1.0,1.0,0.5,0.0,0.5,0.0,0.5,0.0,0.5,1.0,1.0,1.0,0.0,1.0,0.5,1.0,0.5,0.0,0.5,0.5,0.5,1.0,1.0,0.5,1.0,0.5,0.0,0.5,0.5,1.0,0.5,1.0,0.0,0.5,1.0,0.5,0.0,0.5,0.5,1.0,0.5,0.5,0.5,0.0,0.5,0.5,0.0,0.0,0.5,0.4470999772167257,0.23360290746914225,0.2665902168007824,0.493202844953754,0.274194957364695,0.3924901687334764,0.23219720090314722,0.37383324372097143,0.22408784412756902,0.2678270646304542,3.8281197931354023,2.8356938371332503,3.904839326592208,4.727481045050622,2.0233705568933265,4.7664731251899,3.57229595585049,3.972785950490711,2.8739613879068417,3.9504002026479643,1.3741291516627716,0.4123358378322598,0.4123358378322598,0.4123358378322598,0.4123358378322598,0.4123358378322598,1,1,1,1,1,1
23,10,5,3,0.24948239402395944,0.15173183676750152,0.7245476950638081,0.16660440503148813,0.5325488508431844,0.8092883261605349,0.22513657546147034,0.5332768526321418,0.14186211395677964,0.06469336553790887,0.8,0.5,1.0,0.4,0.7000000000000001,0.9,0.30000000000000004,0.6,0.2,0.1,1.0,0.5,0.5,0.5,0.5,1.0,0.5,0.5,0.5,0.0,0.5,0.5,1.0,0.5,0.0,0.5,0.5,0.5,0.5,0.0,0.5,0.5,1.0,0.5,1.0,1.0,0.0,0.5,0.5,0.5,0.5,1.0,1.0,0.5,1.0,1.0,0.5,0.5,0.5,0.0,0.5,0.5,1.0,0.0,0.5,1.0,0.0,1.0,0.0,0.0,0.36209961962022413,0.3014571987642485,0.3797409218371603,0.3560532447247098,0.24438882930067038,0.4994143143363083,0.42140366652836725,0.44033615597084175,0.33120496111339326,0.3180022697110041,4.382287921837317,3.9475902379905556,4.905257942872556,3.5061250912690367,2.1910531658437753,3.6797645445130764,2.505410480786386,4.044001974640695,4.362027876901941,4.473470814744568,1.4625697037440368,0.9979211621784251,0.9979211621784251,0.9979211621784251,0.9979211621784251,0.9979211621784251,1,1,1,1,1,1
24,10,5,3,0.17329927486233976,0.2924534623534305,0.44264425544277053,0.18161673311290327,0.6037017511114822,0.15824000622756956,0.8455956331623885,0.162194140935575,0.09073059808280018,0.07382957196706344,0.6,0.7000000000000001,0.8,0.5,0.9,0.4,1.0,0.30000000000000004,0.2,0.1,1.0,1.0,0.0,0.5,0.5,0.5,0.5,0.5,0.0,0.0,0.5,0.5,1.0,0.5,1.0,0.5,0.5,0.5,0.0,0.5,0.5,0.5,1.0,0.5,0.5,0.0,0.5,1.0,0.0,0.5,0.5,1.0,1.0,0.5,1.0,0.5,1.0,0.5,0.5,0.5,0.0,1.0,0.5,1.0,1.0,0.5,0.5,0.5,0.0,0.5,0.3742988364116744,0.21159061107470983,0.4287637103532731,0.2393000880783683,0.4848024901588769,0.34382600723050816,0.49281648176226717,0.4909261256208898,0.3421166366895646,0.22237242748220296,4.01039222623412,4.769327769203144,4.150966766445603,4.122431766872798,3.9404832813528556,4.082213917997766,3.839489228854191,3.8290753498972006,3.0386369397902246,2.949566573059381,1.543089686859398,0.8625115914277836,0.8625115914277836,0.8625115914277836,0.8625115914277836,0.8625115914277836,1,1,1,1,1,1
25,10,5,3,0.33993325283923603,0.17482603219509352,0.17576448696216573,0.10441978210581315,0.5603496196687049,0.8528932573357842,0.19289688829641036,0.6002857078062479,0.14044892711249815,0.05316712925744449,0.9,0.6,0.5,0.4,0.8,1.0,0.30000000000000004,0.7000000000000001,0.2,0.1,0.5,0.5,1.0,0.0,0.5,1.0,0.0,1.0,0.5,0.0,0.0,1.0,0.0,1.0,0.0,1.0,0.5,0.5,0.0,0.5,0.5,0.5,0.5,0.5,0.5,0.5,1.0,0.5,0.0,0.0,0.5,1.0,0.5,1.0,0.5,1.0,1.0,1.0,0.5,0.5,1.0,1.0,1.0,0.0,0.5,0.5,0.5,0.5,0.0,0.5,0.30321516858154984,0.3944672311852648,0.49960297524446884,0.3990313437062196,0.4635522235757679,0.27334637733219613,0.24854107524423658,0.3497666448086487,0.29450770395118137,0.2640798928244453,2.2162138464265264,4.836303566227665,2.4576917611959073,2.089241781796134,2.9484616222506927,4.2342721287055465,3.874001644889809,2.362655128219241,2.446157309275434,2.336392482286918,1.5830372496763423,0.23164071707640066,0.23164071707640066,0.23164071707640066,0.23164071707640066,0.23164071707640066,1,1,1,1,1,1
26,10,5,3,0.29691243885677066,0.14041115438606433,0.3512658230316094,0.6947038706204859,0.36466206320911293,0.6575186149045856,0.058668082740225225,0.3290409755883509,0.031196109479215015,0.2416056123747297,0.9,0.5,0.7000000000000001,1.0,0.6,0.8,0.2,0.4,0.1,0.30000000000000004,0.5,0.5,1.0,0.5,1.0,0.5,0.0,1.0,0.5,0.0,1.0,0.5,0.5,1.0,0.5,1.0,0.0,0.0,0.0,0.0,1.0,0.5,0.5,0.5,0.5,0.0,0.5,1.0,0.0,1.0,1.0,0.5,0.0,0.5,0.5,1.0,0.0,0.5,0.0,0.0,0.5,0.0,0.5,0.5,1.0,1.0,0.5,0.5,0.5,0.5,0.22915222406283806,0.38089404939900917,0.3663860323486462,0.34938936302768686,0.2581302265126979,0.4559257668343693,0.46013190356984274,0.4125953663422359,0.4315334478606827,0.33782703994184105,2.9101954660228686,3.362437544080481,3.083199712555806,3.971100036456892,3.7640240165566765,3.3652147142762567,4.926090681250868,3.160029823013203,4.758351504760963,2.7976121566030367,1.8184636707082236,0.7773516278876933,0.7773516278876933,0.7773516278876933,0.7773516278876933,0.7773516278876933,1,1,1,1,1,1
27,10,5,3,0.3156041327655012,0.43567296880443257,0.2632907310073689,0.20696737099341675,0.6120012135492319,0.8219353427536671,0.7303592495073158,0.09300330554978159,0.19821749689333437,0.06285499573927814,0.6,0.7000000000000001,0.5,0.4,0.8,1.0,0.9,0.2,0.30000000000000004,0.1,0.5,0.5,0.5,0.5,1.0,0.5,0.5,0.5,1.0,0.5,0.0,0.0,0.5,0.5,1.0,1.0,0.5,0.5,0.0,0.5,0.5,0.0,0.5,0.5,0.5,1.0,0.5,0.5,0.5,0.0,1.0,1.0,0.5,0.5,1.0,0.5,1.0,0.5,0.5,0.0,0.0,1.0,0.0,1.0,0.5,1.0,1.0,0.0,0.5,0.5,0.21168816720140507,0.21123024649926175,0.4557740121243475,0.28468778821274154,0.34440905494070284,0.23216176272995842,0.4030274872960503,0.29716465724686264,0.20539232955912493,0.3001011953335448,2.535955099503627,4.275953180025427,3.8086179541147973,3.740820448735527,2.958385920364186,4.8667051150430405,4.165509023742369,3.268833056691525,2.956654026934123,4.9056732901288385,1.9323644796106567,0.8463461904928329,0.8463461904928329,0.8463461904928329,0.8463461904928329,0.8463461904928329,1,1,1,1,1,1
28,10,5,3,0.38765264612242667,0.24430754012675293,0.5144318592933312,0.5350102719028207,0.08856726366103379,0.21314663182443097,0.05382076894800025,0.3931126216072765,0.02756779520860654,0.5390810604798583,1.0,0.7000000000000001,0.9,0.8,0.30000000000000004,0.4,0.2,0.5,0.1,0.6,1.0,0.5,0.5,0.5,0.0,1.0,0.0,0.0,0.5,0.5,1.0,0.5,1.0,1.0,1.0,0.0,0.0,0.5,0.5,0.5,0.5,0.0,0.5,1.0,0.5,0.0,0.0,0.5,0.0,0.0,0.5,0.5,0.5,0.5,0.0,0.0,0.5,0.0,0.5,0.5,0.5,0.5,0.5,1.0,0.5,1.0,0.5,0.5,0.5,0.5,0.3710216729413294,0.33475157204598704,0.30839277604215376,0.2826523413360046,0.3950203860492133,0.22673728216460373,0.43634759384680627,0.30338305191061077,0.484239684158025,0.2676435347943076,3.1694979211267054,3.3939228243229813,2.5928467092323984,2.1267958272881153,4.188799794113352,3.607219766544438,4.170140614192416,3.9870841174650837,3.9106507615525565,3.8155504505691784,1.0135442752466108,0.32900517030115084,0.32900517030115084,0.32900517030115084,0.32900517030115084,0.32900517030115084,1,1,1,1,1,1
29,10,5,3,0.20551152605695266,0.4755300646084817,0.2423685992401634,0.5311759965055454,0.2508234573165373,0.36318385740579573,0.08792337713220016,0.22227862982869753,0.07166623548519596,0.0514856499432256,0.8,1.0,0.7000000000000001,0.9,0.5,0.6,0.30000000000000004,0.4,0.2,0.1,1.0,1.0,0.5,0.5,1.0,0.0,0.0,0.0,0.5,0.0,1.0,0.5,1.0,1.0,0.0,1.0,0.5,0.0,1.0,0.0,1.0,1.0,1.0,0.5,0.5,0.5,0.5,0.5,1.0,0.5,0.5,0.5,1.0,0.5,1.0,0.0,0.0,0.0,0.0,0.5,1.0,0.5,0.5,0.5,0.0,1.0,1.0,0.5,0.0,0.0,0.24631693138114066,0.22852197347809627,0.4086757287945708,0.2855378278497241,0.20139678855917037,0.45151483116855806,0.49237127819304694,0.31852924774418134,0.458254504363186,0.40405649369767116,4.887307383328835,2.2661607638338,2.8802538594187403,3.462352312568881,3.39738873663914,4.998863248639909,4.1960368959308045,3.954072823808389,4.794271438932437,4.473595848558332,1.4981894973655556,0.9077251776809477,0.9077251776809477,0.9077251776809477,0.9077251776809477,0.9077251776809477,1,1,1,1,1,1
30,10,5,3,0.47865701019667384,0.7133590514234948,0.46328004146845086,0.28313849366137256,0.45741402560991673,0.28856465671452697,0.7906787447850587,0.233801523046657,0.17059948044138573,0.08370303034553342,0.8,1.0,0.7000000000000001,0.5,0.6,0.4,0.9,0.30000000000000004,0.2,0.1,0.0,0.5,1.0,0.0,0.5,0.5,0.5,0.5,0.5,0.5,1.0,0.5,1.0,0.5,0.0,0.5,1.0,0.0,0.5,0.5,0.5,1.0,0.5,1.0,0.5,0.0,0.5,0.5,1.0,0.0,0.5,1.0,1.0,0.0,1.0,0.5,1.0,1.0,0.5,0.5,1.0,1.0,0.5,0.5,0.5,0.5,0.5,0.5,0.5,0.0,0.4644714968181715,0.4357807414595737,0.22075452329011439,0.42452091949125725,0.41166921384084154,0.4536459500246649,0.31925257259844675,0.29306470579503835,0.46351722807687795,0.22245156452290665,4.093605784408476,2.584437396295064,2.5093366670306,4.983413555319556,2.702309028751244,3.943086344220683,4.861103975945948,3.923203572671892,2.194116785517453,3.1136800997181417,1.0285698937396828,0.208378018547753,0.208378018547753,0.208378018547753,0.208378018547753,0.208378018547753,1,1,1,1,1,1
31,10,5,3,0.23322530464816404,0.1984355424705212,0.24436577664718517,0.6121970143851013,0.34667075758574656,0.8854792080405189,0.2897529361882817,0.2053379723618157,0.035258047357564576,0.13788332102276787,0.9,0.7000000000000001,0.6,0.8,0.5,1.0,0.4,0.30000000000000004,0.1,0.2,1.0,1.0,0.5,0.5,1.0,1.0,0.5,0.0,0.5,0.0,0.0,0.5,0.5,0.5,1.0,0.5,0.5,0.5,0.0,0.0,0.5,0.5,0.5,0.5,0.0,1.0,0.0,0.0,0.5,0.5,0.5,0.5,0.5,1.0,0.5,1.0,0.5,0.0,0.0,0.0,0.5,1.0,0.5,0.5,0.0,0.5,1.0,0.0,0.0,0.5,0.3772020913144133,0.48071813825340576,0.21726043630678932,0.48122747285507267,0.45035010640416534,0.35134555314985916,0.44170083006356853,0.2594151698023592,0.29591353411330706,0.42050853479091654,4.5487353372172805,3.901862725519935,2.976225224549374,2.2380649294490946,2.2080219533652055,2.5111583549099583,2.6461975973966556,2.100536982417461,2.5568923415706246,3.119137380885897,1.224088224816312,0.31851700194327104,0.31851700194327104,0.31851700194327104,0.31851700194327104,0.31851700194327104,1,1,1,1,1,1
32,10,5,3,0.4510363630083366,0.24421010695291356,0.44497319013351827,0.4341622573801213,0.18377630297541897,0.40765031020956793,0.06340054662053224,0.4187879582812324,0.22704737610343398,0.08780790904015762,1.0,0.7000000000000001,0.9,0.8,0.4,0.6,0.2,0.5,0.30000000000000004,0.1,1.0,0.0,0.0,0.5,0.0,0.5,0.0,0.5,1.0,0.5,0.5,1.0,1.0,0.5,0.5,1.0,0.5,0.5,0.5,0.0,0.5,1.0,0.5,0.5,0.5,0.0,0.0,1.0,0.5,0.0,1.0,0.5,1.0,1.0,0.5,0.5,0.0,0.5,0.5,0.0,0.5,0.0,0.5,0.0,0.0,0.5,0.5,0.5,0.0,0.5,0.37301231897786497,0.49785097561940506,0.2757956304732301,0.4524320014681413,0.35658698390327537,0.35207970612828254,0.370875908976578,0.4082880440011334,0.47001294159243084,0.3836775888617183,3.8813995358328053,2.1069579333489727,4.183425627042885,2.6631353352707414,2.354913316665956,4.662702212576056,4.034129428328857,2.967268010298315,4.649149665901234,3.3115833584299583,1.8724686572089366,0.14517142936331617,0.14517142936331617,0.14517142936331617,0.14517142936331617,0.14517142936331617,1,1,1,1,1,1
33,10,5,3,0.4023306813773785,0.2543438128843998,0.40265184143808147,0.24501637732287646,0.36037181004968416,0.16124016883785575,0.07598018468971929,0.5827690851160601,0.3533058531356888,0.07939249026598616,1.0,0.8,0.9,0.5,0.6,0.30000000000000004,0.2,0.7000000000000001,0.4,0.1,1.0,0.5,0.5,1.0,0.5,0.0,0.5,0.5,0.5,0.5,1.0,0.5,0.5,0.5,1.0,0.5,0.5,1.0,0.5,0.5,1.0,1.0,1.0,1.0,0.0,0.5,0.0,0.5,1.0,0.0,1.0,0.5,1.0,0.5,1.0,1.0,0.5,0.0,0.0,0.0,0.5,0.5,0.5,1.0,1.0,1.0,1.0,0.5,0.5,0.5,0.4657048525063471,0.31225574333804507,0.35279113725639755,0.23723824535036395,0.21206154667717295,0.22650567065874938,0.4452483916423535,0.20683674491688336,0.3419046530724963,0.2764637029020001,3.3483546716779435,4.309717888127183,4.311562622080004,2.0433020711181493,4.150111933190338,3.280343042661852,3.9204016381929105,2.690475642759967,2.3548112789917086,2.0436478671003306,1.7528184374571782,0.5286733483448222,0.5286733483448222,0.5286733483448222,0.5286733483448222,0.5286733483448222,1,1,1,1,1,1
34,10,5,3,0.3032156915350267,0.2185192523975923,0.11479934796796787,0.6828013371021059,0.7982514651020796,0.11043529143807027,0.5367647061287971,0.35270459519542163,0.09888177181113234,0.04472069859200243,0.8,0.6,0.4,0.9,1.0,0.30000000000000004,0.7000000000000001,0.5,0.2,0.1,0.5,0.0,0.5,1.0,0.5,0.0,0.5,0.5,0.5,0.0,1.0,0.0,0.0,1.0,1.0,1.0,1.0,0.0,0.5,0.0,1.0,0.5,0.0,1.0,1.0,0.5,0.5,0.0,0.0,0.5,0.5,0.5,0.0,1.0,1.0,0.5,0.5,1.0,0.0,0.5,0.5,1.0,0.0,0.5,0.5,0.0,0.5,0.5,0.0,0.5,0.24587748866544004,0.3487277089408449,0.26676097415272754,0.2664468582419653,0.2796440542363288,0.23647462857562093,0.4709430150609569,0.2555337835966665,0.3865100397761936,0.2404620407765141,4.562004742179601,4.011717082074929,4.492206279921447,3.3921507368810415,2.9034442876216846,3.94014707974277,2.4037723955713375,2.8001675396881582,3.069334757525242,2.6155845610702433,1.9783937238733267,0.9497077819178872,0.9497077819178872,0.9497077819178872,0.9497077819178872,0.9497077819178872,1,1,1,1,1,1
35,10,5,3,0.34163227874489976,0.3817949523174944,0.29456665918585045,0.1650365455935699,0.294413087445964,0.10333641194144105,0.3189071520570498,0.18261956975575047,0.13410389842385972,0.08562246437647397,1.0,0.9,0.8,0.6,0.7000000000000001,0.4,0.5,0.30000000000000004,0.2,0.1,0.5,1.0,1.0,1.0,1.0,0.5,1.0,1.0,0.5,1.0,1.0,1.0,0.5,1.0,0.0,0.0,0.0,1.0,0.0,0.5,1.0,1.0,1.0,0.5,0.0,0.5,0.5,0.0,0.0,0.5,0.5,1.0,1.0,1.0,1.0,1.0,0.5,0.5,0.0,0.5,0.5,0.0,0.5,1.0,0.5,0.5,0.5,0.5,0.0,0.5,0.48230683231416077,0.4403651998378892,0.46957220272418343,0.4088480754693604,0.2654176471373708,0.30102083267485386,0.300727011608543,0.37256069907736156,0.36713924065352965,0.40310845282434143,2.5914396744348536,2.4439894508853772,4.144868174250643,3.696830694765722,2.8035411793201757,4.957802793640982,3.1662222389402896,4.932366920933228,4.206595867367724,4.462399113583846,1.2951363556571165,0.13574540804109608,0.13574540804109608,0.13574540804109608,0.13574540804109608,0.13574540804109608,1,1,1,1,1,1
36,10,5,3,0.3220502591560054,0.32512924257406844,0.4687649881424913,0.48714426953703166,0.40251424935114416,0.1171889365092279,0.39818491264414163,0.130240430982579,0.05065706787947949,0.35850388126244687,1.0,0.8,0.9,0.7000000000000001,0.6,0.30000000000000004,0.5,0.2,0.1,0.4,0.5,0.5,1.0,0.5,0.0,0.5,0.5,0.0,0.5,0.5,0.5,0.0,0.5,1.0,1.0,0.5,0.5,0.0,0.0,0.0,1.0,0.5,1.0,0.5,0.5,0.5,0.5,0.0,0.5,0.5,1.0,1.0,0.5,0.0,0.5,0.5,0.5,0.0,0.5,0.0,1.0,1.0,1.0,1.0,1.0,0.0,0.0,0.5,0.5,0.5,0.23086150943172778,0.3355546451918704,0.3833290465782567,0.3652578128957511,0.31422087097977114,0.2464010188475983,0.2689589931598393,0.2643664598785028,0.419418395360406,0.22677735732063936,4.642625818924195,2.2754903355256983,3.3832686484255845,2.9298539100245873,4.431005247144193,3.5647321674717376,3.8167178076211625,3.632560566995482,3.9710128725667144,3.4184180201073815,1.2213464520929898,0.8753447255557735,0.8753447255557735,0.8753447255557735,0.8753447255557735,0.8753447255557735,1,1,1,1,1,1
37,10,5,3,0.22022693181496455,0.407944052080615,0.15020319273926547,0.2639441541545662,0.39955348508150507,0.2691159634683751,0.8829560950726958,0.2364611191978865,0.04379916634502823,0.17537220391513814,0.8,0.9,0.5,0.6,0.7000000000000001,0.4,1.0,0.30000000000000004,0.1,0.2,0.5,1.0,0.5,0.5,0.5,0.5,0.5,0.0,0.5,0.0,1.0,0.0,0.5,1.0,0.0,0.5,1.0,0.5,0.0,0.5,1.0,0.5,1.0,0.0,0.5,0.5,0.5,0.0,0.0,0.5,1.0,1.0,1.0,0.5,1.0,0.0,0.5,0.0,0.0,0.5,1.0,1.0,0.5,0.5,0.0,0.5,1.0,0.0,0.0,0.0,0.42863781313891924,0.3655984756078688,0.3946440139495423,0.38430274488001537,0.30085464209648555,0.46966965520949994,0.44651931904695774,0.2557666468901966,0.3135065510931039,0.33296562467656443,4.594758190023467,4.507361030194321,2.861152301159965,3.0640040510057833,2.9699258023742363,2.778975136687977,4.7865999921002915,3.7500741267315876,4.254816351879159,3.4035927103711137,1.7383233848959736,0.32968409413701694,0.32968409413701694,0.32968409413701694,0.32968409413701694,0.32968409413701694,1,1,1,1,1,1
38,10,5,3,0.41700545317437565,0.26375528678308846,0.14120045901955913,0.17108282394955535,0.06959827565508445,0.5011315166425909,0.8048244260673107,0.6248730603951703,0.22720492260342953,0.048001684375351926,1.0,0.8,0.5,0.4,0.2,0.6,0.9,0.7000000000000001,0.30000000000000004,0.1,1.0,0.5,0.0,0.0,0.5,0.5,0.5,0.5,0.0,0.0,1.0,0.5,1.0,0.5,0.5,0.5,0.5,0.0,0.0,0.5,1.0,0.0,0.5,1.0,0.5,0.5,0.5,0.0,0.5,0.5,1.0,1.0,0.5,0.0,0.0,1.0,1.0,0.0,0.5,0.0,1.0,0.5,0.5,0.0,0.5,0.5,0.5,1.0,0.0,0.0,0.2811435742262797,0.4255529155359577,0.21087970886985685,0.3564190699538298,0.29629034995859477,0.3103934974739845,0.31582113006307466,0.49262143967096167,0.43421031173356495,0.33782621429624227,3.4581593652066966,2.8107515459265957,2.6931074533980155,4.470491720120614,3.9218947314891235,4.166224381472903,4.024650153461934,4.910325528349176,4.30625876465528,3.866629770336655,1.682717199368425,0.20104812195556587,0.20104812195556587,0.20104812195556587,0.20104812195556587,0.20104812195556587,1,1,1,1,1,1
39,10,5,3,0.6746672336173912,0.5874050694179996,0.3494585773603037,0.8663142835851668,0.169192667980658,0.2822062344658501,0.5991269174211463,0.5132604867760423,0.14644522284558917,0.04969344624030129,0.9,0.8,0.5,1.0,0.30000000000000004,0.4,0.7000000000000001,0.6,0.2,0.1,1.0,0.5,1.0,1.0,0.5,0.0,0.5,0.5,0.0,0.5,1.0,0.5,0.5,1.0,0.0,1.0,0.5,0.0,0.5,0.0,1.0,0.5,0.5,0.5,0.5,0.5,1.0,0.5,0.5,1.0,1.0,1.0,0.5,0.5,0.5,1.0,1.0,1.0,1.0,0.0,0.0,1.0,1.0,0.5,1.0,0.0,1.0,1.0,0.0,0.5,0.32949614113880454,0.23435135329497436,0.2321117747999624,0.29009272158154453,0.2780107091576365,0.4268552594780021,0.2333023523701812,0.4646377483818541,0.44870313368066317,0.4372099674926258,4.915898668438198,4.809410854420461,3.1673169532244376,3.446908481465798,2.192642750039015,2.0226694962504164,3.222736174458505,2.6402420995422773,2.1838261630170175,3.0502985268728042,1.4227112514813989,0.8767365183855728,0.8767365183855728,0.8767365183855728,0.8767365183855728,0.8767365183855728,1,1,1,1,1,1
40,10,5,3,0.26933412290913683,0.4247137656525646,0.556807963701219,0.17075045426873597,0.159961654095583,0.4234458968851886,0.0906669757980996,0.2437956623700618,0.0327349263483733,0.16096551999096922,0.8,0.9,1.0,0.6,0.5,0.7000000000000001,0.30000000000000004,0.4,0.1,0.2,1.0,1.0,0.5,0.5,1.0,1.0,0.5,0.0,0.5,0.5,1.0,1.0,0.5,0.5,1.0,0.0,0.0,0.5,0.5,0.0,0.5,0.5,1.0,1.0,1.0,0.0,1.0,0.5,0.5,0.5,1.0,0.5,0.5,0.5,0.5,1.0,0.5,0.5,0.5,0.0,1.0,0.5,1.0,1.0,1.0,0.5,0.5,0.0,0.5,0.5,0.3963974351298281,0.3398769703986405,0.2503885776573076,0.21497717113896458,0.3549807846003841,0.47055691307378056,0.3707029675241208,0.29196669899437344,0.4867997672956885,0.2616325330708784,4.280705368968083,4.005918987121639,4.767809963725066,4.558099703435616,2.326689624486824,2.6062967023208694,2.0327863706548674,4.95883348229281,2.568720978038175,4.586563363188501,1.2190791294262007,0.7979715626898936,0.7979715626898936,0.7979715626898936,0.7979715626898936,0.7979715626898936,1,1,1,1,1,1
41,10,5,3,0.5273739223049495,0.5613030443954096,0.373061659900625,0.30307941460392007,0.5057551185699369,0.7354573702678538,0.1936010026588415,0.11629633661506832,0.03186017243354328,0.3447344250241817,1.0,0.8,0.6,0.5,0.7000000000000001,0.9,0.30000000000000004,0.2,0.1,0.4,0.5,1.0,1.0,0.5,0.5,1.0,0.5,0.0,0.0,0.0,0.5,0.5,1.0,0.0,0.5,0.5,0.5,0.0,0.5,0.0,0.5,0.0,0.5,0.5,0.5,0.5,0.0,0.5,0.5,0.5,0.5,0.5,0.0,0.5,0.0,1.0,0.5,0.5,0.0,0.0,0.5,0.0,1.0,0.5,1.0,1.0,0.5,0.5,0.5,1.0,0.39805697088054603,0.33779021993430725,0.31856837144475536,0.3758696214299491,0.37075062002592046,0.47464333474581477,0.3418503057295388,0.42360321322578576,0.49464300391110394,0.4822333450950179,3.7387877932615363,4.521131567355077,2.3475436637136466,3.6887487165224533,2.7211113708570642,2.746766266756154,2.5261237134698127,2.6008636270618837,3.2007416278394776,3.24515460801629,1.8121440371388378,0.12677917461644328,0.12677917461644328,0.12677917461644328,0.12677917461644328,0.12677917461644328,1,1,1,1,1,1
42,10,5,3,0.2856778622948436,0.3901157196012359,0.22315557529291702,0.38326989652937365,0.08807301906862447,0.30287812517714946,0.45798661966100773,0.2962577208745519,0.10002524118889661,0.042522243590440933,0.9,1.0,0.7000000000000001,0.8,0.30000000000000004,0.5,0.6,0.4,0.2,0.1,1.0,1.0,0.5,1.0,1.0,0.0,1.0,0.5,1.0,1.0,1.0,0.5,0.5,0.5,0.0,1.0,0.0,1.0,0.5,0.0,0.5,1.0,1.0,1.0,0.0,1.0,1.0,0.5,0.5,1.0,0.0,1.0,1.0,1.0,0.5,0.5,0.5,0.5,0.0,1.0,0.5,1.0,0.5,0.5,1.0,1.0,1.0,0.5,0.5,0.0,0.47050674792919817,0.4381162195209553,0.20354262108598867,0.4571240927246891,0.35816674609419696,0.4942275247030031,0.44750295147653807,0.2369203741827409,0.24017800498580438,0.34276587024767435,2.0324349913529525,4.371232577213459,2.328011912805732,3.0027895583242734,4.129772249355805,4.729579239606342,3.2099310827444025,2.1728821471062147,2.5889155413016223,4.051360055907673,1.8914610775969827,0.8489254774919435,0.8489254774919435,0.8489254774919435,0.8489254774919435,0.8489254774919435,1,1,1,1,1,1
43,10,5,3,0.2529325252114708,0.3552342908199464,0.3179789106649293,0.11540697162117947,0.7158070132007228,0.38151156340751347,0.3085424541448305,0.04299916558555214,0.16233003821859748,0.2629240949410221,0.9,0.8,0.7000000000000001,0.4,1.0,0.6,0.5,0.1,0.2,0.30000000000000004,1.0,0.5,0.5,1.0,0.5,0.5,0.0,0.0,0.5,0.5,1.0,0.5,0.5,0.5,1.0,1.0,1.0,0.5,0.0,1.0,0.5,1.0,1.0,1.0,0.5,1.0,1.0,0.0,0.0,0.0,1.0,0.5,0.5,0.5,0.5,0.5,0.0,0.5,0.0,1.0,0.5,0.5,1.0,0.5,0.5,1.0,0.5,0.0,0.5,0.0,0.35064483303559,0.4578936548718132,0.34656525974992214,0.48535049914678996,0.3571787220021726,0.2640715299528412,0.24762739722293362,0.40813914828336695,0.3276985067081334,0.4887259093325155,3.816627303016879,4.664268009105344,4.731442360990896,4.651535059996402,2.393991801616024,3.649023817627513,3.0223700024539912,4.453839788002872,3.1288659411127635,4.720079525005208,1.7622696976022079,0.15790564236665364,0.15790564236665364,0.15790564236665364,0.15790564236665364,0.15790564236665364,1,1,1,1,1,1
44,10,5,3,0.5653273713388385,0.1677831165674275,0.2500842024945081,0.4977690758122039,0.24655088806110526,0.7903784213490955,0.7052328814376444,0.23216941872365876,0.13267677635274625,0.06506319739025838,1.0,0.6,0.5,0.7000000000000001,0.4,0.9,0.8,0.30000000000000004,0.2,0.1,1.0,1.0,0.5,0.5,0.5,0.5,0.0,0.0,0.5,0.0,1.0,0.5,0.0,0.5,0.0,1.0,0.0,0.0,0.5,0.0,1.0,0.5,1.0,0.5,0.5,1.0,0.5,0.0,0.5,0.5,0.5,0.0,0.0,0.5,0.5,0.5,1.0,0.0,0.5,0.5,0.5,0.5,0.5,0.0,0.0,1.0,1.0,0.5,0.0,0.0,0.4969101612701104,0.48311926913973774,0.23954343951966978,0.3248525534557356,0.299374033702807,0.34283388306512314,0.3270978791991463,0.3736977639779037,0.326910483848208,0.25671901466445257,2.0914341221808033,4.695723609520214,4.806349495112284,3.937049369404896,2.9479399473743575,2.720230167536638,4.501950163955511,4.095429576789163,4.904144266001284,2.8082102869566716,1.7707238126586906,0.683655149549541,0.683655149549541,0.683655149549541,0.683655149549541,0.683655149549541,1,1,1,1,1,1
45,10,5,3,0.15032418402006875,0.25396244420065966,0.6337841017198925,0.7593498273796598,0.17671164177924903,0.6484733149210244,0.05442575121550555,0.22042444594440136,0.42389462967744934,0.03709714993613106,0.6,0.7000000000000001,0.9,1.0,0.4,0.8,0.2,0.30000000000000004,0.5,0.1,0.5,0.0,0.5,0.5,0.5,0.5,0.5,0.5,0.5,0.0,1.0,1.0,0.5,1.0,0.5,1.0,0.5,0.0,0.5,0.5,0.5,1.0,1.0,1.0,0.5,0.5,0.5,0.5,0.0,0.0,0.5,0.0,1.0,1.0,0.0,0.0,0.0,0.5,0.0,0.5,0.5,0.0,0.5,0.5,0.5,0.5,0.5,0.0,0.5,0.0,0.3283359098065729,0.3599914219536371,0.2883883231050104,0.3866008628523526,0.34735550291851736,0.29484771745990207,0.3570497292361724,0.2176659440466121,0.32442289704564753,0.4384116298004715,3.8782103781646944,2.964003700901972,3.9825994818331587,2.673640974404197,3.2542111241930627,2.215996272491824,4.643043900851041,3.8091263766744246,3.3234269109070986,4.9871991554234825,1.666058172307083,0.791532924617215,0.791532924617215,0.791532924617215,0.791532924617215,0.791532924617215,1,1,1,1,1,1
46,10,5,3,0.34567670213184687,0.26399806311721885,0.4865323753750163,0.16455332509635523,0.44932170423830786,0.3762421581029677,0.7020335379051401,0.22469055434340057,0.02709480373533718,0.14353005989403644,1.0,0.7000000000000001,0.9,0.4,0.6,0.5,0.8,0.30000000000000004,0.1,0.2,1.0,0.5,0.0,0.5,0.5,0.5,0.5,1.0,0.0,0.5,1.0,0.0,1.0,1.0,0.0,0.5,0.0,0.5,0.5,1.0,1.0,0.5,0.5,0.5,0.5,0.0,1.0,0.0,0.5,0.5,0.5,0.5,1.0,1.0,0.5,1.0,0.5,0.5,0.5,0.5,0.5,0.5,0.5,0.5,0.5,0.5,1.0,0.0,0.0,0.0,0.2901291387183027,0.37918836171847864,0.2796652326069885,0.4835696027562284,0.43796857987023297,0.2655758244585493,0.21266740651509358,0.2710331704577432,0.4147328288293969,0.2662384088748541,2.5835287614084983,2.5723266958416073,2.2421812374086802,3.8072267600569445,4.605249637217369,3.0918349361838535,2.111100026703173,2.4981544166988563,4.246783696124858,4.449586083167519,1.1250012558994302,0.8007728533124303,0.8007728533124303,0.8007728533124303,0.8007728533124303,0.8007728533124303,1,1,1,1,1,1
47,10,5,3,0.3874879379389145,0.3176566627557324,0.20035277422450304,0.3051771986815181,0.6163324678009078,0.8797034033947781,0.2947014649531708,0.05165209643188678,0.26611311122462644,0.16724827862037236,0.8,0.7000000000000001,0.5,0.6,0.9,1.0,0.4,0.1,0.30000000000000004,0.2,0.5,0.5,0.5,0.5,0.5,1.0,0.0,0.5,0.5,0.5,1.0,0.5,0.5,0.5,0.5,0.5,0.5,0.5,1.0,1.0,1.0,1.0,1.0,0.5,1.0,0.5,0.0,0.5,1.0,0.5,1.0,0.5,0.5,0.5,1.0,0.5,0.5,0.0,0.5,0.0,1.0,0.5,0.5,0.0,0.5,0.5,0.0,0.0,1.0,0.5,0.40377535502246453,0.2897360063201733,0.44112704340608583,0.35678773036348743,0.364440720485781,0.31081918337795245,0.44065007685844926,0.2687903707420192,0.2392584140798151,0.37666994816384447,4.4072441662681,3.133365719342683,3.347469200824733,4.213504717780453,3.351782325880184,2.6453779716250847,2.52949489694317,3.547011893248652,4.392825408623644,3.522058435888339,1.0772058355042105,0.4071320938209275,0.4071320938209275,0.4071320938209275,0.4071320938209275,0.4071320938209275,1,1,1,1,1,1
48,10,5,3,0.46954330851506454,0.6003195026392644,0.22030393211440763,0.42303453442472616,0.5671372867982556,0.08112048970855501,0.21325755970256755,0.3986538052295829,0.17468388345687436,0.07716771439646089,0.9,1.0,0.6,0.7000000000000001,0.8,0.30000000000000004,0.4,0.5,0.2,0.1,0.5,0.5,0.5,0.5,0.5,0.0,0.0,0.0,0.0,0.5,1.0,0.5,0.5,1.0,1.0,0.5,0.5,0.0,0.5,0.5,0.5,0.5,0.5,1.0,0.5,0.5,0.5,0.5,0.5,0.0,1.0,1.0,0.5,0.5,0.5,0.5,1.0,1.0,0.5,0.5,0.5,0.5,0.5,1.0,0.5,0.0,0.5,0.5,0.5,0.5,0.3593498593209622,0.22693707136556832,0.3230291877480101,0.23289288503896016,0.4452264162592033,0.4545804922338624,0.2878924828403745,0.33650031300877103,0.31752835123698037,0.4309831004268214,2.0556710919239833,4.116832875097719,4.859575268435918,2.3260875385249866,4.429200297329313,3.7020273811550295,3.0367953807809736,4.57385375995945,4.143772857409145,2.5378452988310225,1.4018919094775153,0.4359384581106168,0.4359384581106168,0.4359384581106168,0.4359384581106168,0.4359384581106168,1,1,1,1,1,1
49,10,5,3,0.3373257908633127,0.2860881179069905,0.27795482433277335,0.11202997115808522,0.6578205645542121,0.40426582543536926,0.14976418567479544,0.06656877308705866,0.3997733461957987,0.07527417457703633,1.0,0.8,0.7000000000000001,0.4,0.9,0.6,0.30000000000000004,0.2,0.5,0.1,0.5,0.5,0.5,0.5,0.5,0.5,0.0,0.0,0.0,0.5,0.5,1.0,0.5,0.5,0.5,0.5,0.0,0.0,1.0,0.5,0.5,0.0,1.0,0.5,1.0,0.0,0.5,1.0,0.5,0.5,1.0,1.0,1.0,1.0,0.5,0.0,1.0,0.5,0.5,0.5,0.5,0.5,1.0,1.0,0.5,0.0,1.0,1.0,0.5,0.5,0.44016965166475464,0.398624409817872,0.33752841705366665,0.3724504731857927,0.36829814871439204,0.26018079781861186,0.32580134903946933,0.2054704377142959,0.39707809787959525,0.41773409557490804,4.704129165818944,2.4288349287076096,3.1536347485335683,4.265003591266445,2.3066094092616014,2.130217810335416,2.024226783975246,2.888588395510242,2.2721567064755623,2.6988167239611087,1.295183247221654,0.23184928471596516,0.23184928471596516,0.23184928471596516,0.23184928471596516,0.23184928471596516,1,1,1,1,1,1
50,10,5,3,0.2987284737384782,0.5142713177977394,0.32048447298994076,0.3355864686407664,0.27189417874809335,0.1724228198863368,0.16098067902373078,0.06135689940235045,0.29191736764999293,0.07487551557620331,0.9,1.0,0.8,0.7000000000000001,0.6,0.5,0.30000000000000004,0.2,0.4,0.1,1.0,1.0,0.5,0.5,1.0,0.5,0.5,0.0,0.0,1.0,0.5,0.5,0.5,0.0,0.5,0.5,0.0,0.0,0.5,0.5,0.5,0.5,0.0,0.5,0.5,0.5,1.0,0.5,0.5,0.0,0.5,0.5,0.5,0.5,0.5,0.5,0.0,0.5,0.5,0.0,1.0,0.5,1.0,0.5,1.0,0.5,0.0,0.5,1.0,1.0,0.2090285832938003,0.20188292577898606,0.37160761845916623,0.2533257325663568,0.4809948920530321,0.3294496255361758,0.48372743325942547,0.3735673830497639,0.23842799779569057,0.44032914769742965,4.236247583376391,4.646031382670891,3.712073854812055,3.0621657244867344,3.7123672162813,3.98060495705366,3.3392213075054515,3.706715606180378,3.02946046256325,2.028719705248436,1.713401604434139,0.700889059725574,0.700889059725574,0.700889059725574,0.700889059725574,0.700889059725574,1,1,1,1,1,1
51,10,5,3,0.29983593241588524,0.2577573146017401,0.5625624531057778,0.2681731541869123,0.19526614610722037,0.13520431857175075,0.25506893997433305,0.17233239667897549,0.048723142750735,0.15025940995034895,0.9,0.8,1.0,0.7000000000000001,0.6,0.5,0.4,0.30000000000000004,0.1,0.2,1.0,0.5,0.5,0.5,0.5,1.0,0.5,0.0,0.5,1.0,0.5,0.0,0.5,0.5,0.5,1.0,0.5,0.5,0.0,0.5,1.0,1.0,1.0,0.5,0.5,1.0,0.0,0.5,0.0,1.0,1.0,0.5,0.5,0.0,0.5,0.5,0.5,0.5,1.0,0.0,1.0,0.5,1.0,0.0,0.5,1.0,0.5,1.0,0.5,0.5,0.30673123806592656,0.22343186855572542,0.32311684887957737,0.250050200950729,0.4567830893583602,0.4756936612741354,0.2916571417931987,0.316089062878384,0.2033787167881887,0.432467127910683,3.6888209596438393,4.97918690664425,4.231078058671482,4.535493178829453,4.9366264190656715,2.734968877538308,3.822208495017473,2.8209159156942554,4.125203649322132,2.3900910753928306,1.0752092246905953,0.2512548857070269,0.2512548857070269,0.2512548857070269,0.2512548857070269,0.2512548857070269,1,1,1,1,1,1
52,10,5,3,0.2378611165149293,0.5481242602518446,0.26484093805857795,0.4827106638803953,0.7146289872894556,0.07893015194779057,0.2080027240537093,0.3208313440305873,0.0858953527198148,0.03570150773034114,0.7000000000000001,0.9,0.6,0.8,1.0,0.30000000000000004,0.4,0.5,0.2,0.1,0.5,0.5,0.5,0.5,1.0,0.5,0.5,0.0,0.5,0.0,1.0,1.0,0.5,0.5,1.0,0.5,0.5,0.5,0.0,0.5,0.5,0.5,0.0,0.5,1.0,0.5,0.5,0.0,0.0,0.0,0.5,1.0,0.5,0.0,0.5,1.0,0.5,0.5,0.5,0.5,0.5,1.0,0.5,0.5,1.0,1.0,0.5,0.0,0.5,0.0,0.42103902367093404,0.4902410576454289,0.4115003749111176,0.3299029904884313,0.21240449425419397,0.3965216206685974,0.45790561051359047,0.4538283424753732,0.27398824537931626,0.39589509712994775,3.570343326252858,4.45315809787394,3.4626880578965338,3.513871381755928,3.0102312299608847,4.045949763391251,3.6447644779435118,2.3757966841430926,2.9371184292481116,2.6206134879200964,1.944747224616186,0.31299054405658694,0.31299054405658694,0.31299054405658694,0.31299054405658694,0.31299054405658694,1,1,1,1,1,1
53,10,5,3,0.3495827716029577,0.4060028985369285,0.3783026605404651,0.6900307024411965,0.11018607896993876,0.0669455626588592,0.4784491354571463,0.2108330282146489,0.036290198758170855,0.43916487267889887,0.9,0.8,0.7000000000000001,1.0,0.4,0.2,0.6,0.30000000000000004,0.1,0.5,0.5,1.0,0.0,0.5,1.0,1.0,0.0,0.5,1.0,1.0,0.5,1.0,0.5,0.5,1.0,0.5,0.0,0.5,0.0,0.0,1.0,0.5,0.0,1.0,1.0,0.0,0.5,0.0,0.5,0.5,0.5,0.0,0.5,1.0,0.5,0.0,0.5,0.0,0.0,1.0,0.0,0.5,1.0,1.0,0.5,0.5,1.0,0.0,0.5,0.5,0.3355558261231205,0.45935264327146563,0.37177468637192496,0.3907596372073743,0.2788799910302039,0.38034068858741754,0.21102467103191472,0.41752137731200456,0.23602373605889715,0.31649909702824774,3.5488121394306074,2.501074576832855,3.2680185845681664,2.122254295420002,2.6757459162013735,3.448340888832195,3.6018541193970317,3.9166026867973276,4.429754126746405,4.214374956318784,1.6903164425639239,0.18100866279286812,0.18100866279286812,0.18100866279286812,0.18100866279286812,0.18100866279286812,1,1,1,1,1,1
54,10,5,3,0.26674695074316945,0.33850889375427373,0.39648618672013364,0.3227244030856636,0.25310605716862744,0.5591571077965066,0.248008444048746,0.21900187522095788,0.14823805215786426,0.04950226127551896,1.0,0.9,0.7000000000000001,0.6,0.5,0.8,0.4,0.30000000000000004,0.2,0.1,1.0,0.5,1.0,0.5,0.5,1.0,1.0,0.0,0.0,0.0,0.5,0.5,0.5,1.0,0.0,1.0,1.0,0.5,0.5,0.5,1.0,0.5,0.5,1.0,1.0,1.0,0.5,0.5,0.0,0.5,0.5,1.0,0.5,0.5,0.5,1.0,0.5,0.5,0.5,0.5,0.5,1.0,0.5,0.5,0.5,0.5,0.0,0.0,0.0,0.5,0.2685041512029044,0.4203294977034987,0.29542860900008244,0.249306382295067,0.23714670985529043,0.3583990963058047,0.32798676556510625,0.24381990727309352,0.31231315876698446,0.48820758075780374,4.78888902942467,3.625070675822988,3.29861991010071,3.3384475763998385,3.477812145200397,2.023648231456045,3.8759750799656465,2.5113153046907257,4.81795623289169,2.443854087463027,1.4979936587306624,0.8155035850100036,0.8155035850100036,0.8155035850100036,0.8155035850100036,0.8155035850100036,1,1,1,1,1,1
55,10,5,3,0.2775625193746577,0.3810927275445242,0.08398159314227407,0.820734209272758,0.6349664140771054,0.7420436432796841,0.2523675310346098,0.42014154044340085,0.042595838792298404,0.16514313050692375,0.7000000000000001,0.6,0.30000000000000004,1.0,0.8,0.9,0.4,0.5,0.1,0.2,1.0,1.0,0.0,1.0,0.5,0.5,0.5,1.0,0.0,0.0,1.0,0.5,1.0,1.0,1.0,1.0,0.0,0.0,0.5,0.0,0.5,0.5,0.0,0.5,1.0,1.0,0.5,0.0,0.0,1.0,1.0,0.0,0.5,0.5,0.5,1.0,1.0,0.0,0.0,0.5,0.5,1.0,0.5,0.5,0.5,1.0,0.0,0.0,0.0,0.5,0.41591215524408454,0.4107694464121441,0.29542969128226193,0.4454421663331092,0.44718366641522106,0.33326179828041014,0.4727523454711166,0.4412029884323559,0.37313667610891055,0.2446442754870544,3.052530866444409,4.378501524138036,4.9932341286181625,2.807511190695305,2.1469054925670568,4.880147841990015,3.0984945591329613,2.606418087643125,2.4833296958589903,3.010787096959659,1.7460990182606078,0.6752000267852141,0.6752000267852141,0.6752000267852141,0.6752000267852141,0.6752000267852141,1,1,1,1,1,1
56,10,5,3,0.16205793747823266,0.4781074073191463,0.4702479954756913,0.19089403146484935,0.40330933177358647,0.12674544847933267,0.8670603833694913,0.12538355360408046,0.028792046846698394,0.26013555884832523,0.6,0.9,0.8,0.5,0.7000000000000001,0.4,1.0,0.2,0.1,0.30000000000000004,0.5,0.5,0.5,0.5,0.5,0.5,0.5,0.5,0.0,0.5,0.5,0.5,0.0,0.5,0.5,1.0,0.5,0.0,0.5,0.5,1.0,0.5,0.5,1.0,1.0,0.5,1.0,1.0,0.5,0.5,1.0,1.0,1.0,1.0,0.5,0.0,0.5,0.0,0.5,1.0,1.0,0.5,1.0,1.0,1.0,0.5,1.0,1.0,0.0,0.0,0.4704098578081423,0.3756854493081426,0.29902529301761444,0.2961089740721814,0.30704351734979457,0.22124832398476102,0.4398239774544432,0.3534379368175477,0.2721579837430698,0.2649212183931807,2.350864263457759,2.056417750666504,3.811353885707314,3.6176526497224195,3.576275676395938,3.7021859357226425,2.711512827772022,2.6863561049350153,3.6984745509824712,4.631031396705213,1.3639102551296185,0.9581662093551634,0.9581662093551634,0.9581662093551634,0.9581662093551634,0.9581662093551634,1,1,1,1,1,1
57,10,5,3,0.43588450720698624,0.3422594045494446,0.3335005062332103,0.10544141936402152,0.22525278186826048,0.33671488832969676,0.7117771220945249,0.21751770917032856,0.134470426519946,0.08203751124931938,1.0,0.8,0.7000000000000001,0.4,0.5,0.6,0.9,0.30000000000000004,0.2,0.1,1.0,1.0,1.0,0.5,0.5,0.5,1.0,0.5,0.5,0.0,0.5,1.0,0.5,1.0,0.0,0.5,0.5,0.5,0.0,0.5,1.0,0.5,1.0,0.5,0.5,1.0,0.5,0.5,1.0,1.0,0.5,0.5,0.0,0.5,1.0,0.5,1.0,0.0,0.5,0.0,0.5,1.0,0.5,0.5,0.0,0.5,0.5,1.0,0.5,1.0,0.4514092411543739,0.4308875052638972,0.43620648977813914,0.2172700221970701,0.3034400456720348,0.2362519931955861,0.4013057156468508,0.23051202454167552,0.4449714851295652,0.33063217954253443,3.4566597036022157,4.758515516190505,3.1781916348811956,3.1276367733225934,3.6941539020766174,3.7454660011416934,4.361631010181966,3.1645106196195814,3.065300987126961,4.069626926143304,1.4111017865283084,0.4452884984605653,0.4452884984605653,0.4452884984605653,0.4452884984605653,0.4452884984605653,1,1,1,1,1,1
58,10,5,3,0.4164062174522235,0.36425957991946145,0.30275240029082134,0.21546223109038687,0.43480093776670675,0.08446139575668318,0.20968342931588613,0.8647564926389749,0.0889813913136466,0.07159419125608013,0.9,0.8,0.6,0.5,0.7000000000000001,0.30000000000000004,0.4,1.0,0.2,0.1,1.0,0.5,0.0,0.5,1.0,0.0,0.5,1.0,1.0,0.5,1.0,1.0,0.5,0.5,0.5,0.5,0.5,0.5,0.5,0.5,0.5,1.0,1.0,0.0,0.0,1.0,0.5,0.5,0.0,0.5,0.5,1.0,1.0,0.0,0.5,0.5,0.0,0.5,0.0,0.0,1.0,0.5,0.0,1.0,0.0,0.5,0.0,1.0,0.0,0.5,0.32450625027631963,0.23540318535455293,0.271203764990801,0.32403377250395365,0.2294606885364031,0.31363424541415913,0.34591645442143004,0.2659027047518183,0.37256168308054705,0.2019342253869683,2.5741233306263367,2.865813497577002,3.6800147591324555,4.111459002339411,3.68525858053947,2.8050699287196217,4.42023143482371,2.127098718248356,2.567785892601366,4.042248165550688,1.6178067487506744,0.19133444975598168,0.19133444975598168,0.19133444975598168,0.19133444975598168,0.19133444975598168,1,1,1,1,1,1
59,10,5,3,0.32521649377215933,0.2798404780668359,0.3270644188711188,0.23124454342639533,0.5448580024043282,0.14951556720520037,0.7176251376011475,0.21153430030170634,0.12747650414810782,0.048596878410836826,1.0,0.7000000000000001,0.6,0.5,0.8,0.4,0.9,0.30000000000000004,0.2,0.1,0.5,0.5,0.5,0.0,1.0,0.5,0.5,0.5,0.5,0.5,1.0,1.0,1.0,0.5,0.5,0.5,1.0,0.5,0.0,0.0,1.0,1.0,1.0,0.0,0.5,0.0,1.0,0.5,0.0,0.0,0.5,0.5,0.5,0.5,0.5,1.0,0.5,1.0,0.0,0.5,1.0,0.5,0.5,1.0,0.5,0.5,1.0,0.5,0.0,0.5,0.47933568660789144,0.2645639060938467,0.42552903322617064,0.4159300978428099,0.42292350243314625,0.23409506992599008,0.31847666691682,0.36899451398393324,0.48799074455318614,0.4198780617737339,2.1746415198054234,3.1628053788460617,3.53047282626689,4.299300585592736,2.0813694473052653,2.1262630192800693,4.45078021071879,2.284886146263575,3.7015884736832687,3.838648489314095,1.327565234010641,0.48108556739289876,0.48108556739289876,0.48108556739289876,0.48108556739289876,0.48108556739289876,1,1,1,1,1,1
60,10,5,3,0.22509186603093,0.3264992920604425,0.2531851015773401,0.23339798727340444,0.34476715963054894,0.22955389617022115,0.15608566051005396,0.07511468602787691,0.23414484675405092,0.07484614382214931,0.9,1.0,0.8,0.6,0.7000000000000001,0.5,0.4,0.2,0.30000000000000004,0.1,1.0,1.0,0.5,1.0,0.5,0.5,1.0,0.5,0.0,0.5,1.0,1.0,1.0,1.0,0.5,0.5,0.0,0.5,0.5,0.5,0.5,0.5,0.5,0.5,0.5,0.5,0.0,0.0,0.0,0.0,0.5,0.5,0.5,1.0,1.0,0.5,0.5,0.5,0.5,0.0,1.0,1.0,1.0,0.5,0.0,0.5,0.0,0.0,0.5,0.0,0.48679029918505984,0.41928395822605347,0.45794462231508054,0.34268466004762765,0.35364996635059054,0.469521650064252,0.30028626239720263,0.48716825985055856,0.2939360139996622,0.4174054462651681,2.499248554045954,4.442743667224596,3.6122168837229625,3.724799512901231,2.1127205738633927,4.49066066027743,3.9456365239134983,3.6163871509294796,3.504507244940942,3.6172849827665394,1.9481603541791825,0.9628259727241131,0.9628259727241131,0.9628259727241131,0.9628259727241131,0.9628259727241131,1,1,1,1,1,1
61,10,5,3,0.5727722313783756,0.22138281339020666,0.15044920344297763,0.48238356043983904,0.4025837202951274,0.17201497131024293,0.6734941862973357,0.7777445541447241,0.10018743604332331,0.05660971833075928,1.0,0.5,0.4,0.7000000000000001,0.6,0.30000000000000004,0.8,0.9,0.2,0.1,1.0,1.0,0.5,1.0,0.5,0.5,0.0,1.0,1.0,0.0,0.5,0.5,0.0,0.5,0.5,0.5,0.5,1.0,1.0,0.5,0.5,0.0,0.0,0.5,0.5,0.0,0.5,0.5,0.0,0.5,1.0,0.5,1.0,0.5,0.5,1.0,0.5,1.0,0.5,0.5,1.0,1.0,0.5,0.5,0.5,0.0,1.0,0.5,0.5,0.0,0.35962349353282214,0.4837043578283928,0.33101276758910514,0.4849589354318511,0.28279801621351625,0.3175619752297496,0.43118134672343306,0.42982864309021757,0.43121385410748314,0.46000487638674054,3.450556893054085,2.2817784156028624,4.3045400277820365,2.327981781760749,3.26076272527877,2.331686120363991,3.8992221651810652,3.7687710149900813,4.959508610877733,2.3715454742805937,1.9564369575747305,0.15352822232953256,0.15352822232953256,0.15352822232953256,0.15352822232953256,0.15352822232953256,1,1,1,1,1,1
62,10,5,3,0.22827288038087934,0.698121209288553,0.30708895919130247,0.4093760738112162,0.1270282300475436,0.2677742513059902,0.6790168541995345,0.2414688306143351,0.16788741540729343,0.07626473728130478,0.9,1.0,0.6,0.7000000000000001,0.4,0.5,0.8,0.30000000000000004,0.2,0.1,0.5,0.5,0.5,0.0,0.5,0.5,1.0,0.0,0.0,0.0,1.0,0.5,1.0,1.0,0.0,0.0,1.0,0.0,0.5,0.0,1.0,1.0,0.5,1.0,0.0,0.5,1.0,0.0,0.0,0.0,0.5,0.5,0.5,0.0,0.5,0.0,0.5,0.5,0.0,0.5,0.5,1.0,0.0,1.0,0.0,0.5,0.5,0.5,0.5,0.0,0.4067248269753433,0.45868511922313626,0.4771799284420977,0.4773483165146337,0.43535860619414185,0.4422808106257568,0.38925701069700025,0.2270456049196536,0.38541411702318307,0.4486157203198722,2.7828732214807435,3.764555744959232,4.727493928389615,4.898654554720393,3.526273006921285,4.447927369001708,4.5406792866438055,4.230626820466141,4.904679034521468,3.3707149318511886,1.2021503169956762,0.9697509530546985,0.9697509530546985,0.9697509530546985,0.9697509530546985,0.9697509530546985,1,1,1,1,1,1
63,10,5,3,0.5822565670385133,0.1587205922274496,0.2882899302939492,0.49340845233806746,0.12456673489131398,0.43790047069188553,0.05902997427141715,0.7805067769767062,0.7174059924921456,0.03749600266954714,1.0,0.4,0.5,0.7000000000000001,0.30000000000000004,0.6,0.2,0.9,0.8,0.1,0.5,0.5,1.0,1.0,0.0,0.0,0.5,0.5,0.0,0.0,0.5,0.5,0.0,1.0,0.5,0.5,0.5,0.5,1.0,0.5,0.5,0.5,0.0,0.5,0.5,0.5,0.0,0.0,1.0,0.0,0.5,0.5,0.5,0.5,0.5,0.0,0.0,0.5,0.5,0.0,0.5,0.5,0.5,0.0,0.5,1.0,1.0,0.5,0.5,0.0,0.3233604858365974,0.439513413136623,0.49559678052758915,0.38647982175281886,0.4800599007653378,0.46318258651768224,0.30613828728519465,0.2964977363636931,0.3801287445900794,0.23584940965190315,3.2579787743207227,4.808744374525399,3.9959938425005044,2.2534508792586267,4.733432542315736,2.4477159046739616,4.811907787926751,3.9018972466035087,4.918170541938968,3.2795285813072628,1.1607211108479003,0.9228959431850222,0.9228959431850222,0.9228959431850222,0.9228959431850222,0.9228959431850222,1,1,1,1,1,1
64,10,5,3,0.20927450338843034,0.6655863778530833,0.19705818851402002,0.10526443121164325,0.07670969344674483,0.49716697949438593,0.44802011612667486,0.053719619571791444,0.7836372418565244,0.04396629593364315,0.8,1.0,0.5,0.4,0.30000000000000004,0.7000000000000001,0.6,0.2,0.9,0.1,1.0,1.0,1.0,0.0,0.5,0.5,0.5,0.5,1.0,0.0,1.0,1.0,0.5,0.5,0.5,0.5,0.0,0.5,0.5,0.0,0.5,0.5,0.5,0.0,1.0,0.5,0.5,0.0,1.0,0.0,0.0,1.0,0.5,0.5,1.0,1.0,1.0,0.5,0.5,0.5,1.0,0.5,1.0,0.0,0.5,1.0,0.0,0.0,0.5,0.0,0.38643501926777896,0.4480868512643801,0.2401085549183052,0.38697906902676377,0.4518403741250148,0.3589619582478778,0.46577204601901584,0.4621494618625608,0.36847079554353485,0.44599595922770113,4.60251189932605,4.714338917062184,4.210722699112741,2.0947450447197333,2.7775201713010156,3.891264315542398,4.535475133542635,3.5250703678443154,4.312037735560706,3.1165647296617554,1.7486201203637757,0.37789625886445677,0.37789625886445677,0.37789625886445677,0.37789625886445677,0.37789625886445677,1,1,1,1,1,1
65,10,5,3,0.29587904630449413,0.17644212263350612,0.4338783408257181,0.4595049836647787,0.11778102921302747,0.0652019786456911,0.7875885488882122,0.4141795894615421,0.3237116540828803,0.08115860330983876,1.0,0.6,0.8,0.7000000000000001,0.30000000000000004,0.2,0.9,0.5,0.4,0.1,1.0,0.5,1.0,1.0,0.5,1.0,1.0,0.5,0.0,0.5,0.5,0.5,1.0,1.0,0.5,0.0,0.5,0.0,0.5,0.0,1.0,1.0,0.0,0.0,0.5,0.5,0.5,1.0,1.0,0.5,1.0,1.0,0.5,1.0,0.0,1.0,0.5,0.5,0.0,0.0,0.5,0.0,0.5,0.5,0.5,0.0,1.0,0.0,0.5,0.5,0.47439563068800916,0.30132831613838734,0.20462660611603986,0.3799148799652708,0.25532439182862454,0.27798893006240366,0.33364992357017964,0.20247563037479713,0.49965277801886177,0.40640076536033265,2.005302057439587,4.435112480821767,2.8348314986847063,3.317932309072615,3.2616911529210246,4.335682008545504,2.4553277632168165,3.601867756538215,3.6874913773780857,3.196102044647564,1.547179923213584,0.4849677810106855,0.4849677810106855,0.4849677810106855,0.4849677810106855,0.4849677810106855,1,1,1,1,1,1
66,10,5,3,0.31640381586184474,0.4398174568395922,0.21320290196921232,0.3577607290729573,0.2734014515942984,0.6226705072129342,0.05693086142215284,0.2719218364118516,0.17823775038447556,0.0732401071991069,1.0,0.9,0.6,0.7000000000000001,0.5,0.8,0.2,0.4,0.30000000000000004,0.1,0.5,1.0,0.0,0.5,1.0,1.0,0.0,0.5,0.0,0.0,1.0,0.5,0.0,0.5,0.0,1.0,0.0,0.5,0.5,0.5,1.0,1.0,0.5,0.5,1.0,1.0,0.5,1.0,0.0,1.0,1.0,0.0,0.5,0.0,1.0,0.5,0.5,0.0,1.0,0.0,1.0,1.0,0.0,0.5,1.0,0.5,0.0,0.0,1.0,0.5,0.3374665713252194,0.36781275503810684,0.48387507280079406,0.3827256708277466,0.2431873543883313,0.37527396917553474,0.4921998339561434,0.20752324177738504,0.377323406746749,0.3601381505114374,2.5573325243785154,4.273966447170956,3.6506428090654635,4.306168897385726,2.17478383299186,3.853540171481956,4.25037215118034,3.5224185881328545,4.486137606537086,2.7511935117609934,1.3368457476396816,0.8215720506685193,0.8215720506685193,0.8215720506685193,0.8215720506685193,0.8215720506685193,1,1,1,1,1,1
67,10,5,3,0.20090534398480142,0.2367787827984117,0.5878505940839827,0.15342815321676195,0.3365028747407776,0.7446922259900638,0.17658349193135003,0.04347915151339286,0.345464192237805,0.17484472278014754,0.8,0.7000000000000001,1.0,0.5,0.6,0.9,0.30000000000000004,0.1,0.4,0.2,1.0,0.5,0.5,0.0,0.0,0.0,0.0,0.5,0.0,0.0,1.0,0.5,1.0,1.0,1.0,0.5,0.5,0.0,0.0,0.5,1.0,0.5,0.5,0.5,0.0,1.0,1.0,0.0,0.5,0.5,0.5,0.5,1.0,0.0,0.5,1.0,0.0,0.5,0.5,0.5,0.5,1.0,1.0,0.0,0.0,0.5,0.5,0.5,0.5,0.5,0.29983622310928504,0.4028023819825338,0.4472336587894994,0.39235852120797177,0.37954441495222047,0.3250791615041764,0.37676545167591446,0.31135931327563293,0.48788974852597194,0.272970061368246,4.562312101248742,4.6370700833295135,4.328514006864704,2.2191932523094033,2.4897267646791965,2.319591223647297,2.548448490049601,4.752559270994705,2.810764545138929,3.223431104622133,1.3911490896851766,0.5798219684644416,0.5798219684644416,0.5798219684644416,0.5798219684644416,0.5798219684644416,1,1,1,1,1,1
68,10,5,3,0.2845432877037619,0.32206499606598815,0.37795910495866003,0.5175237499127164,0.27897886972765695,0.21256391230492078,0.49855060044638416,0.21110018950986031,0.1180089582369876,0.07434617555715185,1.0,0.9,0.7000000000000001,0.8,0.5,0.4,0.6,0.30000000000000004,0.2,0.1,1.0,0.5,1.0,0.5,1.0,0.5,0.5,1.0,0.0,0.5,0.5,0.5,1.0,0.0,0.5,0.5,0.5,0.0,0.5,0.0,1.0,1.0,0.5,0.5,0.5,0.0,0.5,0.5,0.0,0.5,1.0,1.0,0.5,1.0,0.5,0.5,0.5,1.0,0.5,0.0,0.5,0.5,1.0,0.5,0.5,0.5,1.0,0.5,0.5,0.5,0.34419038399943247,0.44218292841315454,0.3015558629715446,0.29481903767456696,0.35908178942999447,0.320675447739941,0.2585681203057592,0.29489346771491515,0.47021576913727575,0.328639574013516,2.1522381842109506,3.8471303681904345,2.1751834864611697,4.387545151510546,3.986080200203984,4.588405024834071,3.3763997184494405,3.6420676370985636,4.012932633510823,3.663832197075043,1.9688828366954056,0.7295670353557889,0.7295670353557889,0.7295670353557889,0.7295670353557889,0.7295670353557889,1,1,1,1,1,1
69,10,5,3,0.39939035041389803,0.17546735867693625,0.6759643343104731,0.4795301622742939,0.5970202654059368,0.2552988281186089,0.3908660574967076,0.11320005801534692,0.24340482419160064,0.06280908470723426,1.0,0.6,0.9,0.7000000000000001,0.8,0.4,0.5,0.2,0.30000000000000004,0.1,1.0,1.0,1.0,1.0,0.5,0.5,1.0,0.5,0.5,0.0,0.5,1.0,1.0,0.5,1.0,1.0,0.0,0.0,0.5,0.5,1.0,0.5,1.0,0.0,1.0,0.0,0.5,0.0,0.0,0.5,0.5,0.5,0.5,0.5,1.0,0.5,0.5,0.0,1.0,0.5,0.5,0.5,1.0,0.5,0.5,0.5,0.0,0.5,0.5,0.5,0.4047121331853263,0.294264015650738,0.40346395925179507,0.21852596143550895,0.4795327768480446,0.28420488009556655,0.3955743098026804,0.20492261582221571,0.4232689891763807,0.2566470014303492,2.0529027560452864,4.086234903104823,2.070234081682662,2.7871456702183686,2.8971777156156477,4.487825112193282,4.960511712002017,4.880565728158354,4.745183412137933,3.4737290777563574,1.1729297109757972,0.10367441578999972,0.10367441578999972,0.10367441578999972,0.10367441578999972,0.10367441578999972,1,1,1,1,1,1
70,10,5,3,0.3313728647135428,0.44178704207375724,0.7237052744608261,0.45851775769610736,0.07925827665764039,0.3811650398878046,0.8941883366208205,0.24436263017089654,0.34970788706494166,0.06783681483447979,0.8,0.7000000000000001,0.9,0.6,0.2,0.5,1.0,0.30000000000000004,0.4,0.1,0.0,1.0,1.0,0.0,0.5,0.0,1.0,1.0,0.0,0.5,0.5,0.5,1.0,0.0,0.0,1.0,0.5,1.0,0.5,1.0,0.5,1.0,0.5,0.5,0.0,0.5,0.5,0.5,0.0,0.5,1.0,0.5,0.5,0.5,0.0,1.0,0.5,1.0,0.5,0.5,1.0,1.0,0.5,0.5,1.0,1.0,0.5,0.5,0.5,0.0,0.4759183904577227,0.4919327570519118,0.40122548331055075,0.2630659477544798,0.44178069704678824,0.47231245612740674,0.2202129046319088,0.4089185420556717,0.33696508205419945,0.28829103851296567,2.298649665953229,3.835341350434943,4.349408997544256,3.0160522764667443,3.8120569655912435,3.4775170955501995,4.569122338391779,2.6539557282192696,4.182423372878686,3.53446886124744,1.5146331433313174,0.5814576613432758,0.5814576613432758,0.5814576613432758,0.5814576613432758,0.5814576613432758,1,1,1,1,1,1
71,10,5,3,0.4227662884295857,0.5269923345512382,0.34268046939310226,0.2647729958652845,0.22514125007578656,0.8585024198656647,0.16575145465594165,0.4180490375776617,0.15433897002035415,0.07672609488899534,0.8,0.9,0.7000000000000001,0.6,0.4,1.0,0.30000000000000004,0.5,0.2,0.1,0.5,0.0,0.0,1.0,0.0,0.5,0.5,0.5,0.5,1.0,0.5,0.5,0.0,0.5,0.0,1.0,1.0,0.5,0.5,0.0,0.5,1.0,1.0,0.5,1.0,1.0,0.0,1.0,0.5,0.5,0.5,1.0,0.0,0.5,0.5,1.0,0.5,1.0,1.0,1.0,0.0,1.0,0.5,0.5,0.5,1.0,0.5,0.5,0.0,0.0,0.24635592709070397,0.4927161523135944,0.48273497758695655,0.34032397772276923,0.2870609078803401,0.20575011010496125,0.38019455880390546,0.3568920573169936,0.2636324535281661,0.36639519082090977,3.4266941411985417,4.70775415820754,3.64098226258779,3.584302236663617,4.1624597119558295,2.711321853236301,4.265910153679175,4.092406485336375,2.1251207302308677,2.567809965863634,1.6009969458505426,0.894093818277157,0.894093818277157,0.894093818277157,0.894093818277157,0.894093818277157,1,1,1,1,1,1
72,10,5,3,0.29273441086680696,0.4039335603498875,0.4118615559660759,0.29546872841929245,0.4828732708054376,0.32275575234489984,0.06490240192949753,0.1725218971855518,0.31872262213284536,0.05463242641366359,0.9,1.0,0.8,0.6,0.7000000000000001,0.5,0.2,0.30000000000000004,0.4,0.1,0.0,0.5,0.5,1.0,0.5,0.5,0.0,0.0,0.5,0.5,0.5,0.5,1.0,0.5,0.0,0.0,0.0,1.0,0.5,0.0,1.0,1.0,0.5,1.0,1.0,1.0,0.0,0.5,1.0,0.5,1.0,1.0,1.0,0.0,0.0,0.5,0.5,0.5,0.5,0.5,0.5,1.0,1.0,1.0,0.5,0.0,0.0,0.5,1.0,0.0,0.37491643204900743,0.3691200941282376,0.303092582585274,0.3759691760935472,0.2924256778150447,0.4140424985995037,0.4082542971718238,0.37267759241918375,0.25287820514867904,0.313948662529728,4.407458119872632,2.807705710087041,4.983091902353044,3.100135008746947,2.52328436448719,3.5119707731792076,4.835570145679404,2.0768627735778327,4.089881965530017,3.876832684216596,1.1996609310321338,0.15148724562032456,0.15148724562032456,0.15148724562032456,0.15148724562032456,0.15148724562032456,1,1,1,1,1,1
73,10,5,3,0.21750248075014822,0.661642484781243,0.16962604626930822,0.5312867989642225,0.1806107077816027,0.09952141482029042,0.7102516056521186,0.5314721689788249,0.030924487996654704,0.1666574896069549,0.6,1.0,0.5,0.8,0.4,0.30000000000000004,0.9,0.7000000000000001,0.1,0.2,0.5,0.5,0.5,0.5,0.5,1.0,0.5,0.5,0.0,0.5,0.0,0.5,0.5,1.0,0.0,0.5,1.0,0.5,0.0,0.5,0.5,1.0,1.0,1.0,0.5,0.0,1.0,0.5,0.5,0.5,1.0,0.5,0.0,0.5,0.0,0.0,1.0,1.0,0.5,1.0,0.5,1.0,0.0,1.0,1.0,0.5,1.0,1.0,0.5,0.5,0.2731944378137915,0.3133781718695538,0.2460590941914894,0.45223193297888503,0.4266174573403837,0.22102596573493818,0.48286876387511335,0.32783159077014945,0.2178335078669001,0.36960363946004604,4.4717418630292585,3.1191389692431777,2.871172663355413,2.7428505925970823,3.3279811595045774,3.2956902112068924,3.9059958685029024,2.5712869021834197,4.197603950338056,2.559378959368675,1.981882668412842,0.8431306031530273,0.8431306031530273,0.8431306031530273,0.8431306031530273,0.8431306031530273,1,1,1,1,1,1
74,10,5,3,0.32125709864506424,0.26612120579642473,0.3055442256234317,0.23028401720613512,0.21648144672616287,0.32694341493495316,0.10295424067327202,0.052126064238955355,0.27223835118518913,0.03369699935924288,1.0,0.9,0.8,0.7000000000000001,0.5,0.6,0.30000000000000004,0.2,0.4,0.1,0.5,0.5,1.0,0.5,1.0,1.0,0.5,0.5,1.0,0.5,0.5,0.5,0.5,0.5,0.5,0.5,1.0,0.5,1.0,0.5,1.0,1.0,0.0,1.0,0.5,0.5,0.5,0.5,0.0,0.0,0.5,1.0,0.5,1.0,1.0,0.5,0.0,0.5,0.5,0.5,1.0,1.0,1.0,1.0,0.5,1.0,0.5,0.5,0.5,0.5,0.33129798744940026,0.4166579038777173,0.2068554162603522,0.42696177184115824,0.39539620321788627,0.20952472703882377,0.31922464173787274,0.4541631396817654,0.439230010941412,0.24696658946677685,4.654070622766349,2.3762392376219177,3.980380362089471,2.042726262574096,3.991997626220805,4.7904976617326955,4.0043988979722,2.290817504953283,4.4940119620408145,3.6941015170861755,1.7181201066643692,0.35607983213230465,0.35607983213230465,0.35607983213230465,0.35607983213230465,0.35607983213230465,1,1,1,1,1,1
75,10,5,3,0.23479741811636623,0.36288940567030414,0.2217808178452933,0.6439877767371913,0.11714584279059514,0.70388703810206,0.1577836518288135,0.40713710541544373,0.14052796896508232,0.057294699867369105,0.7000000000000001,0.8,0.6,1.0,0.4,0.9,0.30000000000000004,0.5,0.2,0.1,0.0,1.0,0.5,1.0,0.5,1.0,0.5,0.0,0.5,0.0,1.0,0.5,0.5,1.0,0.5,0.5,0.5,0.5,0.0,0.5,1.0,0.5,0.5,1.0,0.5,1.0,0.5,0.5,1.0,0.0,0.5,0.5,0.5,1.0,1.0,0.5,0.0,0.5,0.5,0.5,1.0,0.5,1.0,0.5,0.5,1.0,0.0,0.5,0.5,0.0,0.22353807916979712,0.3677873192124963,0.2910917668383904,0.47261904696377366,0.40536451832328363,0.26096013389120715,0.48126140376369264,0.2650563441173018,0.32085817880930795,0.40925912622689303,3.9568019652843653,4.946864899396406,2.797528437345669,2.9136623065513496,3.8758512906813416,2.291931652587668,4.619328317168774,2.555847940639413,4.842191151781806,3.5264485444562537,1.2516904698499536,0.5239822701555993,0.5239822701555993,0.5239822701555993,0.5239822701555993,0.5239822701555993,1,1,1,1,1,1
76,10,5,3,0.5387194885485177,0.6964178369392964,0.5290090266416113,0.4727636882911554,0.4064822645518003,0.3408564385724432,0.15075201326391208,0.27904435914727443,0.10938232439324208,0.040960819892354686,0.9,1.0,0.8,0.7000000000000001,0.6,0.5,0.30000000000000004,0.4,0.2,0.1,0.5,1.0,1.0,0.5,0.5,0.0,0.0,0.5,0.0,0.5,0.0,0.5,1.0,0.5,1.0,0.5,0.0,0.5,0.0,0.5,1.0,0.5,1.0,0.5,1.0,1.0,0.0,0.5,0.0,0.5,0.5,1.0,1.0,0.5,0.0,0.5,0.0,0.0,0.0,1.0,1.0,0.5,0.5,0.5,0.0,0.5,0.5,0.5,0.0,0.0,0.4134002264268221,0.38927670822436017,0.2061406931422329,0.4100714085461627,0.4967542580306424,0.37626010389394804,0.2825398500860277,0.45117386509218105,0.2547621227351981,0.261711011158992,4.032860968240585,4.519805039501607,2.165888082420606,3.3676799094167262,4.484406362607196,2.0251833234612677,2.274700661686855,4.723615929476315,4.565028792275486,4.185894065582176,1.6176840350037478,0.6877738523159677,0.6877738523159677,0.6877738523159677,0.6877738523159677,0.6877738523159677,1,1,1,1,1,1
77,10,5,3,0.4585848979765743,0.5795273578538039,0.3935651423856385,0.2493180083315233,0.20009054196543785,0.6369017420134376,0.10273768348109956,0.5125131507398698,0.25454406598615187,0.08492913985083526,0.9,1.0,0.7000000000000001,0.5,0.4,0.8,0.2,0.6,0.30000000000000004,0.1,1.0,1.0,1.0,0.5,0.5,0.5,1.0,1.0,0.5,0.5,0.0,0.5,0.5,0.5,1.0,0.5,0.5,0.0,0.0,0.5,1.0,0.5,0.5,0.0,0.0,1.0,0.5,0.5,0.5,0.0,1.0,1.0,1.0,0.5,0.0,1.0,0.5,1.0,0.0,0.0,1.0,0.5,0.0,0.5,0.5,0.5,0.5,1.0,0.0,0.5,0.4525967145092412,0.313889691472763,0.360995789926731,0.40157814079164666,0.2201183645753542,0.47787921629726177,0.2403696272332687,0.22548867492657437,0.4270173649559117,0.43841136802856845,2.5757814792629916,3.327032532583594,4.537417705741056,4.4202969671259105,2.262756712518044,3.357577928525374,2.783207185511414,2.597955875479714,4.734925050397226,2.112214362548655,1.1749704669887024,0.8781091935373998,0.8781091935373998,0.8781091935373998,0.8781091935373998,0.8781091935373998,1,1,1,1,1,1
78,10,5,3,0.3044286293070878,0.16691357269729096,0.6306430044131185,0.16665748664285418,0.37728865726675503,0.6048598090822002,0.12910046157521574,0.8496368173747871,0.08935148548348769,0.05154751025874249,0.7000000000000001,0.5,0.9,0.4,0.6,0.8,0.30000000000000004,1.0,0.2,0.1,0.5,0.5,0.5,0.5,1.0,1.0,0.0,0.5,0.0,0.0,1.0,0.5,1.0,0.5,0.5,1.0,0.0,1.0,0.5,0.5,1.0,0.5,1.0,0.0,0.0,0.0,0.5,0.5,0.5,0.0,1.0,0.5,0.5,0.0,1.0,1.0,0.5,0.5,0.0,0.0,1.0,0.5,1.0,0.0,0.5,0.0,0.5,0.5,0.0,0.0,0.41387497745462665,0.3578291220635518,0.38249177997172723,0.20215567762996633,0.26800885587748297,0.4133341420051283,0.4962627270256751,0.42092539429244424,0.36116733714823895,0.2635474639742651,2.807569187167582,4.174660806713598,3.7873715097631857,4.251177809099069,2.6085029779123174,4.298987607875455,3.821506987902404,2.6046626130766484,4.559106852383209,4.68094346174776,1.0261867092312875,0.2527515056271901,0.2527515056271901,0.2527515056271901,0.2527515056271901,0.2527515056271901,1,1,1,1,1,1
79,10,5,3,0.2977579183732276,0.5354781810179294,0.34562012008966575,0.15938260892543327,0.4106662217585688,0.234969403149368,0.6947475597768908,0.15981760852596008,0.2646045866832654,0.06952729259422732,0.9,1.0,0.7000000000000001,0.5,0.6,0.4,0.8,0.2,0.30000000000000004,0.1,0.5,1.0,1.0,1.0,0.0,0.5,1.0,0.0,0.0,0.0,0.5,1.0,1.0,0.0,0.0,0.5,0.5,0.0,0.5,0.0,1.0,0.5,1.0,0.5,0.5,0.5,0.5,0.5,0.5,0.5,1.0,1.0,0.5,0.5,0.0,0.5,1.0,1.0,0.0,0.0,0.5,0.5,0.0,0.0,0.0,0.5,0.5,0.0,1.0,0.5,0.2899894535888826,0.3898597419635613,0.3842380090042843,0.2533106627456896,0.3497176830056153,0.4624279279340652,0.2898048555761248,0.22733430740730742,0.42645840074858116,0.3720089126173389,3.1664988769223723,4.815051333856356,2.933695953203295,4.995391750785817,2.8874832702881075,3.597422791193988,3.3819717025372595,4.274027858130739,2.477359598847311,2.248792819171711,1.3848266759052028,0.1436743499415223,0.1436743499415223,0.1436743499415223,0.1436743499415223,0.1436743499415223,1,1,1,1,1,1
80,10,5,3,0.2440214506674404,0.442237095077358,0.21413084123888804,0.750383182926675,0.3948811895338732,0.5400998214569298,0.2886775792161066,0.21490396007739893,0.14630545423874114,0.06333105898825193,0.9,0.8,0.5,1.0,0.6,0.7000000000000001,0.4,0.30000000000000004,0.2,0.1,0.5,1.0,0.0,0.5,0.0,0.0,0.5,0.5,0.5,1.0,1.0,1.0,1.0,1.0,0.0,0.5,1.0,0.0,0.5,0.5,0.5,0.5,1.0,1.0,0.0,1.0,0.0,0.5,0.5,0.5,1.0,1.0,0.5,1.0,0.0,0.5,0.0,0.5,1.0,0.5,0.5,1.0,0.5,1.0,0.5,0.5,0.0,1.0,0.0,0.5,0.4892702730297279,0.23127877110453507,0.42100484133511273,0.20945946940300425,0.35799485801580755,0.4129914278643547,0.3011321968330936,0.4652283923359709,0.40490201788378477,0.23614362250023993,3.11146731619885,2.3418485490464516,2.030011407235362,2.894175030321933,3.87389003147254,2.326652136943429,2.9372067205426746,2.5326746354356326,3.191726031635696,3.6814763862292734,1.589822307264483,0.4696696345029724,0.4696696345029724,0.4696696345029724,0.4696696345029724,0.4696696345029724,1,1,1,1,1,1
81,10,5,3,0.25663877357495013,0.3656395074403175,0.2627034738940807,0.502259375763526,0.14779299301175042,0.34087026531920095,0.4738575720627558,0.13675809217952253,0.052865289062261095,0.2620922775396232,0.9,1.0,0.7000000000000001,0.8,0.4,0.5,0.6,0.2,0.1,0.30000000000000004,1.0,1.0,0.5,1.0,0.5,0.5,0.5,0.5,0.5,0.5,0.5,1.0,1.0,1.0,0.0,1.0,1.0,0.0,0.5,0.0,0.5,1.0,1.0,1.0,0.5,0.5,1.0,0.5,0.5,0.0,1.0,0.5,1.0,0.5,0.0,0.5,0.0,0.5,0.0,1.0,0.5,1.0,0.0,1.0,1.0,0.0,0.0,0.5,0.5,0.0,0.32385876765410326,0.29916577683550954,0.4622446114447008,0.30439360141331473,0.22908724074416792,0.44581974869463414,0.22468097088043232,0.4717306104500165,0.46454453511550464,0.32128056410090844,4.056055073180899,3.3904489070155366,4.777644205477117,2.111289669932174,2.811389839950198,3.8534626726506027,3.0946884721553323,4.572131324878748,4.069159295447504,4.5455275548270295,1.050705724871257,0.8532686474066568,0.8532686474066568,0.8532686474066568,0.8532686474066568,0.8532686474066568,1,1,1,1,1,1
82,10,5,3,0.30171387958611773,0.2036181997312717,0.716530940361426,0.1806270687494617,0.482775765172124,0.11214540189749772,0.42640024696758283,0.3666828762283988,0.08940058442589414,0.05116959029606161,0.9,0.8,1.0,0.4,0.7000000000000001,0.30000000000000004,0.6,0.5,0.2,0.1,1.0,1.0,0.5,0.0,1.0,0.0,0.0,0.5,0.5,0.5,0.5,0.5,1.0,0.0,1.0,0.5,1.0,0.5,0.0,0.0,1.0,1.0,1.0,0.5,0.0,1.0,0.5,0.5,0.0,0.0,1.0,0.5,0.5,0.5,0.5,0.5,0.5,0.5,0.5,0.5,1.0,1.0,1.0,0.5,1.0,0.0,1.0,0.0,0.0,0.5,0.30451342623785627,0.3519473163107264,0.48109901366528557,0.2119890302631238,0.3660321274668881,0.46994918175942296,0.27741042822700934,0.37421033018614946,0.31130309054754735,0.3718535588265576,3.7227933880230655,4.976654409746569,3.4035227827420194,2.1416839201542506,4.867859750298622,3.5056172325180315,3.7997402207688182,2.254299154290865,3.2533637356258165,2.566647670911569,1.1576458223305464,0.34396818900158777,0.34396818900158777,0.34396818900158777,0.34396818900158777,0.34396818900158777,1,1,1,1,1,1
83,10,5,3,0.46492174121723623,0.3842240675432489,0.24875563114326416,0.7083851068721283,0.2346266910226695,0.5657526417273187,0.3685315560571417,0.1973236090130775,0.1173309238361161,0.040484971257222314,0.9,0.8,0.6,1.0,0.4,0.7000000000000001,0.5,0.30000000000000004,0.2,0.1,0.5,0.0,1.0,1.0,0.5,0.5,1.0,0.0,0.0,0.0,1.0,0.5,0.5,1.0,0.0,1.0,1.0,0.5,0.5,0.0,0.5,0.5,1.0,0.5,0.5,0.5,0.5,1.0,0.5,0.0,0.5,0.5,0.5,0.5,0.0,0.5,0.5,0.0,0.5,0.0,1.0,0.0,1.0,1.0,0.5,0.5,1.0,0.5,0.5,0.5,0.3152125573211158,0.42673827089098265,0.2950645121185782,0.44049522803317886,0.38962261960654276,0.40725196802846775,0.3442402118495129,0.2652211244070327,0.46813869276135256,0.29952933248196095,4.724221822291316,4.930871125749265,4.378638981911871,2.82064389577939,4.228340917432186,2.918019602949781,3.2082332525646224,3.3026423288186333,4.451113136394165,2.062483982482311,1.561840353808516,0.8810438969329683,0.8810438969329683,0.8810438969329683,0.8810438969329683,0.8810438969329683,1,1,1,1,1,1
84,10,5,3,0.2954689158839161,0.4319696751693721,0.29236059947168075,0.2901209617090265,0.19716994575043278,0.10004611307809302,0.8035210673510508,0.3387414883305251,0.07969696114421876,0.04418496404386767,0.8,0.9,0.7000000000000001,0.6,0.4,0.30000000000000004,1.0,0.5,0.2,0.1,1.0,1.0,0.5,0.5,0.5,0.5,0.5,0.0,0.0,0.5,0.5,0.5,0.5,1.0,0.0,0.5,0.5,0.5,1.0,0.5,0.5,1.0,0.5,0.5,1.0,0.0,0.5,0.0,0.0,0.0,1.0,1.0,0.0,0.0,0.0,0.5,1.0,1.0,0.5,0.5,1.0,0.5,0.0,1.0,0.5,1.0,1.0,1.0,0.0,0.0,0.2581345090774988,0.2341162880677861,0.4136195425759105,0.2752389238381493,0.374201180493462,0.2697203549225029,0.2413944478772036,0.3415321928037959,0.28753955427020766,0.3574441214723384,2.3961117417869415,4.195355363383362,4.118622803725209,3.5515448623225034,2.1436882549612073,4.479242047547651,2.7773891761154026,4.09965893926325,2.4696975052560903,3.7883675562508135,1.2408068329018889,0.765937662720354,0.765937662720354,0.765937662720354,0.765937662720354,0.765937662720354,1,1,1,1,1,1
85,10,5,3,0.280622711019783,0.510398091076001,0.4465157204360791,0.46677345491168953,0.31580037916761455,0.138791127148832,0.09190034302019699,0.29888700589663614,0.5252897149289864,0.06938233873773798,1.0,0.9,0.8,0.7000000000000001,0.5,0.30000000000000004,0.2,0.4,0.6,0.1,0.5,0.5,0.5,1.0,0.5,0.5,0.5,1.0,0.5,0.5,1.0,0.5,0.5,0.5,0.5,0.0,0.5,0.0,0.0,0.5,1.0,1.0,1.0,1.0,0.5,1.0,0.0,0.0,0.0,0.0,0.5,0.5,1.0,1.0,1.0,0.0,0.0,0.5,0.5,0.5,0.5,1.0,0.5,0.5,0.5,0.0,0.5,0.0,1.0,0.5,0.3795647641371933,0.49419773177995924,0.39904000941307305,0.43128120009433946,0.4295846470136457,0.35326950882410013,0.4999889202280161,0.36865067242870553,0.34605703109246744,0.43356343614388965,4.017448530694406,2.703678635851256,4.7378198772981674,2.126230050285698,2.583842273420724,3.877074527036245,3.3972907831711683,2.013523044984865,2.755791432744152,3.9090521802680267,1.9042880726861466,0.719318300862873,0.719318300862873,0.719318300862873,0.719318300862873,0.719318300862873,1,1,1,1,1,1
86,10,5,3,0.24934335144233044,0.21052953709340372,0.301069532833337,0.45753954141897796,0.09454640407877046,0.20400403817482685,0.309801615920572,0.8689937466583363,0.09736612263488194,0.047439565562247016,0.9,0.8,0.6,0.7000000000000001,0.30000000000000004,0.4,0.5,1.0,0.2,0.1,0.5,1.0,0.5,1.0,0.5,0.0,1.0,0.5,0.0,0.0,1.0,0.5,0.0,0.5,0.0,0.0,0.0,0.5,0.0,0.5,0.5,0.5,0.0,0.5,0.5,0.0,0.5,1.0,0.0,0.5,0.5,0.5,1.0,0.0,0.5,1.0,0.5,0.5,0.0,0.0,0.5,1.0,0.5,1.0,1.0,0.5,1.0,1.0,0.5,0.0,0.39918646649709366,0.2886970294519544,0.25267147672212625,0.46299820962784455,0.49049178379801955,0.2674131335973708,0.4473953174760085,0.3770732619795155,0.2924396589769651,0.45935861182850624,3.47922700081587,2.5509325751275593,4.117512327218221,2.7295506080089433,2.4497642244352313,2.069510497202117,3.13598718698532,3.766250523433754,3.612758421843951,2.461520298976581,1.9267883787098166,0.826140172793697,0.826140172793697,0.826140172793697,0.826140172793697,0.826140172793697,1,1,1,1,1,1
87,10,5,3,0.2802183336489563,0.3396507513450905,0.6973111383044692,0.33563253402935034,0.6780488486808053,0.22753278649394418,0.16655062245821822,0.3874812678833856,0.09028469241517362,0.03464235155190057,0.8,0.7000000000000001,1.0,0.6,0.9,0.4,0.30000000000000004,0.5,0.2,0.1,0.5,0.5,1.0,0.5,1.0,0.0,0.0,0.0,0.0,0.5,1.0,0.0,0.5,0.5,0.5,0.0,0.5,0.0,0.0,0.0,1.0,0.0,0.5,0.0,0.5,1.0,0.0,0.0,0.5,0.5,0.5,1.0,1.0,1.0,0.5,1.0,0.5,0.5,0.5,0.0,0.5,0.0,0.5,1.0,0.5,0.5,1.0,0.5,0.5,0.0,0.45683055003123557,0.39161574442154523,0.3998098392094004,0.3714930222460668,0.31555199879729606,0.39768370798708763,0.21390175848726917,0.2584038066573454,0.42597213200288825,0.26557706849508217,2.9447839551683685,4.067265674407753,2.9915692994088863,2.381631049057522,2.5109675756640795,2.847355048271014,4.5948588423762144,4.397675468483796,3.1569895361476794,3.3208969517278994,1.555269193644557,0.8381033338209395,0.8381033338209395,0.8381033338209395,0.8381033338209395,0.8381033338209395,1,1,1,1,1,1
88,10,5,3,0.27827883539692,0.4636525415578579,0.32260190463499455,0.8182340834729225,0.23090399003518872,0.1468985863521381,0.4041569320450381,0.6138105623552625,0.12120952056343266,0.05435566698757352,0.8,0.9,0.6,1.0,0.4,0.30000000000000004,0.5,0.7000000000000001,0.2,0.1,0.0,0.5,0.5,0.5,0.0,1.0,0.0,0.5,0.0,1.0,1.0,1.0,0.0,0.5,0.0,1.0,1.0,1.0,0.0,0.5,0.5,0.5,0.5,0.5,0.5,0.5,1.0,0.0,0.5,0.0,1.0,1.0,1.0,0.5,0.5,0.5,0.5,0.5,0.5,0.0,1.0,0.5,0.5,1.0,0.5,0.0,0.5,1.0,1.0,0.5,0.3102814384762962,0.21197383573434228,0.41040776436711857,0.26150225521827103,0.28068684683310174,0.2342403169487714,0.40251258949877505,0.2569254711531305,0.3005935965654073,0.3497760639068954,4.662093134237102,3.1607195219349715,3.204872043339832,4.095337941144713,4.304696017882816,4.418569443997269,2.9800765610600015,2.667319395067155,4.412678047976517,3.031396070211568,1.2318857384742463,0.2198275931629562,0.2198275931629562,0.2198275931629562,0.2198275931629562,0.2198275931629562,1,1,1,1,1,1
89,10,5,3,0.3140427402437456,0.4449064666009513,0.2718239820790307,0.6848068871433579,0.18645285787700333,0.11370058145877726,0.3203955498400331,0.06240870474940202,0.23391513925142357,0.04736240967541472,0.8,0.9,0.7000000000000001,1.0,0.5,0.4,0.6,0.2,0.30000000000000004,0.1,0.5,1.0,0.5,1.0,0.5,1.0,0.5,0.5,0.5,0.5,1.0,1.0,0.5,0.5,1.0,0.0,0.5,0.5,0.0,0.5,0.5,0.5,1.0,0.5,0.5,0.0,0.0,0.0,0.5,0.5,0.5,0.5,1.0,0.5,0.5,0.5,0.5,0.0,0.0,0.5,1.0,0.5,1.0,1.0,1.0,0.0,1.0,0.5,0.0,0.0,0.28333661320467673,0.2644937995125643,0.3237647158814173,0.39722167180007595,0.30313294889236836,0.41416073386825436,0.48254000182403267,0.2612201789410714,0.4685059327157864,0.42765606693689756,4.609743290019921,2.053578907255802,4.276027161664915,4.616014130613195,3.256371597661957,4.008820403941947,4.7307618557047615,4.421119016341906,3.1614218832596492,4.258058834781648,1.2382664779674895,0.6138923926506455,0.6138923926506455,0.6138923926506455,0.6138923926506455,0.6138923926506455,1,1,1,1,1,1
90,10,5,3,0.4917769528011441,0.621780495620595,0.23480169502392434,0.4030788717599835,0.10525479154055589,0.5082400567464497,0.3712319653672286,0.18082887251763788,0.12170269341455238,0.071119391053609,0.9,1.0,0.6,0.7000000000000001,0.4,0.8,0.5,0.30000000000000004,0.2,0.1,1.0,0.5,0.5,0.0,0.5,1.0,0.0,0.0,1.0,0.5,1.0,1.0,0.5,0.0,0.5,0.5,0.5,0.5,0.5,0.0,0.5,1.0,0.5,0.5,0.5,1.0,1.0,0.5,0.5,0.5,1.0,0.5,0.0,1.0,0.5,0.5,0.5,0.0,0.5,0.5,0.5,0.5,0.5,0.5,0.5,0.5,1.0,0.5,0.5,0.0,0.4787516196357291,0.3200963150574446,0.3584316526962087,0.48239052697130236,0.2640669606354025,0.22439771886034937,0.29954170472590785,0.23347479151178016,0.42415126397398817,0.3038798003005955,2.6428119142994664,3.050128581827935,3.2828519986396207,4.8195553568421134,2.988773138539133,3.9418669479335255,4.787528939588883,4.008944517994083,3.649760906944107,3.3782223662497755,1.6973882019199944,0.13629098347779264,0.13629098347779264,0.13629098347779264,0.13629098347779264,0.13629098347779264,1,1,1,1,1,1
91,10,5,3,0.34610588194863257,0.20746720780680905,0.14219593670109976,0.4762793206966238,0.12796386538485038,0.746792215092198,0.3813818935442379,0.1370502862014666,0.13187828090978757,0.05185283514363988,0.9,0.7000000000000001,0.5,0.8,0.4,1.0,0.6,0.30000000000000004,0.2,0.1,0.5,0.5,1.0,1.0,0.0,0.5,1.0,1.0,0.0,0.0,1.0,1.0,0.0,0.5,0.0,1.0,0.5,0.0,0.5,0.0,0.0,0.0,1.0,0.5,1.0,0.5,0.5,0.5,0.5,0.0,1.0,0.5,0.5,0.5,1.0,1.0,0.0,0.5,0.0,0.5,1.0,1.0,1.0,0.5,0.5,1.0,0.5,0.0,0.0,0.5,0.23368520348180571,0.29729931741195514,0.4271340133393512,0.4244740958210066,0.482991867950646,0.417444295638961,0.23472650499235523,0.22701009510933412,0.3905928568393656,0.33728115011605453,3.5319486113342053,2.478012602317014,2.0795033373655394,2.6079323253841693,3.0882404438039868,4.709765831958153,3.367101366183468,3.5343601561604676,4.940981888315797,3.767434838943492,1.708724282944027,0.2610441472975121,0.2610441472975121,0.2610441472975121,0.2610441472975121,0.2610441472975121,1,1,1,1,1,1
92,10,5,3,0.4018454413920851,0.3760204713024913,0.31241503027597245,0.42730573040963815,0.24664302396400917,0.11283700090704157,0.37954962404790693,0.1213786905123442,0.32576674522127275,0.07627859482550582,1.0,0.9,0.7000000000000001,0.8,0.6,0.30000000000000004,0.5,0.2,0.4,0.1,1.0,0.5,0.0,1.0,1.0,0.5,0.5,0.5,0.5,0.0,1.0,1.0,0.5,0.5,0.5,0.0,1.0,0.5,0.5,0.0,1.0,0.5,0.0,1.0,0.0,0.5,0.0,0.0,0.5,1.0,0.5,1.0,0.5,0.5,0.5,1.0,0.0,0.0,0.5,0.5,1.0,0.5,1.0,1.0,0.5,0.0,0.0,0.5,0.5,0.5,0.33473671849857933,0.4884077055353191,0.4726058416491176,0.4580851993035779,0.4880189274047625,0.4342398415249238,0.21884168572462487,0.23455796216256253,0.3611949888760422,0.34187598306947675,2.0550647306056202,3.5648654217325326,3.066709411082087,3.3364390473533128,4.532693890756069,3.5354088591229096,4.976259125659022,2.5889963874578816,3.4404473169652636,2.651963708848446,1.0245221175398636,0.33705142274833366,0.33705142274833366,0.33705142274833366,0.33705142274833366,0.33705142274833366,1,1,1,1,1,1
93,10,5,3,0.2528025591684788,0.32723949217548354,0.1825529707803183,0.7058594324513126,0.34431772653624754,0.18071514591648222,0.16305512326331767,0.6000276290418723,0.05815690366256983,0.16319860222171464,0.9,0.8,0.5,1.0,0.6,0.4,0.30000000000000004,0.7000000000000001,0.1,0.2,1.0,1.0,0.5,0.5,0.5,0.5,0.5,0.5,0.5,0.0,0.0,0.5,0.5,1.0,0.0,0.5,1.0,0.5,0.0,1.0,1.0,0.5,0.5,1.0,0.0,0.5,0.5,0.5,0.0,0.5,0.5,1.0,0.0,0.5,0.0,0.0,0.5,0.5,0.5,0.0,0.5,0.5,0.5,1.0,0.5,0.0,0.5,0.5,0.0,1.0,0.4711415308321198,0.2681518063281484,0.31936683021986645,0.34013978743285644,0.20081080034565954,0.24218805579990324,0.4522809516915746,0.3192618076536413,0.3404299613527788,0.32279538675613356,4.784811638903233,4.167309396417426,4.100010994913518,4.311073354079065,4.378710401135856,2.7058713228485356,2.5420001861561397,3.6188684224929455,3.413164991429139,2.7219955060684935,1.0953514128582509,0.21328061602479198,0.21328061602479198,0.21328061602479198,0.21328061602479198,0.21328061602479198,1,1,1,1,1,1
94,10,5,3,0.3677645586635574,0.2043141560518107,0.4276634420344732,0.25076387184445537,0.16382554293173934,0.5516123725905953,0.13538124772773913,0.12918672602651232,0.34480323558444315,0.053302183721138374,1.0,0.7000000000000001,0.9,0.6,0.5,0.8,0.30000000000000004,0.2,0.4,0.1,0.5,1.0,0.5,0.5,1.0,0.5,1.0,0.5,0.5,0.0,1.0,0.5,0.5,0.5,0.0,0.5,0.5,0.0,0.5,1.0,1.0,0.5,0.5,0.0,0.5,0.5,1.0,0.5,0.0,0.5,1.0,0.5,1.0,1.0,0.5,0.5,0.5,0.5,0.0,0.5,1.0,0.5,0.5,0.0,0.0,0.5,0.0,0.5,0.5,0.5,0.39623515288276306,0.37872229322744855,0.2843825997726856,0.3148718435356943,0.4781289060786693,0.394722352374955,0.40599093050008717,0.31525748953024846,0.43806099063637555,0.3783491129833053,2.031997761199528,3.0127432903106897,2.2095789095417095,4.624018922880574,3.5511912626004127,3.8401271555625116,2.2437781107062857,4.976221253709329,3.465013758464685,2.3447426197788124,1.4365870025628542,0.21420688661524911,0.21420688661524911,0.21420688661524911,0.21420688661524911,0.21420688661524911,1,1,1,1,1,1
95,10,5,3,0.2530404763193006,0.190994486781507,0.10385347252298338,0.619895482708079,0.8053128096673978,0.11968324441990441,0.4036161071278751,0.5301089742086007,0.13454831816962412,0.08941533876499184,0.8,0.7000000000000001,0.4,0.9,1.0,0.30000000000000004,0.5,0.6,0.2,0.1,1.0,0.5,0.5,0.5,0.5,1.0,0.5,0.0,0.0,0.5,0.5,0.5,0.5,0.0,0.5,0.5,1.0,0.5,0.5,1.0,0.5,0.5,0.5,1.0,0.5,0.5,0.5,0.0,0.0,0.0,0.5,0.5,0.0,0.5,0.5,0.5,0.5,1.0,0.0,0.5,0.5,1.0,0.0,0.5,0.5,0.0,0.5,0.5,0.5,0.0,0.3879586059779952,0.4205340550637492,0.3464696413341226,0.3884262591912757,0.276654524310441,0.37239274340189776,0.486477132462467,0.3665210156729275,0.2924973258864093,0.2023824427377544,3.306993930186789,2.6411552687396154,4.344310356154544,2.239146132455419,3.318800764933483,3.6569113724924236,3.1903397560640925,2.167198751879699,4.165822702591419,2.130990335931435,1.074672607816968,0.6466530496183266,0.6466530496183266,0.6466530496183266,0.6466530496183266,0.6466530496183266,1,1,1,1,1,1
96,10,5,3,0.34948187259060726,0.3011666066875849,0.20640702882094297,0.1413932994837941,0.6934048618162667,0.6298423116832562,0.17286771884997149,0.0768630955808921,0.1408821481626295,0.04944161395028858,0.8,0.7000000000000001,0.6,0.5,1.0,0.9,0.4,0.30000000000000004,0.2,0.1,0.5,1.0,1.0,0.5,1.0,1.0,0.5,0.5,0.0,0.0,0.5,0.5,0.5,1.0,0.5,0.5,0.5,0.5,0.0,1.0,1.0,1.0,0.5,0.5,1.0,1.0,0.0,0.0,1.0,0.5,1.0,0.5,1.0,0.5,1.0,1.0,0.5,0.0,0.0,0.0,1.0,0.5,0.5,0.5,0.5,0.5,0.5,0.5,0.5,0.5,0.40048106212199563,0.4437708016833827,0.4330155100043894,0.3012133519612361,0.474461022888511,0.3077652637267418,0.31754764709114724,0.23519899296993366,0.42170179676379405,0.40233482453795355,2.761649136327123,3.9116650653600207,2.6545314056896427,3.405451878977477,3.862345515610487,4.823383697502533,3.291009730656979,2.65374697854387,4.2422043748146505,3.6958053544663105,1.122097688694661,0.983358253095955,0.983358253095955,0.983358253095955,0.983358253095955,0.983358253095955,1,1,1,1,1,1
97,10,5,3,0.3568225253631705,0.16785935937603352,0.6301509680700299,0.35459964258737114,0.45613721286335573,0.27505955020461914,0.8891751143862403,0.10252360719142994,0.25389151194142356,0.0686729561280465,0.8,0.5,0.9,0.6,0.7000000000000001,0.4,1.0,0.2,0.30000000000000004,0.1,1.0,1.0,0.5,1.0,1.0,0.5,1.0,0.5,1.0,0.5,1.0,1.0,1.0,1.0,1.0,0.5,0.5,0.0,0.0,0.0,0.5,0.5,0.5,1.0,0.0,0.5,0.5,0.0,0.5,0.5,0.5,0.5,1.0,0.5,1.0,1.0,0.5,0.5,0.5,0.5,1.0,1.0,1.0,1.0,1.0,0.5,0.5,1.0,0.0,0.0,0.34842890282395533,0.3595112436968232,0.318782224725761,0.32589751195570593,0.3270045248669359,0.25410174256555307,0.4539665899488701,0.277795573566417,0.30174918448299237,0.2309809517642709,2.3195230576799064,4.858312776684625,3.1859221330779874,2.5928680755770452,4.951074818982722,4.2258863123847,4.39825701534302,4.927367972673234,4.844794305429374,3.5581999125535426,1.2570909823904652,0.4794135284748767,0.4794135284748767,0.4794135284748767,0.4794135284748767,0.4794135284748767,1,1,1,1,1,1
98,10,5,3,0.27261275809034424,0.6683051082661016,0.4822922495251442,0.3024863133294978,0.6561804337872406,0.11969427044254372,0.05736263714239004,0.2940169980645898,0.43076044924550233,0.03214744376362888,0.7000000000000001,1.0,0.8,0.6,0.9,0.30000000000000004,0.2,0.4,0.5,0.1,0.5,1.0,0.5,0.0,1.0,0.5,0.0,0.5,0.0,0.5,1.0,1.0,0.5,1.0,1.0,0.0,0.0,0.5,0.0,1.0,1.0,0.5,0.5,0.5,1.0,1.0,0.0,0.5,0.5,0.0,0.0,1.0,1.0,0.5,0.5,0.5,0.0,0.5,1.0,0.5,0.0,1.0,0.5,0.5,0.5,0.5,1.0,0.5,0.5,0.0,0.4364994891041054,0.24569028557680941,0.44828069412154026,0.3949677729208666,0.22686504610360023,0.4570724955493048,0.29485585174904994,0.23375318740295692,0.4795974428891855,0.4989330353201463,2.2695110203055657,3.8198770935847532,3.4798666628666357,4.531760551423266,4.716623622017288,2.939295044905279,3.156400899051933,4.361839972452205,4.7874954982195375,4.027026368743293,1.255091568724781,0.4109032989518663,0.4109032989518663,0.4109032989518663,0.4109032989518663,0.4109032989518663,1,1,1,1,1,1
99,10,5,3,0.23508545328342434,0.6410814143917684,0.4715343532234334,0.4202433408792576,0.3886907312606473,0.18975570149541773,0.21269358870986588,0.11806628053272515,0.4271278467908527,0.07570782417616506,0.9,1.0,0.8,0.7000000000000001,0.6,0.4,0.30000000000000004,0.2,0.5,0.1,1.0,1.0,0.5,0.0,1.0,0.0,0.5,0.5,0.5,0.0,1.0,0.5,0.5,0.5,0.0,0.0,0.0,0.0,0.5,0.5,1.0,1.0,1.0,0.5,1.0,0.0,1.0,0.5,0.5,0.0,1.0,1.0,1.0,1.0,0.5,0.5,1.0,0.0,1.0,0.5,0.5,1.0,0.5,0.5,1.0,0.5,0.0,0.0,0.0,0.5,0.4977659307826574,0.3387632532744048,0.2097313135598503,0.30931603156550574,0.3156528517105841,0.20680409482700013,0.2927635980532769,0.21585478480316128,0.2030712229817002,0.46797734257893986,2.68965608811484,4.135593414196414,3.880554971145146,2.951420671265442,4.699330732781691,2.516810721530961,4.619887577441844,3.721388546259428,3.7018223737334406,4.622599067051942,1.6681721379463084,0.833168218484051,0.833168218484051,0.833168218484051,0.833168218484051,0.833168218484051,1,1,1,1,1,1
