Instance,N,K,L,c.P1,c.P2,c.P3,c.P4,c.P5,c.P6,c.P7,c.P8,c.P9,c.P10,c.P11,c.P12,c.P13,c.P14,c.P15,c.P16,c.P17,c.P18,c.P19,c.P20,p.P1,p.P2,p.P3,p.P4,p.P5,p.P6,p.P7,p.P8,p.P9,p.P10,p.P11,p.P12,p.P13,p.P14,p.P15,p.P16,p.P17,p.P18,p.P19,p.P20,theta1.P1,theta1.P2,theta1.P3,theta1.P4,theta1.P5,theta1.P6,theta1.P7,theta1.P8,theta1.P9,theta1.P10,theta1.P11,theta1.P12,theta1.P13,theta1.P14,theta1.P15,theta1.P16,theta1.P17,theta1.P18,theta1.P19,theta1.P20,beta_0,beta_p,beta_theta1
0,20,1,3,0.23133692645416037,0.38330900796754064,0.5069350828716536,0.1684772124782774,0.33715140577805003,0.4518247063304202,0.5966385484056936,0.4192569796750598,0.32035398303163753,0.12210494590606444,0.24721729764909617,0.055405525363569574,0.35411278143784686,0.41209699689957713,0.7715269896087414,0.17407609335059676,0.319262693152614,0.05879153568811765,0.2537887212879118,0.11751015144305176,0.8105263157894737,0.9526315789473684,1.0,0.6210526315789474,0.6684210526315789,0.7631578947368421,0.9052631578947369,0.7157894736842105,0.5736842105263158,0.33684210526315794,0.43157894736842106,0.19473684210526315,0.4789473684210527,0.5263157894736842,0.8578947368421053,0.24210526315789474,0.38421052631578945,0.1,0.2894736842105263,0.1473684210526316,1.0,0.0,0.0,1.0,0.5,0.0,0.0,0.5,0.5,1.0,0.0,0.5,0.5,0.0,0.5,0.5,0.5,0.5,1.0,0.0,0.5110501927881114,-4.549097667224806,0.3713909818214244
1,20,1,3,0.2628823962080459,0.17470963893218805,0.3530446025737994,0.2969845334962199,0.17744822510129465,0.12879483072774706,0.5190989563375609,0.5675905487533471,0.6800429536711304,0.7474538649169318,0.4440464387391376,0.23468034871943946,0.21649858782577255,0.08227825368111878,0.1818801263580847,0.4423518156085375,0.07450715563568984,0.3852076504896227,0.2050717995827414,0.0664105769037117,0.7631578947368421,0.6684210526315789,0.8105263157894737,0.7157894736842105,0.5736842105263158,0.4789473684210527,0.8578947368421053,0.9052631578947369,0.9526315789473684,1.0,0.6210526315789474,0.38421052631578945,0.33684210526315794,0.19473684210526315,0.2894736842105263,0.5263157894736842,0.1473684210526316,0.43157894736842106,0.24210526315789474,0.1,0.5,0.0,0.0,0.0,1.0,1.0,0.5,0.5,0.0,0.0,1.0,1.0,1.0,1.0,0.0,0.5,1.0,0.0,0.0,0.5,0.5586067605429873,-4.186308733657954,0.5729493572061628
2,20,1,3,0.34521910830969194,0.507533230700459,0.41298145927969926,0.27802382411943616,0.23604263596991504,0.598213683223282,0.2794833501717121,0.24785820982402726,0.07935620281918368,0.7107841917582524,0.22578452317984413,0.29627156834003315,0.5942607530350491,0.6665762746249759,0.1599521989969859,0.6008583241263264,0.043251118121804155,0.2921992097844562,0.15483629773123028,0.11292279924847616,0.9526315789473684,1.0,0.8105263157894737,0.6210526315789474,0.5736842105263158,0.8578947368421053,0.5263157894736842,0.4789473684210527,0.2894736842105263,0.9052631578947369,0.38421052631578945,0.43157894736842106,0.7157894736842105,0.7631578947368421,0.24210526315789474,0.6684210526315789,0.1,0.33684210526315794,0.19473684210526315,0.1473684210526316,0.0,0.0,0.5,1.0,1.0,0.5,0.5,1.0,1.0,0.5,0.0,0.5,0.0,0.5,0.0,0.5,1.0,0.0,1.0,1.0,0.3619253010930748,-3.9795588888942754,0.5745399485612264
3,20,1,3,0.2931873020423311,0.21794360788996592,0.4022990491144785,0.26424655217866355,0.7017971488596568,0.4483317016608413,0.09830705047793298,0.24590375432545408,0.2938540063788872,0.6747126970994819,0.5408101750129298,0.35791499376871333,0.19234649097418424,0.6822900682857036,0.7960481798424152,0.2756531451020069,0.053850032728276875,0.030457025310276137,0.19236356457387455,0.1749954900619354,0.9526315789473684,0.6210526315789474,0.7631578947368421,0.5736842105263158,1.0,0.6684210526315789,0.2894736842105263,0.43157894736842106,0.4789473684210527,0.8578947368421053,0.7157894736842105,0.5263157894736842,0.33684210526315794,0.8105263157894737,0.9052631578947369,0.38421052631578945,0.1473684210526316,0.1,0.24210526315789474,0.19473684210526315,1.0,0.0,1.0,0.5,1.0,0.0,0.0,1.0,1.0,1.0,0.5,0.0,0.0,0.0,0.0,0.0,1.0,0.0,0.0,0.5,0.687043967363695,-5.043745774781032,0.6183623697025203
4,20,1,3,0.24153667681065738,0.24018263841931387,0.22741447710163976,0.561446443131479,0.33213080812623447,0.1998488130567816,0.3033957016665172,0.3860529397407513,0.719681847847796,0.6288901159049501,0.34901267117069096,0.09660503512644623,0.05276981045224208,0.3489149511654092,0.6840753869484003,0.3155093749852018,0.056701614111659006,0.30110561272346614,0.2579537211012117,0.2169727827214074,0.9526315789473684,0.8578947368421053,0.7157894736842105,1.0,0.6684210526315789,0.5263157894736842,0.5736842105263158,0.6210526315789474,0.9052631578947369,0.8105263157894737,0.4789473684210527,0.19473684210526315,0.1473684210526316,0.43157894736842106,0.7631578947368421,0.38421052631578945,0.1,0.33684210526315794,0.2894736842105263,0.24210526315789474,1.0,0.5,0.0,0.0,0.0,1.0,1.0,0.5,0.5,0.5,0.0,1.0,0.5,1.0,0.0,0.0,0.5,0.5,1.0,1.0,0.7537363182297492,-4.710906144122022,0.5113647300713958
5,20,1,3,0.3321697558728819,0.38306826235193847,0.28933493193847465,0.2602749989779567,0.5361815918392602,0.20518499561082348,0.19175490830511283,0.15673496624719893,0.67866244949046,0.7531588728824653,0.11293247372032297,0.49584890123967823,0.5935308990548667,0.40609540616830736,0.17585294699918716,0.09413336203849927,0.055560878716044065,0.5127142810287474,0.386461494935222,0.06938862221313094,0.9526315789473684,1.0,0.7631578947368421,0.6684210526315789,0.8105263157894737,0.4789473684210527,0.38421052631578945,0.33684210526315794,0.8578947368421053,0.9052631578947369,0.24210526315789474,0.6210526315789474,0.7157894736842105,0.5263157894736842,0.2894736842105263,0.19473684210526315,0.1473684210526316,0.5736842105263158,0.43157894736842106,0.1,0.5,0.5,0.0,1.0,1.0,1.0,0.5,1.0,0.5,0.5,1.0,1.0,0.0,0.0,0.5,1.0,1.0,0.5,1.0,0.5,0.4013603583379243,-4.348687796426583,0.6700017680589588
6,20,1,3,0.23250740750618626,0.1852399464115574,0.42450141917483075,0.3158385240707753,0.414865804930393,0.2661480775897054,0.16891137795031685,0.30167799126088507,0.6818113955298384,0.16562818712171012,0.18340172364490911,0.29135147409026624,0.06988471687697578,0.40586807660505314,0.6721449602681264,0.2026321826947766,0.08858317911099751,0.21420445837443022,0.10485543507269456,0.08229711525778204,0.9052631578947369,0.7157894736842105,0.9526315789473684,0.7631578947368421,0.8578947368421053,0.6684210526315789,0.5263157894736842,0.6210526315789474,1.0,0.43157894736842106,0.38421052631578945,0.4789473684210527,0.24210526315789474,0.5736842105263158,0.8105263157894737,0.33684210526315794,0.19473684210526315,0.2894736842105263,0.1473684210526316,0.1,1.0,1.0,1.0,0.0,0.5,0.5,1.0,0.5,1.0,1.0,0.0,1.0,0.5,0.5,0.0,0.5,0.5,1.0,1.0,0.5,0.5178915887009765,-4.502507413693123,0.5121844817883555
7,20,1,3,0.36012157329173405,0.508910967967402,0.4913397384224282,0.4888996205462407,0.2888620861489182,0.40270744260863967,0.11975897372421251,0.4532084168915699,0.2174737835543462,0.4362243280556203,0.3196791360920973,0.6663739794282562,0.38446372238107923,0.1822051953499859,0.47013587803053863,0.15019589427053218,0.06970153878097375,0.046230624952245385,0.14183869445388592,0.2882139629487029,0.8578947368421053,1.0,0.9526315789473684,0.9052631578947369,0.6684210526315789,0.7631578947368421,0.38421052631578945,0.7157894736842105,0.43157894736842106,0.6210526315789474,0.4789473684210527,0.8105263157894737,0.5263157894736842,0.2894736842105263,0.5736842105263158,0.24210526315789474,0.1473684210526316,0.1,0.19473684210526315,0.33684210526315794,0.5,0.5,0.0,1.0,0.0,1.0,0.5,0.0,1.0,0.5,0.5,1.0,1.0,0.5,1.0,1.0,0.5,0.5,0.5,0.5,0.5166323732808701,-5.617211317326897,0.9583509054415427
8,20,1,3,0.25199081836841664,0.2305777555992638,0.17627436137058972,0.24230927080174525,0.17704759486721788,0.40989827546741486,0.6164273890880175,0.22234720994793877,0.7811497229721491,0.19187109033355068,0.24524586645455387,0.16031445487219498,0.6888215682827724,0.07661859921306816,0.36493786911385956,0.07444430832889753,0.7216094841978914,0.20707311467243236,0.06634948325904036,0.11581034390615981,0.9526315789473684,0.7157894736842105,0.6210526315789474,0.6684210526315789,0.5736842105263158,0.7631578947368421,0.9052631578947369,0.4789473684210527,1.0,0.38421052631578945,0.43157894736842106,0.33684210526315794,0.8578947368421053,0.24210526315789474,0.5263157894736842,0.19473684210526315,0.8105263157894737,0.2894736842105263,0.1,0.1473684210526316,0.5,1.0,0.0,0.5,1.0,0.5,1.0,0.0,0.0,0.0,0.0,0.0,0.0,1.0,0.0,1.0,1.0,1.0,0.5,1.0,0.4896395615812182,-4.767492514174487,0.8139460193119333
9,20,1,3,0.19645621173596362,0.6264775823958394,0.5936211640236712,0.7449940663712876,0.6354525892903277,0.5438148538242523,0.17086806548783476,0.41474914240400973,0.6143461741492338,0.8668220980393735,0.17377272503113125,0.3911847896702254,0.5864242660019263,0.16635131026104413,0.553013656776509,0.13694561228558752,0.33192566029477,0.3829075240731745,0.06639032935222104,0.11606618884627191,0.5263157894736842,0.9052631578947369,0.8578947368421053,0.9526315789473684,0.8105263157894737,0.7157894736842105,0.33684210526315794,0.5736842105263158,0.7631578947368421,1.0,0.2894736842105263,0.4789473684210527,0.6684210526315789,0.24210526315789474,0.6210526315789474,0.19473684210526315,0.38421052631578945,0.43157894736842106,0.1,0.1473684210526316,0.0,0.5,1.0,1.0,0.0,0.5,1.0,0.5,1.0,0.0,0.0,0.5,1.0,0.5,0.5,0.0,0.0,0.0,0.0,0.0,0.7242301447649208,-4.928642078832919,0.23298339417145708
10,20,1,3,0.297249063004412,0.16685696908092112,0.28316855262254514,0.35923066392583325,0.16645178149686868,0.2651698120267443,0.5980115945831378,0.5830510780272468,0.69703464600031,0.18322453970961577,0.2812222032705964,0.07597851482755638,0.8779114150663354,0.838340760178678,0.6064767957785756,0.20636940579480856,0.12458925809474447,0.03917083727316341,0.10862149348352587,0.3028250663964206,0.7631578947368421,0.5736842105263158,0.6210526315789474,0.6684210526315789,0.43157894736842106,0.5263157894736842,0.8578947368421053,0.8105263157894737,0.9052631578947369,0.38421052631578945,0.4789473684210527,0.24210526315789474,1.0,0.9526315789473684,0.7157894736842105,0.2894736842105263,0.19473684210526315,0.1,0.1473684210526316,0.33684210526315794,1.0,0.0,0.0,0.5,1.0,0.5,0.0,0.5,1.0,0.5,0.5,1.0,0.5,1.0,0.0,0.5,1.0,0.5,0.5,1.0,0.5899828120413373,-5.232727933345364,1.123991988909907
11,20,1,3,0.3209246884378638,0.316360853848043,0.3422507617038131,0.2705440467602996,0.6338573656954117,0.4688495583488387,0.3757605163379334,0.4312220965347937,0.12062650470180453,0.3121538951894137,0.6094871360987357,0.4212555551278633,0.23642624217572242,0.3697852176259396,0.14269954748047065,0.13459960779651992,0.088474905470286,0.37433266239078133,0.04696081157754232,0.25964520335598434,1.0,0.9052631578947369,0.8578947368421053,0.6210526315789474,0.9526315789473684,0.7631578947368421,0.6684210526315789,0.7157894736842105,0.33684210526315794,0.5263157894736842,0.8105263157894737,0.5736842105263158,0.38421052631578945,0.4789473684210527,0.24210526315789474,0.19473684210526315,0.1473684210526316,0.43157894736842106,0.1,0.2894736842105263,0.5,0.5,0.0,0.5,0.0,1.0,0.0,1.0,1.0,0.5,0.0,0.5,0.5,0.0,0.0,0.5,0.5,1.0,1.0,1.0,0.5182116820614204,-4.792375822248091,0.2324213967283462
12,20,1,3,0.5238997418672566,0.16599878285097147,0.42004323879945654,0.24198757557579897,0.132455342800046,0.5387472091400912,0.15667741736432939,0.13267282219366638,0.10095050736350081,0.3154439944059258,0.7078575352524198,0.13414587651834403,0.08914517803834235,0.6126275453201231,0.572282061449118,0.8834599068243126,0.5801053342906493,0.14041739129530253,0.06641998777437848,0.1273397803298822,0.9526315789473684,0.5736842105263158,0.8105263157894737,0.6210526315789474,0.4789473684210527,0.8578947368421053,0.43157894736842106,0.38421052631578945,0.33684210526315794,0.5263157894736842,0.9052631578947369,0.2894736842105263,0.24210526315789474,0.7631578947368421,0.7157894736842105,1.0,0.6684210526315789,0.19473684210526315,0.1,0.1473684210526316,0.5,0.0,0.5,0.0,0.0,0.5,0.0,0.5,1.0,1.0,0.5,0.5,1.0,1.0,0.0,0.5,1.0,0.5,1.0,0.0,0.4564844525160147,-4.4661842891761685,0.5898701002013937
13,20,1,3,0.3491086235330155,0.32765133220919607,0.17844900920713935,0.14353784637453842,0.4889279572001593,0.1222448124143582,0.6049819524678446,0.11559440677759669,0.3151066150700403,0.5676058437764684,0.8471249000509016,0.5670615132556788,0.44535777353459793,0.24788038482457656,0.5892636723476635,0.03040453063507699,0.13631327702269572,0.23271966888246504,0.19219379354217792,0.11838987533215198,0.9526315789473684,0.8578947368421053,0.6210526315789474,0.4789473684210527,0.8105263157894737,0.43157894736842106,0.9052631578947369,0.38421052631578945,0.5263157894736842,0.7631578947368421,1.0,0.7157894736842105,0.5736842105263158,0.33684210526315794,0.6684210526315789,0.1,0.19473684210526315,0.2894736842105263,0.24210526315789474,0.1473684210526316,0.0,0.5,0.0,1.0,0.0,0.5,1.0,0.0,1.0,0.5,0.5,0.0,0.5,0.0,0.0,0.5,0.5,0.5,0.5,0.5,0.446441859348483,-4.323213059431567,0.9746761166882261
14,20,1,3,0.34764591351881524,0.24498369572472123,0.4614926410798976,0.41501243983224884,0.18508031826370341,0.49354770234417356,0.16680298080416184,0.3190122949558919,0.13663864129730519,0.12790099448598358,0.7152012875076271,0.1494313857708145,0.5792817222516793,0.06911578069420712,0.37500365223831134,0.5259968934019629,0.10247652573960092,0.2287844867274053,0.051005833032392436,0.121346191952567,1.0,0.7157894736842105,0.9052631578947369,0.8578947368421053,0.5736842105263158,0.8105263157894737,0.4789473684210527,0.6210526315789474,0.43157894736842106,0.38421052631578945,0.9526315789473684,0.33684210526315794,0.7631578947368421,0.24210526315789474,0.5263157894736842,0.6684210526315789,0.19473684210526315,0.2894736842105263,0.1,0.1473684210526316,1.0,1.0,1.0,0.5,0.0,0.0,0.5,0.5,0.0,1.0,0.5,0.5,0.5,0.0,0.0,0.0,1.0,1.0,1.0,0.5,0.6061998340966416,-5.1228563656711925,0.685410154266827
15,20,1,3,0.21820884571986598,0.289709998681912,0.5126752274967372,0.46770062005196933,0.1878137385390412,0.3378187343121206,0.6502570153080228,0.33216190247972177,0.6758410314113688,0.11367221035462821,0.1976389971004825,0.3919418541090585,0.2749485830358626,0.8663703548559579,0.36031927409526754,0.20048615695156705,0.16253561423307353,0.09158262676811589,0.06483499489641954,0.1672800055248172,0.7631578947368421,0.7157894736842105,0.8578947368421053,0.8105263157894737,0.5263157894736842,0.6684210526315789,0.9526315789473684,0.6210526315789474,0.9052631578947369,0.33684210526315794,0.38421052631578945,0.5736842105263158,0.43157894736842106,1.0,0.4789473684210527,0.2894736842105263,0.24210526315789474,0.1473684210526316,0.1,0.19473684210526315,1.0,1.0,1.0,0.5,0.5,0.0,0.0,0.0,1.0,0.0,0.0,0.5,0.0,1.0,1.0,0.5,0.0,0.0,0.0,0.0,0.30107828656752217,-4.308703220355234,0.5556928760013925
16,20,1,3,0.2883052980668117,0.22037045733688276,0.23482345194689436,0.14721369184192307,0.3828767769262889,0.1486621322768329,0.6341611210557645,0.5221831185063177,0.7394797191148613,0.689308026902961,0.24139461501103812,0.1262608428651137,0.24432409255001372,0.4820736846114909,0.39369864848685937,0.0954114847316085,0.16705962144966482,0.264065265544409,0.05498907105840267,0.11268723314449851,0.8578947368421053,0.7631578947368421,0.6684210526315789,0.5736842105263158,0.7157894736842105,0.4789473684210527,0.9526315789473684,0.8105263157894737,1.0,0.9052631578947369,0.43157894736842106,0.2894736842105263,0.38421052631578945,0.6210526315789474,0.5263157894736842,0.19473684210526315,0.24210526315789474,0.33684210526315794,0.1,0.1473684210526316,0.5,1.0,0.5,0.0,1.0,0.0,0.5,0.0,0.0,1.0,0.0,1.0,0.0,1.0,0.5,0.5,1.0,1.0,1.0,0.0,0.4737167684933142,-4.698689669799441,0.774304922212608
17,20,1,3,0.28950427390865285,0.33727508223832525,0.31794108432143126,0.19835936631614481,0.5219314634473093,0.12247035269931594,0.3448980146101929,0.7243799825815147,0.7813804359566459,0.0814194965863202,0.5743672939872203,0.49446910162647156,0.3088458857612045,0.5032795186511729,0.13020587799320715,0.39779578323095965,0.1156875523894559,0.043452162175575196,0.2944436590541498,0.1270886467770879,0.9052631578947369,0.8578947368421053,0.7157894736842105,0.5263157894736842,0.8105263157894737,0.38421052631578945,0.5736842105263158,0.9526315789473684,1.0,0.2894736842105263,0.7631578947368421,0.6684210526315789,0.43157894736842106,0.6210526315789474,0.24210526315789474,0.4789473684210527,0.19473684210526315,0.1,0.33684210526315794,0.1473684210526316,0.0,0.0,1.0,0.5,0.0,0.5,0.0,0.5,0.5,0.5,0.5,0.0,1.0,0.0,0.0,0.5,1.0,1.0,0.5,1.0,0.39715939359548363,-4.3079135168461535,0.33668310705138565
18,20,1,3,0.3534787226233549,0.19658433609347392,0.4765056093934852,0.13829734408737954,0.4482417126915888,0.40252080800654894,0.21457095162525985,0.1716265971433966,0.1313430826720947,0.44145226111030755,0.7059791996741644,0.2834157150274468,0.7682976569832998,0.1825458675476049,0.48944654961129647,0.6319809546247032,0.0751593008923913,0.03135702124878248,0.1758103019533509,0.13136946611656214,1.0,0.7631578947368421,0.9526315789473684,0.5263157894736842,0.8105263157894737,0.6684210526315789,0.4789473684210527,0.38421052631578945,0.33684210526315794,0.6210526315789474,0.8578947368421053,0.43157894736842106,0.9052631578947369,0.2894736842105263,0.5736842105263158,0.7157894736842105,0.1473684210526316,0.1,0.24210526315789474,0.19473684210526315,1.0,0.5,0.5,0.0,1.0,0.0,0.5,0.0,0.5,0.5,1.0,0.5,1.0,1.0,0.0,1.0,0.0,0.5,0.0,0.0,0.6371604608853281,-5.078968535270674,0.31247710127873696
19,20,1,3,0.2877723136641004,0.43754373519254575,0.22818571975065305,0.47740541072890746,0.5282667481793075,0.1774905600906453,0.3601688538044075,0.537230087680942,0.1197935446130407,0.5051955844692004,0.43856051611321056,0.280061285939749,0.052630353020628434,0.14845530883880861,0.21367930754208556,0.3813160029076019,0.030383107730676207,0.5091535867402065,0.18870159107497578,0.09763442009428781,0.8578947368421053,1.0,0.7157894736842105,0.9526315789473684,0.9052631578947369,0.5263157894736842,0.6684210526315789,0.8105263157894737,0.38421052631578945,0.7631578947368421,0.6210526315789474,0.43157894736842106,0.19473684210526315,0.2894736842105263,0.33684210526315794,0.4789473684210527,0.1,0.5736842105263158,0.24210526315789474,0.1473684210526316,0.5,0.5,1.0,1.0,0.5,0.5,1.0,0.5,0.0,0.0,1.0,1.0,1.0,0.5,1.0,1.0,0.0,1.0,0.0,0.5,0.5775475533943751,-4.7922017365375025,0.7529315229208877
20,20,1,3,0.3232095752584381,0.32811274364959475,0.2964780827376238,0.23238450508552821,0.39706741992643335,0.49661086375974056,0.7172402823916761,0.38249960095686053,0.2451015228977069,0.49029103754441616,0.8341259190387291,0.19546564580705872,0.057287035355280014,0.18063484544074737,0.2776000913733165,0.1617021817636696,0.4523458210179983,0.035946185832141125,0.4236728131712146,0.10831281578893688,0.9052631578947369,0.8105263157894737,0.7157894736842105,0.6210526315789474,0.7631578947368421,0.8578947368421053,0.9526315789473684,0.5736842105263158,0.43157894736842106,0.6684210526315789,1.0,0.33684210526315794,0.19473684210526315,0.2894736842105263,0.38421052631578945,0.24210526315789474,0.5263157894736842,0.1,0.4789473684210527,0.1473684210526316,1.0,1.0,1.0,1.0,1.0,0.0,1.0,0.0,1.0,0.0,0.0,0.0,0.5,1.0,1.0,0.5,0.0,1.0,1.0,1.0,0.6018202273531794,-4.668479503516295,0.8748967439587958
21,20,1,3,0.2038672062630752,0.23453037055397696,0.41390146166986924,0.5222408747866664,0.2730205521451889,0.15885435420234806,0.3011432023450976,0.4496660818103514,0.36055263032146945,0.297956403156823,0.6543308015619519,0.84801698760153,0.24074949195725312,0.1992925032810095,0.1663067581068637,0.38251157046632367,0.10245641605489661,0.18913456824264294,0.09831620333106542,0.0570960935695118,0.8105263157894737,0.7631578947368421,0.9052631578947369,0.9526315789473684,0.6684210526315789,0.43157894736842106,0.5736842105263158,0.7157894736842105,0.6210526315789474,0.5263157894736842,0.8578947368421053,1.0,0.38421052631578945,0.33684210526315794,0.2894736842105263,0.4789473684210527,0.19473684210526315,0.24210526315789474,0.1473684210526316,0.1,1.0,1.0,0.5,0.5,0.0,0.0,1.0,0.5,1.0,0.5,1.0,0.5,0.0,0.5,0.5,0.0,1.0,0.0,1.0,0.5,0.6744527582586357,-5.060710456526693,0.7097753597209688
22,20,1,3,0.23433921894709187,0.47524197769354126,0.2439949710071393,0.3683339949251471,0.22806371433064998,0.276508008922277,0.41960615429338277,0.5216302408743864,0.16429533921066075,0.6888213047643567,0.13169450268347954,0.11754522558640695,0.20336435267933362,0.7960611129246579,0.09104772773943992,0.15772306471576583,0.39909952457917075,0.07607140037378145,0.03270539052374827,0.47063371470502047,0.8578947368421053,1.0,0.6684210526315789,0.7631578947368421,0.5736842105263158,0.6210526315789474,0.7157894736842105,0.8105263157894737,0.43157894736842106,0.9526315789473684,0.38421052631578945,0.2894736842105263,0.33684210526315794,0.9052631578947369,0.19473684210526315,0.24210526315789474,0.4789473684210527,0.1473684210526316,0.1,0.5263157894736842,1.0,0.5,0.5,1.0,0.0,0.5,0.5,0.5,0.0,0.5,1.0,0.0,0.0,1.0,1.0,0.0,0.5,1.0,0.0,0.5,0.5591193889026889,-4.451781066977607,0.2566372073956229
23,20,1,3,0.3443240148007626,0.3099263885229623,0.38079439742983595,0.1501811964728202,0.35609505993130675,0.3115519670150161,0.24121525963556423,0.7324127402028082,0.49572664956887763,0.4559236483376089,0.6059388646763729,0.30598240642245966,0.07632648059849442,0.1426742696342745,0.24374579506972363,0.1981421020824298,0.3104931548252979,0.40992944681663446,0.11938088350136694,0.08300795435965941,0.9526315789473684,0.9052631578947369,0.8578947368421053,0.5736842105263158,0.6684210526315789,0.6210526315789474,0.5263157894736842,1.0,0.7631578947368421,0.7157894736842105,0.8105263157894737,0.43157894736842106,0.19473684210526315,0.24210526315789474,0.33684210526315794,0.2894736842105263,0.38421052631578945,0.4789473684210527,0.1473684210526316,0.1,1.0,1.0,0.0,1.0,1.0,1.0,0.5,0.5,0.0,1.0,1.0,1.0,0.0,1.0,1.0,0.0,0.5,0.5,0.5,0.0,0.5854987710413968,-4.451894814073511,-0.0013904600405096944
24,20,1,3,0.19957212590637763,0.40922027657289295,0.37186270800447035,0.28166859568960706,0.47603009183693434,0.6040685739422925,0.16343445086887254,0.7263642727792627,0.34918106530307086,0.08528378798442554,0.18767049350583886,0.33372530587145954,0.2424984061277263,0.050621544231165494,0.47728962346972753,0.6221695634188912,0.1585710658551975,0.04008746777148773,0.2468736816051314,0.16213193265241174,0.7631578947368421,0.9052631578947369,0.8105263157894737,0.6684210526315789,0.8578947368421053,0.9526315789473684,0.4789473684210527,1.0,0.6210526315789474,0.33684210526315794,0.38421052631578945,0.5263157894736842,0.43157894736842106,0.1473684210526316,0.5736842105263158,0.7157894736842105,0.24210526315789474,0.1,0.2894736842105263,0.19473684210526315,1.0,0.5,0.0,0.0,1.0,1.0,0.0,1.0,0.0,1.0,0.5,0.5,1.0,0.0,0.0,0.5,0.0,0.0,1.0,0.0,0.3087610580749377,-4.376629051028699,0.8111918776281678
25,20,1,3,0.4717877769004332,0.5268699605352369,0.15988366250246266,0.29162076808592324,0.44631245226082467,0.6663538205028825,0.30658011541777697,0.46146993336908576,0.5836050255491915,0.25599849195067703,0.20967732855729546,0.06492909288029633,0.5549374320500259,0.19349068095553437,0.254608259374815,0.07043855369871495,0.17666620251718945,0.025797206321618762,0.40484753152341535,0.08774678439364764,0.9052631578947369,0.9526315789473684,0.5736842105263158,0.6684210526315789,0.8105263157894737,1.0,0.6210526315789474,0.7631578947368421,0.8578947368421053,0.5263157894736842,0.43157894736842106,0.24210526315789474,0.7157894736842105,0.33684210526315794,0.38421052631578945,0.19473684210526315,0.2894736842105263,0.1,0.4789473684210527,0.1473684210526316,0.5,0.0,1.0,0.5,0.5,1.0,0.5,0.5,0.5,0.5,0.0,0.0,0.5,0.0,0.5,0.5,0.0,1.0,0.5,0.5,0.6047987770512312,-4.129819928725452,0.8345783295117825
26,20,1,3,0.34409939860121136,0.5649723250383559,0.4856880603794655,0.3075278950091363,0.2420588264567533,0.7006930315337738,0.2427300018860652,0.2042516951983784,0.5583947597579864,0.27973542638061655,0.5168950815755964,0.7109771315201794,0.08380687363127334,0.4738708567972625,0.1055168531594094,0.07187204319137515,0.26306801135258273,0.31592495395559467,0.22580180837598385,0.0815417735957919,0.8105263157894737,0.9526315789473684,0.8578947368421053,0.6684210526315789,0.5736842105263158,1.0,0.5263157894736842,0.43157894736842106,0.7631578947368421,0.4789473684210527,0.7157894736842105,0.9052631578947369,0.24210526315789474,0.6210526315789474,0.19473684210526315,0.1473684210526316,0.33684210526315794,0.38421052631578945,0.2894736842105263,0.1,0.5,0.0,0.5,0.0,0.5,0.5,0.5,0.0,0.5,0.0,1.0,0.0,1.0,0.5,0.5,0.5,0.0,1.0,0.0,0.0,0.6759688120856248,-5.46994130789632,0.5717185889468747
27,20,1,3,0.30173852671324464,0.2822780175482288,0.18979452433914945,0.1797435478476314,0.22606122182788801,0.6731898237113935,0.5321830319722504,0.19079650231880696,0.4864903595756531,0.35557641418335656,0.7296358622122943,0.3112390336790713,0.07443436739377834,0.21304305567279935,0.06483416937290934,0.1411925412092169,0.0793506227903098,0.28166701774605357,0.37720932167253296,0.06024363015586729,0.9052631578947369,0.8105263157894737,0.7157894736842105,0.6684210526315789,0.5736842105263158,1.0,0.8578947368421053,0.4789473684210527,0.7631578947368421,0.6210526315789474,0.9526315789473684,0.5263157894736842,0.2894736842105263,0.38421052631578945,0.19473684210526315,0.24210526315789474,0.1473684210526316,0.33684210526315794,0.43157894736842106,0.1,1.0,0.0,1.0,0.5,1.0,0.5,1.0,1.0,0.0,0.5,1.0,0.5,0.0,1.0,0.5,0.5,0.5,0.0,0.5,0.0,0.6140258397003457,-5.411313002589082,0.7172173171898534
28,20,1,3,0.31789830020240506,0.21871981824406894,0.28643425297083736,0.44377734891081355,0.5705760544346278,0.37752077292981806,0.4310347474996904,0.10408714588927137,0.06306653652712632,0.34920798090707855,0.8512808678633498,0.2478549184331062,0.5436346371265153,0.22042507220293803,0.6328431931624423,0.40041269448871597,0.08809912051029485,0.3788373705135819,0.14905052188638412,0.059144256976891296,0.9052631578947369,0.7631578947368421,0.8105263157894737,0.9526315789473684,0.8578947368421053,0.5736842105263158,0.6210526315789474,0.2894736842105263,0.24210526315789474,0.5263157894736842,1.0,0.38421052631578945,0.6684210526315789,0.33684210526315794,0.7157894736842105,0.4789473684210527,0.1473684210526316,0.43157894736842106,0.19473684210526315,0.1,1.0,1.0,1.0,1.0,1.0,1.0,1.0,0.5,0.5,0.5,1.0,1.0,1.0,1.0,0.0,1.0,0.0,1.0,0.5,1.0,0.5382371417682058,-5.0178930187357285,0.6498764323934025
29,20,1,3,0.3117871310211866,0.24530698594278677,0.3665087873283682,0.1687248730361619,0.26522000533691714,0.34810266915966337,0.18788154021125625,0.49597830550756355,0.18037345018057183,0.14895087901160808,0.1246414500287184,0.7116732621849181,0.10581120949978826,0.34274503726688077,0.41799423835784816,0.5799726744680231,0.11085950438479208,0.25991314076422567,0.07930461155465339,0.0806533833574733,1.0,0.9052631578947369,0.9526315789473684,0.6210526315789474,0.7157894736842105,0.7631578947368421,0.5736842105263158,0.8105263157894737,0.43157894736842106,0.38421052631578945,0.2894736842105263,0.8578947368421053,0.24210526315789474,0.4789473684210527,0.5263157894736842,0.6684210526315789,0.19473684210526315,0.33684210526315794,0.1473684210526316,0.1,0.0,0.0,0.0,1.0,0.0,1.0,1.0,0.0,1.0,1.0,1.0,0.5,0.0,0.0,0.0,1.0,1.0,1.0,1.0,1.0,0.564595864497019,-4.784063025070561,0.9129261070143947
30,20,1,3,0.17928170259553133,0.4417677255852791,0.30104273181953606,0.46158385787872913,0.6088527212360083,0.3256075671580273,0.47615244515717803,0.29581947704234945,0.16897626159000245,0.1620404418730559,0.4121609611646268,0.3211584262901785,0.3500057891094915,0.7323035741407202,0.1000654738063338,0.2006354785260514,0.2596636830445348,0.07859190456184512,0.03483735169516887,0.20650774441196393,0.7157894736842105,0.9526315789473684,0.7631578947368421,0.9052631578947369,1.0,0.6684210526315789,0.8105263157894737,0.5736842105263158,0.43157894736842106,0.38421052631578945,0.6210526315789474,0.5263157894736842,0.4789473684210527,0.8578947368421053,0.19473684210526315,0.2894736842105263,0.33684210526315794,0.1473684210526316,0.1,0.24210526315789474,1.0,1.0,1.0,0.5,1.0,0.5,0.5,0.0,1.0,0.0,1.0,0.0,0.5,0.5,0.5,0.5,1.0,0.5,0.5,1.0,0.468896100087724,-4.154986165237467,0.37000293902511594
31,20,1,3,0.4681011781401284,0.23859749830648702,0.6510747109809291,0.5768114519631867,0.07280474610384488,0.14403522189945703,0.38120268118477413,0.2082425976649621,0.7527529151481704,0.6639800309703465,0.47510542525482263,0.30102185310683255,0.41102205642812734,0.5593799764582967,0.6564479812659446,0.15057188393786733,0.39323732988054355,0.12109875032510915,0.07512030802723446,0.0887355828848212,1.0,0.7157894736842105,0.9526315789473684,0.8578947368421053,0.2894736842105263,0.33684210526315794,0.5736842105263158,0.38421052631578945,0.9052631578947369,0.8105263157894737,0.6210526315789474,0.43157894736842106,0.5263157894736842,0.6684210526315789,0.7631578947368421,0.24210526315789474,0.4789473684210527,0.19473684210526315,0.1473684210526316,0.1,0.5,0.0,1.0,0.5,0.0,0.0,0.5,0.5,0.5,0.5,1.0,0.0,0.0,0.5,1.0,0.0,1.0,1.0,0.0,0.5,0.4441170326649948,-4.78302374471633,0.6201825100458983
32,20,1,3,0.3855446335280416,0.4331068934456517,0.3643537241999366,0.47247901650195884,0.3500271812068134,0.16804849358454566,0.27210394645556946,0.6077542380742887,0.4186480736892384,0.7747180187212331,0.25799748389011734,0.4030375426372314,0.17413324555552936,0.7524440949278696,0.1572756947847664,0.5929392383579921,0.27739195404957756,0.06442619669831944,0.11950892860209887,0.17086550164785758,0.9526315789473684,1.0,0.7157894736842105,0.7631578947368421,0.6210526315789474,0.43157894736842106,0.4789473684210527,0.8105263157894737,0.5736842105263158,0.9052631578947369,0.38421052631578945,0.5263157894736842,0.2894736842105263,0.8578947368421053,0.24210526315789474,0.6684210526315789,0.33684210526315794,0.1,0.1473684210526316,0.19473684210526315,1.0,0.0,0.5,0.0,1.0,0.0,0.0,1.0,0.0,0.0,1.0,0.5,0.0,1.0,0.5,0.0,1.0,1.0,0.0,0.5,0.31375130857232597,-4.489796253826205,0.5757753684553172
33,20,1,3,0.40103724075130776,0.5386536435607432,0.34726236669089616,0.12069931609203238,0.288766253114915,0.7112820809243886,0.38142706237352925,0.43801938666149537,0.6321610253250359,0.2269774089875801,0.6109632271231804,0.420540319082882,0.7599302438060969,0.052509468680357774,0.25086584828428715,0.3500526882202703,0.1802049152000866,0.23110588424589731,0.04255194544682932,0.15239108559427894,0.9052631578947369,1.0,0.7157894736842105,0.4789473684210527,0.5736842105263158,0.9526315789473684,0.6210526315789474,0.6684210526315789,0.8105263157894737,0.38421052631578945,0.7631578947368421,0.5263157894736842,0.8578947368421053,0.1473684210526316,0.33684210526315794,0.43157894736842106,0.24210526315789474,0.2894736842105263,0.1,0.19473684210526315,0.5,0.5,0.0,1.0,1.0,1.0,0.0,0.5,0.5,1.0,0.5,0.5,1.0,1.0,1.0,0.5,0.0,1.0,1.0,0.5,0.33400352755185464,-4.460769780580771,0.5003748279541207
34,20,1,3,0.21929182739483832,0.39095850962535905,0.20583661052270863,0.3585042211924261,0.17465073243329843,0.7184772016209998,0.39134088576285747,0.49863139091569053,0.21490966140155998,0.36416304417659473,0.7141933386448744,0.651877045106707,0.18488002719426125,0.09945654542421214,0.29328122425704894,0.07738750725197177,0.20236619189608737,0.0736055334998891,0.32487624319912134,0.057463556702811815,0.8105263157894737,0.9052631578947369,0.5736842105263158,0.7157894736842105,0.5263157894736842,1.0,0.6684210526315789,0.7631578947368421,0.4789473684210527,0.6210526315789474,0.9526315789473684,0.8578947368421053,0.33684210526315794,0.24210526315789474,0.43157894736842106,0.19473684210526315,0.2894736842105263,0.1473684210526316,0.38421052631578945,0.1,0.0,0.0,0.0,0.5,0.0,0.5,0.5,0.0,0.0,0.5,1.0,1.0,0.0,1.0,0.5,0.5,0.5,0.0,1.0,0.5,0.5830739942043938,-3.9929279176282093,0.6611428031124156
35,20,1,3,0.28643008893982225,0.2271874000364984,0.4250640503520956,0.2997156654397801,0.515464144891445,0.44690899401031936,0.19272132300846168,0.3890255394991354,0.3063370500600549,0.783828710381788,0.7877285974640433,0.2844099051273195,0.25761874777500615,0.35411592752195453,0.5035147381628664,0.12629270084101935,0.032526887437441976,0.08053131023069984,0.23026600595109828,0.1836299429976165,0.8105263157894737,0.6684210526315789,0.8578947368421053,0.7157894736842105,0.9052631578947369,0.7631578947368421,0.4789473684210527,0.6210526315789474,0.5263157894736842,1.0,0.9526315789473684,0.38421052631578945,0.33684210526315794,0.43157894736842106,0.5736842105263158,0.19473684210526315,0.1,0.1473684210526316,0.2894736842105263,0.24210526315789474,0.0,0.5,0.0,1.0,1.0,0.0,0.5,1.0,1.0,0.5,0.0,1.0,1.0,0.0,0.5,0.5,0.5,0.5,0.0,1.0,0.5451486328633243,-4.262921281061891,0.15376184440619622
36,20,1,3,0.3805419784806243,0.36857996110420543,0.30755194571045597,0.37920298503496463,0.17786089715957365,0.3458536907384824,0.22134931292998306,0.5099484582860321,0.10913683762457266,0.35471809008023303,0.5961577224758647,0.19767483624763552,0.5596357186498537,0.3364137154080969,0.32686245113215656,0.18584859532723214,0.1411880252782258,0.4267834782660363,0.10041691889555614,0.06301601993524196,1.0,0.9526315789473684,0.8578947368421053,0.9052631578947369,0.6210526315789474,0.7157894736842105,0.5736842105263158,0.8105263157894737,0.2894736842105263,0.5263157894736842,0.7631578947368421,0.33684210526315794,0.6684210526315789,0.43157894736842106,0.38421052631578945,0.24210526315789474,0.19473684210526315,0.4789473684210527,0.1473684210526316,0.1,1.0,0.0,1.0,0.5,0.0,1.0,0.0,1.0,0.0,1.0,1.0,0.0,0.5,0.0,0.5,1.0,0.5,0.5,0.0,0.5,0.6020139824319664,-5.16058621639336,0.0768201284984818
37,20,1,3,0.2978971668543887,0.35642563689254814,0.37555439159347803,0.43390427842629503,0.3944492061134396,0.15609747409552066,0.23502073305048565,0.3412561073355058,0.4486685558483893,0.1771111193963094,0.09382699548520548,0.5280034602775382,0.06625061824324122,0.1411777238405617,0.5014353478759175,0.378949409535591,0.052035945352208374,0.32604917559184915,0.1410158769891975,0.048538298083526915,1.0,0.9526315789473684,0.8578947368421053,0.9052631578947369,0.8105263157894737,0.5263157894736842,0.5736842105263158,0.6684210526315789,0.7631578947368421,0.43157894736842106,0.33684210526315794,0.7157894736842105,0.24210526315789474,0.2894736842105263,0.6210526315789474,0.4789473684210527,0.1473684210526316,0.38421052631578945,0.19473684210526315,0.1,1.0,0.5,1.0,1.0,0.5,0.0,1.0,0.5,1.0,1.0,0.5,0.5,1.0,0.0,0.5,0.0,0.0,0.0,1.0,0.5,0.6861651414094546,-4.763332735806482,0.7938106643919396
38,20,1,3,0.2704573047306117,0.28636037050856866,0.43808223585398154,0.1553832591746559,0.39152669178269944,0.7132088711893212,0.31832258129011154,0.44057198028933015,0.21038643081284716,0.5628116920161186,0.33619074767746465,0.1089038566579888,0.1601452950029294,0.32388014726542924,0.08975828467175753,0.6195146837440858,0.10494734088722243,0.06475727675923011,0.3232387111956688,0.07038679176811893,0.9052631578947369,0.8578947368421053,0.9526315789473684,0.6210526315789474,0.8105263157894737,1.0,0.5736842105263158,0.6684210526315789,0.43157894736842106,0.7631578947368421,0.5263157894736842,0.2894736842105263,0.33684210526315794,0.4789473684210527,0.24210526315789474,0.7157894736842105,0.19473684210526315,0.1473684210526316,0.38421052631578945,0.1,1.0,0.0,0.5,1.0,0.5,0.5,1.0,1.0,0.0,0.5,0.0,0.5,1.0,0.0,0.0,0.0,0.0,0.5,0.5,0.5,0.6445656680182125,-4.510678934670749,0.3688479074295367
39,20,1,3,0.27092013348624355,0.24784856085084506,0.146276058059626,0.4353595455605477,0.34603342556223177,0.2609677841854302,0.2555027747995624,0.163042505412694,0.13005114939546736,0.5794183112995349,0.1411646953108473,0.11091307909680326,0.4717709649818058,0.8370467617374497,0.1229610642305496,0.21827420268556721,0.044063380240214556,0.09545843287078135,0.04110819573967348,0.23254446156990521,0.9526315789473684,0.8105263157894737,0.5736842105263158,0.8578947368421053,0.7631578947368421,0.6684210526315789,0.6210526315789474,0.5263157894736842,0.4789473684210527,0.9052631578947369,0.43157894736842106,0.38421052631578945,0.7157894736842105,1.0,0.24210526315789474,0.33684210526315794,0.1473684210526316,0.19473684210526315,0.1,0.2894736842105263,0.0,0.0,1.0,0.5,0.0,0.0,1.0,0.0,0.5,1.0,0.5,0.5,0.0,0.0,0.0,0.0,1.0,0.0,1.0,0.0,0.4768111792981999,-4.688349276218991,0.16549247879272055
40,20,1,3,0.38856124596098585,0.2386742509586004,0.35076520432165503,0.5098685080181967,0.5107442267745204,0.29927286037421286,0.29611993874200043,0.2788824620567274,0.7987710434906626,0.23198925988411437,0.5677346179991901,0.2836646732000097,0.46580444360816997,0.7168874028597114,0.24565279451268027,0.19912648591920887,0.16123982777502643,0.07809883130223015,0.036569123157100994,0.14114429759841737,1.0,0.6684210526315789,0.7631578947368421,0.9052631578947369,0.8578947368421053,0.6210526315789474,0.5263157894736842,0.4789473684210527,0.9526315789473684,0.38421052631578945,0.7157894736842105,0.43157894736842106,0.5736842105263158,0.8105263157894737,0.33684210526315794,0.2894736842105263,0.24210526315789474,0.1473684210526316,0.1,0.19473684210526315,0.5,1.0,1.0,0.5,0.0,1.0,0.5,0.0,1.0,0.5,0.5,0.0,1.0,1.0,1.0,0.0,1.0,0.0,0.5,0.5,0.6242976252560725,-4.71816599890658,0.8673707384534718
41,20,1,3,0.2634224818305445,0.39788788320770013,0.196465070819699,0.36868323491974253,0.6442477356431879,0.19811030287195774,0.09743302574263318,0.5878888349816213,0.500405511996914,0.1794017671713638,0.7298216753067764,0.36293093174269,0.1811245007957219,0.3248090844948446,0.582454509525094,0.4977309863432742,0.04463326552457608,0.19135694807424186,0.1616295341265767,0.12296657282163449,0.9526315789473684,0.8578947368421053,0.6210526315789474,0.7631578947368421,1.0,0.4789473684210527,0.33684210526315794,0.8105263157894737,0.7157894736842105,0.38421052631578945,0.9052631578947369,0.5263157894736842,0.2894736842105263,0.43157894736842106,0.6684210526315789,0.5736842105263158,0.1,0.24210526315789474,0.19473684210526315,0.1473684210526316,0.5,0.5,0.0,0.0,1.0,0.0,0.0,0.0,0.0,1.0,0.0,0.5,1.0,1.0,0.5,1.0,0.0,0.0,1.0,1.0,0.33651265661044066,-4.271596694719781,0.6930533534163644
42,20,1,3,0.4145598894905509,0.5698418771074932,0.21321146408131908,0.3333428421993371,0.4299432760752795,0.13316382613830524,0.42745763709594403,0.24406513348125247,0.6517808285938129,0.2454785175819109,0.08529091052070573,0.18429569269348572,0.062464761798835505,0.18367140682758085,0.6636677611887205,0.49095185182520107,0.7482706039734457,0.0910285788046552,0.11843256701568276,0.07413373901948564,1.0,0.9526315789473684,0.5736842105263158,0.6684210526315789,0.7631578947368421,0.43157894736842106,0.7157894736842105,0.5263157894736842,0.9052631578947369,0.4789473684210527,0.2894736842105263,0.38421052631578945,0.24210526315789474,0.33684210526315794,0.8105263157894737,0.6210526315789474,0.8578947368421053,0.19473684210526315,0.1473684210526316,0.1,1.0,0.5,1.0,0.0,1.0,1.0,0.0,0.5,0.0,0.5,0.0,1.0,0.0,0.5,0.0,0.0,0.5,0.0,0.5,0.0,0.7880720193630141,-4.820316778317648,0.5820594814092582
43,20,1,3,0.26482261472747315,0.23647825564206582,0.43077899317907964,0.2573969045338835,0.5280859015310562,0.47576569266218544,0.4208320805883212,0.31241813585352224,0.4255529091777688,0.2596178386553989,0.17385488388513895,0.11998450125756997,0.07303398544267052,0.27768576790357163,0.043145457060436376,0.4238951371035779,0.5576291582226512,0.41770069634749607,0.23403378432889757,0.04771287587976918,1.0,0.8105263157894737,0.9052631578947369,0.7157894736842105,0.9526315789473684,0.8578947368421053,0.7631578947368421,0.5736842105263158,0.6684210526315789,0.43157894736842106,0.33684210526315794,0.24210526315789474,0.19473684210526315,0.38421052631578945,0.1473684210526316,0.5263157894736842,0.6210526315789474,0.4789473684210527,0.2894736842105263,0.1,0.5,1.0,1.0,0.5,0.5,0.5,1.0,0.0,1.0,0.5,1.0,0.0,1.0,1.0,0.5,1.0,1.0,0.5,1.0,0.5,0.4292231566865711,-4.40184899229578,0.24461660337457547
44,20,1,3,0.3744478208932235,0.4843670841435882,0.2585254030876968,0.21445058581200183,0.12152377463070207,0.473898661922751,0.13044773946865001,0.323476572195487,0.4144475066802207,0.17413183112459404,0.1378273813494234,0.36385900062597415,0.4208292374071654,0.7999656560944548,0.7298571438199506,0.11808350941705516,0.1755014269443476,0.04115182432749252,0.06273990664007674,0.16206296616409352,0.9052631578947369,1.0,0.7631578947368421,0.7157894736842105,0.4789473684210527,0.8105263157894737,0.43157894736842106,0.6210526315789474,0.6684210526315789,0.38421052631578945,0.33684210526315794,0.5263157894736842,0.5736842105263158,0.9526315789473684,0.8578947368421053,0.24210526315789474,0.2894736842105263,0.1473684210526316,0.1,0.19473684210526315,1.0,1.0,0.5,0.5,0.0,0.0,0.5,0.5,0.5,0.5,1.0,1.0,0.0,0.0,0.5,0.5,0.0,0.5,1.0,0.0,0.489385038591764,-3.8692436624530697,0.10654090353811609
45,20,1,3,0.2933368890040279,0.1791326330891464,0.4245067658456655,0.39080590099404183,0.566222255932878,0.26371825590370634,0.4485961362940881,0.2853633577885484,0.28837321476311445,0.4280884248489356,0.584956609630018,0.22732614685911307,0.13504455511601665,0.1859374204804102,0.23893824816483966,0.06229838393609988,0.3702549682111463,0.4296644925838276,0.155018490333493,0.08392240103333407,0.9052631578947369,0.7157894736842105,0.9526315789473684,0.8578947368421053,1.0,0.6684210526315789,0.8105263157894737,0.5736842105263158,0.5263157894736842,0.6210526315789474,0.7631578947368421,0.38421052631578945,0.24210526315789474,0.2894736842105263,0.33684210526315794,0.1473684210526316,0.43157894736842106,0.4789473684210527,0.19473684210526315,0.1,0.0,0.0,1.0,1.0,1.0,0.0,1.0,0.0,1.0,0.0,0.5,0.5,0.0,0.5,1.0,1.0,1.0,0.5,1.0,1.0,0.37571815536921266,-4.022252883456571,0.563483677708134
46,20,1,3,0.24707994843809988,0.4624373150728805,0.35336102102502265,0.526146913141375,0.7220604079208051,0.34838742704473236,0.3142276518535417,0.4728700788037773,0.2435254161385216,0.112382517699808,0.5877271219884561,0.314797439831711,0.3907580633951784,0.5838108848721829,0.2882990775613551,0.24409426900759076,0.14037933919734724,0.19282562598328942,0.10209829474338536,0.07754167206821061,0.8578947368421053,0.9526315789473684,0.8105263157894737,0.9052631578947369,1.0,0.6210526315789474,0.5736842105263158,0.6684210526315789,0.43157894736842106,0.2894736842105263,0.7631578947368421,0.4789473684210527,0.5263157894736842,0.7157894736842105,0.38421052631578945,0.33684210526315794,0.19473684210526315,0.24210526315789474,0.1473684210526316,0.1,0.0,1.0,0.0,0.5,1.0,0.0,1.0,0.0,0.5,1.0,1.0,1.0,1.0,1.0,0.5,1.0,1.0,0.0,0.5,0.5,0.7972454628881435,-5.098464432704463,0.3799395940645043
47,20,1,3,0.34280115791642984,0.3180890938075638,0.3995428884404536,0.2853453255474245,0.19161331116218538,0.2055169961375624,0.13562543066338129,0.5499631483205323,0.7201990411962628,0.17134853879641715,0.18911995389311168,0.6286217668579542,0.4039241710445149,0.1732616472227739,0.5790915181747592,0.3671619633624341,0.13138709752619185,0.09925629080306426,0.05979442340910719,0.20995586994414944,1.0,0.8578947368421053,0.9052631578947369,0.7157894736842105,0.6210526315789474,0.5736842105263158,0.4789473684210527,0.8105263157894737,0.9526315789473684,0.38421052631578945,0.33684210526315794,0.7631578947368421,0.5263157894736842,0.2894736842105263,0.6684210526315789,0.43157894736842106,0.19473684210526315,0.1473684210526316,0.1,0.24210526315789474,0.0,1.0,0.5,0.0,0.0,0.0,1.0,1.0,0.0,1.0,0.5,1.0,0.0,1.0,0.5,0.0,0.5,0.0,0.5,1.0,0.7139265296413035,-5.219469528326568,0.6929163477649846
48,20,1,3,0.32406180884740454,0.19583051050390754,0.3502235837682624,0.34870557520007933,0.13666303368765909,0.6647378840293424,0.30574789431298677,0.6891496642980892,0.3231798604143303,0.27913710815605225,0.8699938804201289,0.5049396976736666,0.5666660274919467,0.23827907882644658,0.10353884147895687,0.29373745339613316,0.0332551391883992,0.23802339560016,0.19532702297587276,0.11601798237139994,0.8578947368421053,0.7157894736842105,0.8105263157894737,0.7631578947368421,0.5263157894736842,0.9526315789473684,0.5736842105263158,0.9052631578947369,0.4789473684210527,0.43157894736842106,1.0,0.6210526315789474,0.6684210526315789,0.33684210526315794,0.19473684210526315,0.38421052631578945,0.1,0.2894736842105263,0.24210526315789474,0.1473684210526316,0.5,0.5,0.5,0.0,0.0,1.0,0.0,1.0,1.0,0.5,0.0,0.5,1.0,0.5,1.0,0.5,0.5,0.0,1.0,1.0,0.42442055448262955,-4.863698022466011,0.6628993688594684
49,20,1,3,0.2526750722509231,0.38895789793962254,0.18125966443910912,0.4472531238671856,0.12168553727101489,0.6179020147556149,0.09056279730786296,0.4249676627318412,0.26670406275591324,0.8511676383727454,0.19021074840337007,0.630390459181967,0.2518243863738506,0.5912991223741527,0.4529562247000014,0.13089386863668237,0.06385513841943506,0.46401987366854675,0.0417683419019765,0.16298503916522034,0.9526315789473684,0.9052631578947369,0.6684210526315789,0.8105263157894737,0.4789473684210527,0.8578947368421053,0.2894736842105263,0.6210526315789474,0.43157894736842106,1.0,0.33684210526315794,0.7631578947368421,0.38421052631578945,0.7157894736842105,0.5736842105263158,0.24210526315789474,0.1473684210526316,0.5263157894736842,0.1,0.19473684210526315,0.0,0.5,0.0,0.0,0.0,0.0,1.0,0.0,1.0,0.0,0.5,1.0,0.5,1.0,0.5,1.0,0.5,0.5,0.0,1.0,0.7105191080866151,-5.320807940257143,0.41812759145531014
50,20,1,3,0.4009013534677429,0.20025480071163915,0.3368893143490028,0.20037181887658517,0.19188673291939318,0.48753149830339804,0.6527925127068839,0.5782824699994797,0.19428502286448382,0.38394349087399643,0.5737087605632901,0.15518434641208287,0.042070420006963594,0.28406743437732856,0.10309970188013204,0.4512619943303259,0.1684307318350674,0.4260102826856249,0.2939800822174571,0.0778487939751095,0.9526315789473684,0.7157894736842105,0.8105263157894737,0.6684210526315789,0.6210526315789474,0.8578947368421053,1.0,0.9052631578947369,0.43157894736842106,0.5736842105263158,0.7631578947368421,0.2894736842105263,0.1473684210526316,0.38421052631578945,0.19473684210526315,0.5263157894736842,0.24210526315789474,0.4789473684210527,0.33684210526315794,0.1,0.0,0.0,0.5,1.0,0.0,0.5,0.5,1.0,0.0,0.0,0.5,1.0,0.0,0.0,1.0,0.0,0.5,0.5,0.5,0.5,0.5961994739113944,-4.549207760155217,0.7391664545444712
51,20,1,3,0.31040451294064775,0.20532231695517966,0.6665689503940695,0.1574506597341349,0.5854135414728651,0.09644581481910092,0.07695945636817358,0.6245423859933391,0.453330525606955,0.7601811490008229,0.387755890072872,0.2538855833582,0.06542621208058952,0.618639661638264,0.6710186549460876,0.15402492941791857,0.06370976425655243,0.5882290325867104,0.3735608214153621,0.049053973077005465,0.9526315789473684,0.5736842105263158,1.0,0.4789473684210527,0.8578947368421053,0.33684210526315794,0.2894736842105263,0.8105263157894737,0.6210526315789474,0.9052631578947369,0.5263157894736842,0.38421052631578945,0.19473684210526315,0.7157894736842105,0.7631578947368421,0.24210526315789474,0.1473684210526316,0.6684210526315789,0.43157894736842106,0.1,0.0,1.0,0.5,0.5,1.0,0.0,0.5,1.0,1.0,0.0,0.5,1.0,1.0,0.5,0.0,1.0,1.0,0.5,0.5,0.0,0.3900188297747076,-4.263314358183316,0.2793650809001315
52,20,1,3,0.29988217926712657,0.4063164492305942,0.2640653605656431,0.5469548714083313,0.2879977435474099,0.17519842377924139,0.1687761054842276,0.37444438974886096,0.8042214246235261,0.3830124647866653,0.07311758983565067,0.1290594226790651,0.28136901664737646,0.24318116109320312,0.7585538052966841,0.6640356445774224,0.06138081022504384,0.1103592205550058,0.054529027846506664,0.29711531471918234,0.8105263157894737,0.9052631578947369,0.7157894736842105,0.9526315789473684,0.6684210526315789,0.5263157894736842,0.4789473684210527,0.6210526315789474,1.0,0.5736842105263158,0.24210526315789474,0.2894736842105263,0.43157894736842106,0.38421052631578945,0.8578947368421053,0.7631578947368421,0.1473684210526316,0.19473684210526315,0.1,0.33684210526315794,1.0,1.0,0.0,0.5,0.5,0.0,0.0,1.0,0.5,0.0,1.0,0.0,0.0,1.0,0.0,0.5,0.0,1.0,1.0,1.0,0.5133702812447505,-4.556316298818972,0.24091775503044818
53,20,1,3,0.29928437021662346,0.35068259692607606,0.19040836858392107,0.4201742771843852,0.2592206157650079,0.128588694649452,0.2436776175472707,0.3880046707977131,0.5534010144049613,0.6287225530476342,0.82457792379022,0.5266422067536812,0.1738286155880425,0.2724203304619854,0.1431764947189887,0.2534828866800679,0.0662518216235218,0.4067032857947204,0.031206227817761223,0.15140731968742896,0.9526315789473684,0.9052631578947369,0.7157894736842105,0.8578947368421053,0.5736842105263158,0.43157894736842106,0.5263157894736842,0.6210526315789474,0.7631578947368421,0.8105263157894737,1.0,0.6684210526315789,0.2894736842105263,0.38421052631578945,0.24210526315789474,0.33684210526315794,0.1473684210526316,0.4789473684210527,0.1,0.19473684210526315,0.5,0.0,0.5,1.0,1.0,0.5,1.0,1.0,0.0,0.5,1.0,0.0,0.5,1.0,0.0,0.5,0.0,1.0,0.5,0.0,0.47264339194729454,-4.756112062034521,0.8700934905884908
54,20,1,3,0.4568910996700325,0.31380723677436567,0.3133468678726199,0.2189672113147335,0.17504859074511991,0.13950519967374697,0.5341643637588148,0.16758364316194585,0.37808951181344447,0.09579293103731146,0.5383691366019889,0.23195691603570232,0.10134130768123656,0.7665327032727088,0.6899883361125686,0.8919865228016984,0.21829488490749174,0.07880305416495786,0.0683402238336267,0.16814672825079693,0.9526315789473684,0.7631578947368421,0.6684210526315789,0.5736842105263158,0.5263157894736842,0.4789473684210527,0.8578947368421053,0.43157894736842106,0.6210526315789474,0.33684210526315794,0.7157894736842105,0.38421052631578945,0.24210526315789474,0.9052631578947369,0.8105263157894737,1.0,0.2894736842105263,0.1473684210526316,0.1,0.19473684210526315,0.5,0.5,0.0,0.5,1.0,0.0,1.0,0.5,0.5,1.0,0.0,1.0,0.0,0.5,0.0,0.5,1.0,0.5,1.0,1.0,0.5575268459259708,-4.749119377717747,0.6516701145583202
55,20,1,3,0.32850231570188354,0.16685084313446386,0.3378396977327521,0.3107606112353585,0.27335144982688214,0.6647524393853859,0.23230860172756457,0.7008450231515262,0.7849006392015869,0.12561107071554747,0.1868558693530606,0.7213288367555659,0.6872550823450744,0.3648403179999092,0.16107039671316245,0.12161507763008819,0.35866633538546966,0.3131408670352007,0.058429755970420064,0.13076189664069274,0.7631578947368421,0.5736842105263158,0.7157894736842105,0.6684210526315789,0.6210526315789474,1.0,0.5263157894736842,0.9052631578947369,0.9526315789473684,0.2894736842105263,0.33684210526315794,0.8578947368421053,0.8105263157894737,0.4789473684210527,0.24210526315789474,0.19473684210526315,0.43157894736842106,0.38421052631578945,0.1,0.1473684210526316,0.0,1.0,0.0,1.0,0.5,0.5,1.0,0.0,0.5,0.5,1.0,0.0,1.0,1.0,0.5,0.0,1.0,1.0,1.0,1.0,0.5485728668742494,-4.661900206005507,0.48358780320213846
56,20,1,3,0.3382261737321426,0.1963851329815171,0.36967556160471005,0.4337555018699343,0.5792714761411747,0.41186490362261835,0.37605952873114523,0.15590612959670003,0.7872079810074589,0.24247767410599527,0.1935921977417031,0.7665196900753897,0.3504509593875955,0.07649372753425776,0.41298451021968446,0.7002935778232788,0.22623021121071693,0.2059126336392946,0.118845398569464,0.07533965799683601,0.9526315789473684,0.5736842105263158,0.7157894736842105,0.7631578947368421,0.8578947368421053,0.6684210526315789,0.6210526315789474,0.38421052631578945,1.0,0.43157894736842106,0.33684210526315794,0.9052631578947369,0.4789473684210527,0.19473684210526315,0.5263157894736842,0.8105263157894737,0.2894736842105263,0.24210526315789474,0.1473684210526316,0.1,0.0,0.0,0.0,0.0,0.0,0.0,0.5,0.0,0.5,1.0,0.5,1.0,0.0,0.0,1.0,0.5,1.0,1.0,0.5,0.5,0.5799646258196816,-4.954727111105696,1.0552322914032002
57,20,1,3,0.2972659368602,0.33805347695212357,0.19194341336535514,0.4866416180221241,0.201390252933077,0.49031250880675187,0.42981263573413875,0.39482965130502456,0.6349427108461068,0.19221743876467268,0.1730183105241404,0.26834874665553765,0.47051579198275023,0.06182657828080676,0.1654318532376791,0.12503966450634413,0.09287423732562665,0.025864304965147383,0.33128089050378867,0.12665222218770367,1.0,0.8105263157894737,0.6210526315789474,0.9052631578947369,0.5736842105263158,0.8578947368421053,0.7631578947368421,0.7157894736842105,0.9526315789473684,0.4789473684210527,0.43157894736842106,0.5263157894736842,0.6684210526315789,0.24210526315789474,0.33684210526315794,0.2894736842105263,0.19473684210526315,0.1,0.38421052631578945,0.1473684210526316,1.0,0.0,0.5,0.5,0.5,0.0,1.0,0.0,0.0,0.0,1.0,1.0,0.0,0.5,0.5,0.5,1.0,1.0,0.0,0.0,0.64693593223088,-4.690426243210948,0.9778631207275986
58,20,1,3,0.3410385983123522,0.44977904634385346,0.5042058412984005,0.2432313281748395,0.2603092730966132,0.64390906851895,0.1846677356427644,0.13994093381213002,0.11101927490868702,0.5616413787736204,0.2927380032288209,0.08633579029575894,0.5331077143322486,0.21154058165315573,0.12740154861658082,0.09491708983812666,0.6867233685354411,0.02789830494289268,0.25245871560605326,0.11749967339665925,0.8105263157894737,0.9052631578947369,0.9526315789473684,0.6684210526315789,0.6210526315789474,1.0,0.5263157894736842,0.4789473684210527,0.43157894736842106,0.8578947368421053,0.5736842105263158,0.33684210526315794,0.7157894736842105,0.38421052631578945,0.24210526315789474,0.19473684210526315,0.7631578947368421,0.1,0.2894736842105263,0.1473684210526316,0.0,1.0,0.5,0.5,0.0,0.0,1.0,0.0,1.0,0.5,0.5,0.5,0.0,0.0,0.5,1.0,1.0,0.0,0.0,1.0,0.5668663753585648,-4.7930719648061775,0.7711702059870084
59,20,1,3,0.2884266393009658,0.2171867190332183,0.3878914941746216,0.48595167503330267,0.14378580332878288,0.5283288540480671,0.1041111292058019,0.44416343877951425,0.12525905051206762,0.7186067061129938,0.2586402440626255,0.7897585956230108,0.10636252575469027,0.5828795225425732,0.4168283619276499,0.47315403456173605,0.0855525932758395,0.24072520961388888,0.16282052208936504,0.0882101708509352,1.0,0.6210526315789474,0.7631578947368421,0.8578947368421053,0.4789473684210527,0.8105263157894737,0.38421052631578945,0.6684210526315789,0.33684210526315794,0.9052631578947369,0.43157894736842106,0.9526315789473684,0.24210526315789474,0.7157894736842105,0.5263157894736842,0.5736842105263158,0.1473684210526316,0.2894736842105263,0.19473684210526315,0.1,0.5,1.0,0.5,0.5,0.5,0.5,0.0,0.0,0.5,1.0,0.5,0.0,1.0,1.0,0.5,1.0,0.5,0.5,0.0,1.0,0.45807791789270325,-4.16418599314316,0.817133372434579
60,20,1,3,0.3855125245892267,0.3598543683388181,0.28828374300087023,0.22131423272078576,0.12085072348510878,0.31522843827879976,0.4364218442512594,0.23337644152900605,0.6173581981793237,0.10265657896178282,0.3757770417806773,0.23508045043357811,0.2050576325361056,0.6345840596500633,0.5441924267033807,0.8288745686278413,0.07885856192450902,0.14770323428396945,0.05856597997673707,0.20949710859939083,1.0,0.9052631578947369,0.8105263157894737,0.5736842105263158,0.43157894736842106,0.6210526315789474,0.7157894736842105,0.4789473684210527,0.8578947368421053,0.2894736842105263,0.5263157894736842,0.38421052631578945,0.33684210526315794,0.7631578947368421,0.6684210526315789,0.9526315789473684,0.1473684210526316,0.19473684210526315,0.1,0.24210526315789474,0.5,1.0,0.5,1.0,0.5,0.5,0.5,0.0,0.5,0.0,0.5,1.0,0.5,1.0,0.5,0.0,0.0,0.0,0.5,1.0,0.630728367337043,-5.0973349388764735,0.770987373019188
61,20,1,3,0.2846521991636779,0.3967371466013857,0.25570837444142364,0.5641937616750308,0.5580844027707544,0.280858694501266,0.3360104155531263,0.5385941314559384,0.5505689156780471,0.3138121458554673,0.2476139329461175,0.3470885543377454,0.2808216826633306,0.05126557444909097,0.1527012997749629,0.4910183037651352,0.22619324785647812,0.13180544158903781,0.06062371223509119,0.30035969496340004,0.8578947368421053,0.9526315789473684,0.7157894736842105,1.0,0.9052631578947369,0.6210526315789474,0.6684210526315789,0.8105263157894737,0.7631578947368421,0.5263157894736842,0.43157894736842106,0.4789473684210527,0.38421052631578945,0.1473684210526316,0.24210526315789474,0.5736842105263158,0.2894736842105263,0.19473684210526315,0.1,0.33684210526315794,0.0,0.0,1.0,1.0,0.5,1.0,0.0,0.0,1.0,1.0,0.5,0.0,1.0,0.5,0.0,1.0,1.0,0.5,0.0,1.0,0.3599739739319446,-4.60334832820132,0.3854242058813177
62,20,1,3,0.2973145286052745,0.40571501563341095,0.2566560656508954,0.22422666158493987,0.45888715129527197,0.6172123469908719,0.15102032394324433,0.5851564811720407,0.49927032072998784,0.3714219284851645,0.1183176102287089,0.3543603189782814,0.2603372247234954,0.1262598283455626,0.05048927129860234,0.547926576820602,0.12774169354706674,0.4735643317286605,0.29330782349577583,0.07750080921688197,1.0,0.9526315789473684,0.7631578947368421,0.6684210526315789,0.8105263157894737,0.9052631578947369,0.43157894736842106,0.8578947368421053,0.7157894736842105,0.5736842105263158,0.2894736842105263,0.4789473684210527,0.38421052631578945,0.24210526315789474,0.1473684210526316,0.6210526315789474,0.19473684210526315,0.5263157894736842,0.33684210526315794,0.1,0.0,1.0,0.5,1.0,1.0,0.0,1.0,0.0,1.0,0.0,1.0,0.5,0.5,0.5,0.5,1.0,0.0,0.5,0.0,0.5,0.7489394098411987,-5.457533104642042,0.5395348006528176
63,20,1,3,0.22189473078615385,0.3596378734828537,0.17009701255139864,0.24896889239963044,0.3668434563245184,0.49236708461941997,0.526805535222292,0.46949130039460674,0.20222956553184032,0.8257137038162605,0.17471313062814994,0.8115158410189183,0.3397855759155293,0.29539622433540985,0.0603619033234684,0.45643063070726286,0.1788301713926492,0.24070055065126666,0.05884128619073628,0.173320162025831,0.8578947368421053,0.9052631578947369,0.5736842105263158,0.6210526315789474,0.7157894736842105,0.8105263157894737,0.7631578947368421,0.6684210526315789,0.38421052631578945,1.0,0.33684210526315794,0.9526315789473684,0.4789473684210527,0.43157894736842106,0.1473684210526316,0.5263157894736842,0.24210526315789474,0.2894736842105263,0.1,0.19473684210526315,0.5,0.0,0.5,0.5,0.5,0.0,1.0,0.0,0.5,0.5,1.0,1.0,0.0,0.5,0.5,0.5,0.0,1.0,0.5,1.0,0.3686723956344214,-4.989141375189148,1.0372604266520695
64,20,1,3,0.3020404431772381,0.28319498204841764,0.4268155779024818,0.25275387987338677,0.2941366773472807,0.45107680780954834,0.3267511241112032,0.25539558986084315,0.12575836156513842,0.3385781899586409,0.6733694211600995,0.2755847431185955,0.32594324346066406,0.08173727290682388,0.13129752865679212,0.19049555577067995,0.717365680665634,0.06932100878658241,0.26938846224037216,0.07413072262842219,1.0,0.8578947368421053,0.9526315789473684,0.7157894736842105,0.6684210526315789,0.7631578947368421,0.6210526315789474,0.5263157894736842,0.38421052631578945,0.5736842105263158,0.9052631578947369,0.43157894736842106,0.4789473684210527,0.19473684210526315,0.24210526315789474,0.2894736842105263,0.8105263157894737,0.1473684210526316,0.33684210526315794,0.1,0.5,0.0,0.5,0.5,0.0,1.0,1.0,0.0,0.5,0.5,0.0,1.0,0.0,1.0,0.0,0.0,1.0,1.0,0.0,0.5,0.567026716040859,-4.560528733430682,0.14929278085144
65,20,1,3,0.29994192330810177,0.3038839577612016,0.234670011474022,0.3338260447953644,0.5608708781426412,0.5406846112177291,0.2937114767545316,0.37062590724090544,0.09471077842772757,0.25580191831622734,0.4495013995742192,0.1901243231553527,0.5951411423821201,0.7973922649017141,0.3950035215773059,0.03905515137913784,0.33086458770493204,0.14423714793586145,0.10122421222907454,0.2022932135702982,1.0,0.9526315789473684,0.6684210526315789,0.7631578947368421,0.8578947368421053,0.8105263157894737,0.5263157894736842,0.5736842105263158,0.2894736842105263,0.43157894736842106,0.6210526315789474,0.33684210526315794,0.7157894736842105,0.9052631578947369,0.4789473684210527,0.1,0.38421052631578945,0.19473684210526315,0.1473684210526316,0.24210526315789474,0.5,1.0,0.0,0.5,0.0,1.0,0.0,0.0,1.0,0.5,1.0,0.0,0.5,0.0,0.5,0.0,0.0,0.0,1.0,1.0,0.5944562372278538,-4.463479534216373,0.743264850996273
66,20,1,3,0.3517763243062423,0.3138288031780647,0.27031353606102115,0.3147174919348892,0.18640586782635304,0.6170045540743565,0.24248066801651452,0.375334875157495,0.4351246277384943,0.6500963837174605,0.2872818423257342,0.2825935965835369,0.21390323107929712,0.41232799890788135,0.09238253870507876,0.051295878980754855,0.30174723852362617,0.21603971335979721,0.046413741672971055,0.19106708329454175,0.9526315789473684,0.8578947368421053,0.8105263157894737,0.7631578947368421,0.6210526315789474,1.0,0.5736842105263158,0.6684210526315789,0.7157894736842105,0.9052631578947369,0.4789473684210527,0.43157894736842106,0.33684210526315794,0.5263157894736842,0.19473684210526315,0.1473684210526316,0.38421052631578945,0.2894736842105263,0.1,0.24210526315789474,1.0,1.0,1.0,1.0,1.0,1.0,0.5,0.5,1.0,0.0,0.5,1.0,0.0,1.0,0.0,1.0,0.0,1.0,1.0,0.0,0.4427055713155602,-4.598415407501219,0.601565269394334
67,20,1,3,0.2745865262963173,0.18825657463985124,0.45079328083020426,0.13056951428005698,0.3735023643636005,0.7591682232269356,0.626927896704167,0.3044704068503634,0.07656278555153007,0.46429798654689597,0.7481241682178144,0.19617087396124175,0.6453623599835653,0.8349585910066347,0.26938309983752484,0.3170350720140866,0.13257490249131715,0.05201435194670992,0.13224510514313506,0.08212519529213268,0.7157894736842105,0.5736842105263158,0.8105263157894737,0.4789473684210527,0.6210526315789474,1.0,0.8578947368421053,0.5263157894736842,0.2894736842105263,0.6684210526315789,0.9052631578947369,0.33684210526315794,0.7631578947368421,0.9526315789473684,0.38421052631578945,0.43157894736842106,0.24210526315789474,0.1473684210526316,0.19473684210526315,0.1,1.0,0.0,0.0,1.0,0.5,0.5,1.0,0.0,1.0,0.5,0.5,1.0,0.0,1.0,1.0,0.5,0.0,1.0,0.0,0.5,0.4443230390105191,-4.735546156583955,0.5169870763446772
68,20,1,3,0.3655981713614129,0.36683759406578537,0.430990105870713,0.578465146525239,0.27295667333032864,0.477432324125836,0.7172942447363309,0.1965198135958336,0.15894056378123886,0.5451154776812127,0.1305984788644503,0.10460213904057875,0.5017061011237781,0.32647920241723566,0.09441998042017222,0.07108005480856393,0.5460344625812503,0.03514122510877027,0.5102065033421138,0.12251816801398534,1.0,0.8105263157894737,0.8578947368421053,0.9052631578947369,0.5263157894736842,0.7157894736842105,0.9526315789473684,0.43157894736842106,0.38421052631578945,0.7631578947368421,0.33684210526315794,0.2894736842105263,0.6684210526315789,0.4789473684210527,0.24210526315789474,0.19473684210526315,0.6210526315789474,0.1,0.5736842105263158,0.1473684210526316,0.0,0.5,0.5,0.5,1.0,0.0,0.0,0.5,1.0,0.0,0.0,0.0,0.5,1.0,0.0,0.5,0.0,0.5,0.0,1.0,0.6731878232065969,-4.970325720438709,0.28416917998790653
69,20,1,3,0.25663230352011646,0.47194598008150346,0.20035882182647136,0.32341319468239355,0.20564411012133982,0.451735138907517,0.6988242242970699,0.15028773495463613,0.5830950469470255,0.6842175104390684,0.4482265080083629,0.3573321092882905,0.12420277550259262,0.4155288096521853,0.19478185969879597,0.1025144283550501,0.08573537445273552,0.28177901281378553,0.38596983754113334,0.07952024517190408,0.9052631578947369,1.0,0.6684210526315789,0.7631578947368421,0.5736842105263158,0.7157894736842105,0.9526315789473684,0.38421052631578945,0.8105263157894737,0.8578947368421053,0.6210526315789474,0.4789473684210527,0.24210526315789474,0.5263157894736842,0.2894736842105263,0.19473684210526315,0.1473684210526316,0.33684210526315794,0.43157894736842106,0.1,0.5,0.0,0.5,0.0,0.5,0.0,0.5,1.0,0.0,1.0,0.0,1.0,1.0,1.0,0.5,0.0,0.5,0.5,1.0,0.0,0.475404077253502,-4.607743310364954,0.8042802537492246
70,20,1,3,0.3890753624578063,0.3560886023174793,0.15849375449656888,0.25385815501441,0.6570407672283098,0.15631388650418765,0.14669844094900714,0.6790480451878806,0.4546867684983841,0.4082345901692969,0.3427725703410425,0.8237228052873868,0.1408201860954336,0.6163543313000477,0.5730574118291172,0.19431287787996362,0.12494663445751839,0.09800485007320897,0.15138693886492152,0.0686735575112429,0.8578947368421053,0.8105263157894737,0.4789473684210527,0.5736842105263158,0.9526315789473684,0.43157894736842106,0.38421052631578945,0.9052631578947369,0.6684210526315789,0.6210526315789474,0.5263157894736842,1.0,0.2894736842105263,0.7631578947368421,0.7157894736842105,0.33684210526315794,0.24210526315789474,0.1473684210526316,0.19473684210526315,0.1,1.0,0.0,0.5,0.0,0.0,0.5,0.0,1.0,0.5,0.5,0.0,1.0,0.0,0.0,0.5,0.0,0.5,1.0,0.0,0.0,0.3902103070245734,-4.313282059755042,0.6196966746440272
71,20,1,3,0.305663744007589,0.2810062155047684,0.24480007601716336,0.1735675723615272,0.26905202664436273,0.6109391171472842,0.19083603080264447,0.5834153136003188,0.5464723019347094,0.8081055170584186,0.20862111466689998,0.11609894289926379,0.40387289530606074,0.7939809882309624,0.23506319120480296,0.3940121113728945,0.1413280830852967,0.2507971140526334,0.1107782165913674,0.08948952513566433,0.9526315789473684,0.7157894736842105,0.6684210526315789,0.5736842105263158,0.6210526315789474,0.8578947368421053,0.43157894736842106,0.8105263157894737,0.7631578947368421,1.0,0.38421052631578945,0.24210526315789474,0.5263157894736842,0.9052631578947369,0.33684210526315794,0.4789473684210527,0.19473684210526315,0.2894736842105263,0.1473684210526316,0.1,0.0,0.5,0.5,1.0,0.5,0.0,1.0,0.0,1.0,0.5,0.5,0.5,1.0,0.5,0.5,1.0,1.0,0.5,1.0,0.5,0.603775585759368,-4.5816657656582995,0.11465177758315911
72,20,1,3,0.25890215937103445,0.3709472266354432,0.26460755456933854,0.5245749700842592,0.49790685265310963,0.2676211333590047,0.09797446789127895,0.23044570227643513,0.19716866355392315,0.4399158870905006,0.34866419707400514,0.1444919895932947,0.19318007054725936,0.05546125830517612,0.7229758628025932,0.6353880765025892,0.5899293192111383,0.18499898935321948,0.0679753714479073,0.12209653896163487,0.9052631578947369,1.0,0.7631578947368421,0.9526315789473684,0.8105263157894737,0.5736842105263158,0.38421052631578945,0.4789473684210527,0.43157894736842106,0.6210526315789474,0.5263157894736842,0.2894736842105263,0.33684210526315794,0.19473684210526315,0.8578947368421053,0.7157894736842105,0.6684210526315789,0.24210526315789474,0.1,0.1473684210526316,1.0,0.0,0.5,0.0,1.0,0.5,1.0,0.5,1.0,1.0,0.0,1.0,0.5,0.0,0.5,0.5,0.0,0.0,0.5,0.5,0.6118084902301797,-4.854014614768055,0.8063627505825497
73,20,1,3,0.2706130063565696,0.44643030933196315,0.24763559345748704,0.32517542810168704,0.43382849639350785,0.249725381426753,0.12246156646460832,0.2064688550709295,0.6124665766672398,0.15875577863979293,0.08732413470433037,0.7508513589778879,0.10613325411612065,0.4860868313589114,0.3993232502257456,0.07711732034924033,0.24413100029191745,0.7181457915417437,0.044811232365355794,0.10146129966133527,0.9052631578947369,1.0,0.6684210526315789,0.7157894736842105,0.7631578947368421,0.5736842105263158,0.43157894736842106,0.4789473684210527,0.8578947368421053,0.38421052631578945,0.2894736842105263,0.9526315789473684,0.24210526315789474,0.6210526315789474,0.5263157894736842,0.19473684210526315,0.33684210526315794,0.8105263157894737,0.1,0.1473684210526316,1.0,0.0,0.5,0.0,1.0,0.0,1.0,0.0,1.0,1.0,0.0,1.0,1.0,1.0,1.0,0.0,0.5,0.0,0.5,0.5,0.6229505547514447,-4.750340518193931,0.3799737300720705
74,20,1,3,0.266727053805908,0.3349358360670821,0.3447394646930074,0.2733646247307447,0.21122242348958087,0.12104943137706259,0.6293725122421077,0.3016415877739516,0.5508831452065941,0.23740071979030555,0.4655579158425301,0.5606100485262304,0.2397610326478027,0.7194923183831181,0.1255512824436202,0.0840749199449493,0.0647618819360019,0.2080044694548032,0.2566349853014499,0.02821912172389901,1.0,0.9526315789473684,0.7631578947368421,0.6210526315789474,0.5263157894736842,0.43157894736842106,0.9052631578947369,0.5736842105263158,0.8105263157894737,0.4789473684210527,0.6684210526315789,0.7157894736842105,0.38421052631578945,0.8578947368421053,0.24210526315789474,0.19473684210526315,0.1473684210526316,0.2894736842105263,0.33684210526315794,0.1,1.0,1.0,0.5,0.0,0.5,1.0,0.0,1.0,0.0,1.0,0.5,0.5,0.0,0.5,0.5,0.0,0.5,0.5,0.5,0.0,0.5719253373115291,-4.136989380911753,0.34772467588323847
75,20,1,3,0.2481865668492763,0.3108573804921303,0.4848247313359274,0.3989417613043283,0.15042410540163065,0.3895955698682881,0.4399928084340047,0.17270782232000814,0.14909599431443915,0.4777560213013431,0.1524332950261317,0.21449864091026125,0.5071704508276393,0.4237764442788909,0.6402791951092188,0.14341718248812232,0.3351989530305305,0.10657312367322658,0.2024995512376357,0.07429324542302883,0.9052631578947369,0.9526315789473684,1.0,0.8578947368421053,0.5736842105263158,0.8105263157894737,0.7631578947368421,0.4789473684210527,0.43157894736842106,0.6684210526315789,0.2894736842105263,0.33684210526315794,0.6210526315789474,0.5263157894736842,0.7157894736842105,0.19473684210526315,0.38421052631578945,0.1473684210526316,0.24210526315789474,0.1,0.5,0.5,0.0,1.0,0.5,0.0,0.0,0.5,1.0,0.0,0.5,0.5,1.0,0.5,0.5,0.5,1.0,0.0,0.5,0.0,0.4142710884889908,-3.8201202344320224,0.5183202886477073
76,20,1,3,0.24208689814985052,0.314880220835087,0.5196946300901123,0.1701635702658204,0.6378675373342875,0.41958582700323666,0.1973802729743237,0.09499015181164844,0.21085263542549304,0.46326492414757175,0.11187938606881773,0.8938827851204871,0.5641372116450561,0.1884712096213561,0.6656554221638452,0.0504318736077352,0.3386609395817959,0.5155139110388126,0.16676681434220209,0.08898339887615515,0.8578947368421053,0.8105263157894737,0.9052631578947369,0.5263157894736842,0.9526315789473684,0.7157894736842105,0.4789473684210527,0.33684210526315794,0.38421052631578945,0.6210526315789474,0.24210526315789474,1.0,0.6684210526315789,0.2894736842105263,0.7631578947368421,0.1473684210526316,0.43157894736842106,0.5736842105263158,0.19473684210526315,0.1,0.0,1.0,0.5,0.5,0.0,1.0,0.5,1.0,0.0,1.0,0.0,0.5,0.5,0.0,1.0,1.0,1.0,0.5,0.5,0.5,0.592911308554793,-4.671024674935908,0.6810345086731598
77,20,1,3,0.30143425035661564,0.2397595831345819,0.36458868250905263,0.19779295196473412,0.5001606430031988,0.205700248740756,0.2736032056640415,0.11878450176787841,0.3287825692687826,0.576497037708474,0.10739131362630291,0.5654327984708472,0.2521932910473187,0.08258749662345746,0.3224678370965482,0.37793230446843384,0.05405743965636664,0.22914640829555702,0.09437588345972883,0.08489690413158328,0.9526315789473684,0.8578947368421053,0.9052631578947369,0.7157894736842105,1.0,0.6684210526315789,0.6210526315789474,0.38421052631578945,0.5736842105263158,0.8105263157894737,0.33684210526315794,0.7631578947368421,0.43157894736842106,0.24210526315789474,0.4789473684210527,0.5263157894736842,0.19473684210526315,0.2894736842105263,0.1473684210526316,0.1,1.0,0.0,0.0,1.0,0.5,1.0,0.0,0.0,1.0,0.0,0.5,1.0,1.0,0.5,0.0,0.5,0.5,0.0,1.0,0.0,0.5873620765559454,-4.75016449440558,0.29737155739454607
78,20,1,3,0.35046087078478205,0.44658534859993415,0.3567450407712107,0.38190574125642385,0.29598713551754935,0.36062154244281824,0.20838793446076997,0.4065856916037578,0.15395273548343746,0.3904883497808973,0.49073401430865915,0.36897650463503134,0.24374979585651374,0.10564693957259902,0.38561234570562253,0.2356757699554607,0.05153688691768454,0.2930642245133811,0.17101658499739103,0.1309447739872497,0.9526315789473684,1.0,0.9052631578947369,0.8578947368421053,0.7631578947368421,0.8105263157894737,0.5736842105263158,0.7157894736842105,0.43157894736842106,0.6210526315789474,0.6684210526315789,0.5263157894736842,0.38421052631578945,0.24210526315789474,0.4789473684210527,0.2894736842105263,0.1,0.33684210526315794,0.19473684210526315,0.1473684210526316,0.0,0.5,1.0,0.5,0.5,1.0,0.0,1.0,0.0,0.5,0.5,1.0,0.5,0.0,0.5,0.0,0.5,1.0,0.5,0.0,0.6343534788881922,-4.591092919305577,0.7325347534883098
79,20,1,3,0.2975540209486143,0.5443024472754006,0.5092002417992817,0.14400676977837712,0.19207461829353722,0.10871000666094438,0.37642546387998077,0.5220115682038948,0.5725568498800374,0.24582286937565864,0.12858789351283886,0.6590250632419181,0.13476154325616949,0.5210461305818543,0.06948304562740454,0.26471268655287933,0.619909033717255,0.07068963519566593,0.07224448852505479,0.21765688997169833,1.0,0.9526315789473684,0.9052631578947369,0.5263157894736842,0.5736842105263158,0.43157894736842106,0.6210526315789474,0.7631578947368421,0.8105263157894737,0.4789473684210527,0.33684210526315794,0.8578947368421053,0.2894736842105263,0.6684210526315789,0.19473684210526315,0.38421052631578945,0.7157894736842105,0.1473684210526316,0.1,0.24210526315789474,0.0,1.0,0.0,1.0,0.0,0.5,0.0,0.5,0.0,0.5,1.0,0.0,1.0,0.0,1.0,0.5,0.5,0.0,0.0,0.0,0.5828669837442682,-4.389144670025549,0.7582111290448503
80,20,1,3,0.37080457778354414,0.24936788261241272,0.24662525194489643,0.2979768023411873,0.45332935499200944,0.22968992543711575,0.2867894654491183,0.09777992432737367,0.3630182336785353,0.821719445161652,0.25615647541779224,0.30707890438543417,0.04194451262706397,0.8056807745470239,0.7140542263219559,0.11415330119747738,0.22072128326139714,0.1776174019450877,0.41616476916808803,0.0662835412373088,0.9526315789473684,0.7631578947368421,0.6684210526315789,0.7157894736842105,0.8578947368421053,0.6210526315789474,0.5263157894736842,0.33684210526315794,0.5736842105263158,1.0,0.38421052631578945,0.43157894736842106,0.1473684210526316,0.9052631578947369,0.8105263157894737,0.19473684210526315,0.2894736842105263,0.24210526315789474,0.4789473684210527,0.1,1.0,0.5,1.0,1.0,1.0,0.5,1.0,1.0,1.0,0.5,0.0,0.5,0.5,0.0,0.5,0.0,1.0,1.0,0.5,1.0,0.6618767532247319,-4.53135552810842,0.47062937644701136
81,20,1,3,0.3620624827705716,0.22783250066562566,0.40558804775692675,0.2930406944516023,0.30219308049941224,0.6837477189615677,0.2298312481974859,0.19908433293500089,0.6356335322997702,0.39920192995011305,0.21356372863735182,0.18641777359824385,0.29774951426727936,0.08615779676407119,0.20203502660092354,0.683664279850355,0.5070877505297899,0.2057792184720859,0.12796791781515654,0.08793464912418703,0.9526315789473684,0.8105263157894737,0.8578947368421053,0.7157894736842105,0.6210526315789474,1.0,0.5263157894736842,0.4789473684210527,0.9052631578947369,0.6684210526315789,0.38421052631578945,0.33684210526315794,0.43157894736842106,0.19473684210526315,0.2894736842105263,0.7631578947368421,0.5736842105263158,0.24210526315789474,0.1473684210526316,0.1,0.5,0.0,0.0,1.0,1.0,1.0,1.0,1.0,0.5,0.5,1.0,0.5,1.0,0.0,0.0,0.0,0.5,1.0,0.0,0.0,0.3317261101432553,-4.343515225163467,0.655193867367245
82,20,1,3,0.28703242515384175,0.2734138558580145,0.3069309138016584,0.18031296875061997,0.25821498949706423,0.44017179686413704,0.6841595981944955,0.5576661929772366,0.10686871833801104,0.3026440463059388,0.27002893881460716,0.20673396570541658,0.284524660695548,0.10405954923537203,0.09309453572254048,0.48566529883094345,0.06779399163528829,0.23613757482262554,0.08378512002577865,0.07003763334966699,0.9526315789473684,0.9052631578947369,0.8105263157894737,0.6684210526315789,0.7157894736842105,0.7631578947368421,1.0,0.8578947368421053,0.38421052631578945,0.5736842105263158,0.5263157894736842,0.43157894736842106,0.4789473684210527,0.2894736842105263,0.24210526315789474,0.6210526315789474,0.19473684210526315,0.33684210526315794,0.1473684210526316,0.1,1.0,0.0,0.5,0.0,1.0,0.0,1.0,0.5,0.5,1.0,0.5,1.0,0.5,0.5,1.0,0.5,1.0,0.0,1.0,0.5,0.5852883943530536,-4.980249057879337,0.7500631173983137
83,20,1,3,0.23950372113476492,0.1727754101902651,0.20657938938306125,0.3109883284743943,0.5577978261062071,0.2029119343326531,0.15638340993623312,0.54388073579558,0.6057544055692498,0.6566764940720264,0.7701088930916755,0.07536314428908744,0.09000351319139246,0.1914443277819651,0.24684264645030607,0.3918772925453546,0.07288857950836712,0.37444390080145346,0.05384492016359477,0.12255627346327697,0.7631578947368421,0.6684210526315789,0.6210526315789474,0.7157894736842105,0.9526315789473684,0.5736842105263158,0.4789473684210527,0.8105263157894737,0.8578947368421053,0.9052631578947369,1.0,0.2894736842105263,0.24210526315789474,0.33684210526315794,0.38421052631578945,0.5263157894736842,0.19473684210526315,0.43157894736842106,0.1,0.1473684210526316,0.0,0.5,0.0,1.0,0.5,0.0,0.0,0.5,0.5,0.5,0.5,0.0,0.5,1.0,1.0,1.0,0.0,0.0,0.5,0.0,0.5711031138785155,-4.675780579695181,0.6200393318524576
84,20,1,3,0.36057381721740844,0.3155305406266625,0.36122779926564585,0.37757778110096657,0.21558243989939807,0.3682655535647582,0.13567925773302036,0.49468827406714616,0.14671730320069193,0.22893912443502473,0.18211359329780524,0.13826252196663477,0.5555661339075472,0.13205188033325113,0.05706737755482233,0.4885339099918045,0.13748670568061006,0.48173147992752363,0.05893979200282365,0.040930723326649404,1.0,0.9526315789473684,0.9052631578947369,0.8578947368421053,0.6684210526315789,0.7631578947368421,0.5263157894736842,0.8105263157894737,0.43157894736842106,0.4789473684210527,0.38421052631578945,0.33684210526315794,0.7157894736842105,0.2894736842105263,0.19473684210526315,0.6210526315789474,0.24210526315789474,0.5736842105263158,0.1473684210526316,0.1,1.0,0.0,1.0,0.0,1.0,0.0,1.0,0.5,0.5,0.5,0.5,0.0,0.0,0.0,0.0,1.0,0.5,1.0,0.5,0.5,0.5987573511575839,-4.977330952894226,0.7352726530143545
85,20,1,3,0.2902310875255758,0.23329010633744318,0.19148193486237086,0.42352917924252,0.19512246664821392,0.4087539305975094,0.37991833939384434,0.31236057220586905,0.26617371560129394,0.17805507841786894,0.16643570174107697,0.12138377809574907,0.09190428270305881,0.34211267718945737,0.7618817319583674,0.8569536466913378,0.22405164779371425,0.11389526464607753,0.07419027534038723,0.17187804274460775,1.0,0.9052631578947369,0.6684210526315789,0.8105263157894737,0.5736842105263158,0.7631578947368421,0.7157894736842105,0.6210526315789474,0.5263157894736842,0.43157894736842106,0.38421052631578945,0.33684210526315794,0.24210526315789474,0.4789473684210527,0.8578947368421053,0.9526315789473684,0.2894736842105263,0.1473684210526316,0.1,0.19473684210526315,1.0,1.0,0.0,0.5,1.0,1.0,1.0,0.0,0.5,0.0,0.0,0.5,0.0,0.0,1.0,0.0,0.5,0.5,0.0,0.5,0.47449981729362384,-4.823936091039947,0.5662836972852797
86,20,1,3,0.33182490133485354,0.3593733577560295,0.48802909515673215,0.26532585831967653,0.24702145668765918,0.41681736162505845,0.40052160032353123,0.1410327886234043,0.690971950541415,0.11339733037323652,0.28339565673799133,0.11369322206117793,0.6369305739580073,0.42659421289051086,0.09880294600966025,0.24405952215554313,0.07388585945384087,0.4213780272960262,0.053778419406479074,0.1251781013251033,1.0,0.8578947368421053,0.9052631578947369,0.6684210526315789,0.6210526315789474,0.7631578947368421,0.7157894736842105,0.43157894736842106,0.9526315789473684,0.33684210526315794,0.4789473684210527,0.2894736842105263,0.8105263157894737,0.5736842105263158,0.24210526315789474,0.38421052631578945,0.19473684210526315,0.5263157894736842,0.1,0.1473684210526316,0.5,1.0,0.5,1.0,0.0,1.0,0.5,0.0,1.0,0.5,0.0,1.0,0.5,0.0,1.0,0.5,0.0,1.0,0.5,1.0,0.5128909505464991,-4.249592563162682,0.6703638871240017
87,20,1,3,0.3122502207656004,0.3603070416661762,0.41409714161313904,0.4833118449714189,0.3363463945959447,0.4951272419807826,0.20933246456454477,0.4573793028859462,0.2842559240280254,0.15415339887698593,0.40373810286578493,0.08159672729354792,0.16449475662673477,0.5061892562197668,0.06315313345525217,0.6863708125496921,0.12104469804940925,0.4568440492846311,0.3316115838810604,0.06336006089940632,0.8578947368421053,0.9052631578947369,0.9526315789473684,1.0,0.7157894736842105,0.8105263157894737,0.43157894736842106,0.6684210526315789,0.4789473684210527,0.33684210526315794,0.5736842105263158,0.24210526315789474,0.2894736842105263,0.6210526315789474,0.1473684210526316,0.7631578947368421,0.19473684210526315,0.5263157894736842,0.38421052631578945,0.1,1.0,0.5,1.0,0.0,0.5,0.0,0.5,0.0,1.0,1.0,1.0,0.0,1.0,1.0,1.0,1.0,0.5,0.0,1.0,1.0,0.6069123747539792,-4.716114691469393,0.4848693008912473
88,20,1,3,0.42495135011185386,0.5735779956683782,0.5163141313894614,0.3184136496529952,0.3133483270486573,0.22350516021219569,0.5808711511717465,0.07522980488940464,0.7604274677382611,0.5425748629772112,0.40859597847479445,0.2295877093205483,0.6204391518224391,0.3984254100877614,0.23720384348931361,0.1636644155287883,0.08548182022316256,0.3728922378465879,0.15466895595661137,0.0745367186375601,0.8578947368421053,1.0,0.9052631578947369,0.6684210526315789,0.6210526315789474,0.4789473684210527,0.8105263157894737,0.2894736842105263,0.9526315789473684,0.7157894736842105,0.5736842105263158,0.38421052631578945,0.7631578947368421,0.5263157894736842,0.33684210526315794,0.24210526315789474,0.1473684210526316,0.43157894736842106,0.19473684210526315,0.1,0.5,0.0,0.0,1.0,0.5,0.0,1.0,1.0,1.0,0.5,0.0,1.0,0.5,0.5,1.0,0.0,0.0,0.0,0.0,0.5,0.633406323656964,-5.33089366536436,0.26461938080938247
89,20,1,3,0.2956513620774045,0.26723909988140343,0.3674757420256087,0.1542865012278095,0.2311410089010062,0.6456841446975926,0.6005967463021948,0.1938124458127221,0.5757271796045106,0.2966806418554216,0.34491618205588254,0.06613449540056329,0.8287161253111663,0.14575116052671175,0.19328088712567557,0.6000991504831503,0.12998733694331663,0.33733847417901147,0.0636113790249516,0.1302248282056094,0.9526315789473684,0.7157894736842105,0.8105263157894737,0.5736842105263158,0.6210526315789474,0.9052631578947369,0.8578947368421053,0.43157894736842106,0.7631578947368421,0.4789473684210527,0.5263157894736842,0.24210526315789474,1.0,0.2894736842105263,0.33684210526315794,0.6684210526315789,0.19473684210526315,0.38421052631578945,0.1,0.1473684210526316,1.0,0.5,0.5,0.0,0.5,0.0,0.5,0.5,0.0,0.0,1.0,0.0,0.5,0.5,0.5,0.5,0.5,1.0,0.5,0.0,0.702163548206102,-4.836464959208052,0.18936247906248435
90,20,1,3,0.294148956325729,0.530043016045135,0.2545700344223986,0.6376199209337023,0.4280399824480344,0.10226388612899368,0.5563275839703438,0.3850973000627061,0.766195519444874,0.3082215671739111,0.2704257691204949,0.1058094770858643,0.5928764082031764,0.28277732532604416,0.5500304511257001,0.13366789374060153,0.27073142544066164,0.0931811421082347,0.07323740640972909,0.17391240020681722,0.9052631578947369,0.8578947368421053,0.5736842105263158,0.9526315789473684,0.7157894736842105,0.38421052631578945,0.8105263157894737,0.6210526315789474,1.0,0.5263157894736842,0.4789473684210527,0.2894736842105263,0.7631578947368421,0.43157894736842106,0.6684210526315789,0.24210526315789474,0.33684210526315794,0.1473684210526316,0.1,0.19473684210526315,1.0,0.5,0.0,1.0,0.5,0.5,1.0,0.0,0.5,1.0,0.0,0.5,1.0,0.0,0.5,0.0,1.0,0.5,0.0,1.0,0.5013898273058627,-4.058351938262539,0.5408997732862332
91,20,1,3,0.2586908782195573,0.48546936687305875,0.2247716515547371,0.30851080696625227,0.18884593986964443,0.4762424020648607,0.5832802632444904,0.2518843629358373,0.20672962825748692,0.5143548558145911,0.129641967167393,0.3072136586316793,0.11908991514464137,0.11317048346887146,0.2741180333400354,0.7099448732563372,0.10179561952276076,0.3822262309900833,0.11425907708202654,0.07833671111347316,0.9052631578947369,1.0,0.6684210526315789,0.7157894736842105,0.5736842105263158,0.8578947368421053,0.9526315789473684,0.6210526315789474,0.5263157894736842,0.7631578947368421,0.33684210526315794,0.4789473684210527,0.2894736842105263,0.24210526315789474,0.38421052631578945,0.8105263157894737,0.19473684210526315,0.43157894736842106,0.1473684210526316,0.1,0.5,0.0,1.0,1.0,0.5,1.0,1.0,1.0,1.0,0.0,0.0,1.0,0.0,0.0,0.5,0.0,1.0,1.0,0.0,0.5,0.36131832753534154,-4.801303372734131,0.772525219891713
92,20,1,3,0.2815080655329981,0.2410592248738821,0.24935856250663224,0.1934582406307756,0.20654184178579266,0.5918239623077539,0.21602199563975283,0.5514822806798132,0.15383533355449674,0.2794932360783295,0.573215209926983,0.07720133739077259,0.05462250028018964,0.15042505997874447,0.24701228165541894,0.4693629848065162,0.6420017058934767,0.26362267131491934,0.09746710701334063,0.06619201138769269,0.9526315789473684,0.9052631578947369,0.8105263157894737,0.6684210526315789,0.6210526315789474,1.0,0.5263157894736842,0.8578947368421053,0.43157894736842106,0.4789473684210527,0.7631578947368421,0.24210526315789474,0.19473684210526315,0.2894736842105263,0.38421052631578945,0.5736842105263158,0.7157894736842105,0.33684210526315794,0.1473684210526316,0.1,0.0,0.0,0.5,1.0,0.5,1.0,0.0,0.0,0.0,1.0,1.0,0.5,0.5,0.0,1.0,1.0,0.5,0.0,0.0,0.0,0.5431062615104856,-5.01101618412097,0.4786462713747959
93,20,1,3,0.5646341014185512,0.598434575352169,0.46974240291330543,0.2494542276382012,0.42898383928014977,0.10102364849400045,0.6783799104957026,0.4130465049105245,0.658474058255984,0.5322882984695774,0.20086181826416177,0.5835847127994772,0.3085553702965602,0.12089132170549545,0.31363582905936105,0.0798091206810413,0.4202948159284539,0.049348365086422874,0.20661396656032524,0.06289524853716959,1.0,0.9526315789473684,0.8105263157894737,0.5736842105263158,0.6684210526315789,0.33684210526315794,0.9052631578947369,0.6210526315789474,0.8578947368421053,0.7157894736842105,0.38421052631578945,0.7631578947368421,0.4789473684210527,0.24210526315789474,0.43157894736842106,0.19473684210526315,0.5263157894736842,0.1473684210526316,0.2894736842105263,0.1,1.0,1.0,0.0,0.5,0.0,0.5,1.0,0.5,1.0,1.0,0.5,0.0,0.0,0.5,0.0,0.5,1.0,0.0,0.0,1.0,0.5477113221598211,-4.9338387637432835,0.8236016514076576
94,20,1,3,0.2889655207759022,0.5419477955625399,0.4265548445203668,0.30501166034644167,0.7035451412675976,0.3061123768987949,0.516180374772248,0.23385420213588118,0.480246634075294,0.43830535761363254,0.22034802605270706,0.3308480206660307,0.7188594250123671,0.20112015993593055,0.6751533873088601,0.0622154722481581,0.11168162073553566,0.2115637816739058,0.19530863736255094,0.07032415661279005,1.0,0.9052631578947369,0.7631578947368421,0.5736842105263158,0.9526315789473684,0.5263157894736842,0.7157894736842105,0.43157894736842106,0.6684210526315789,0.6210526315789474,0.38421052631578945,0.4789473684210527,0.8578947368421053,0.33684210526315794,0.8105263157894737,0.1473684210526316,0.19473684210526315,0.2894736842105263,0.24210526315789474,0.1,0.5,0.5,1.0,1.0,1.0,0.0,0.0,0.5,0.5,1.0,1.0,1.0,0.0,0.0,0.5,0.0,1.0,1.0,0.0,1.0,0.38077101007411374,-4.522907489322418,0.8920223926895379
95,20,1,3,0.44064678758284703,0.3626063855324452,0.28276556892058424,0.39802314956498247,0.5904268951379599,0.5042797633623668,0.3368076391144786,0.2714247311097837,0.3622117031307087,0.08927256759496738,0.13796495539082682,0.2933204082414829,0.20408606302695956,0.33663091517882654,0.6122037245843485,0.06772359338721227,0.1852271139814984,0.2343026162514403,0.14097607967724318,0.07394197506877374,1.0,0.9052631578947369,0.8105263157894737,0.7631578947368421,0.9526315789473684,0.8578947368421053,0.6684210526315789,0.5736842105263158,0.6210526315789474,0.33684210526315794,0.38421052631578945,0.5263157894736842,0.43157894736842106,0.4789473684210527,0.7157894736842105,0.1473684210526316,0.24210526315789474,0.2894736842105263,0.19473684210526315,0.1,0.0,0.5,1.0,0.0,1.0,0.0,0.0,1.0,0.5,0.5,0.0,1.0,1.0,0.5,0.0,0.5,0.5,0.0,0.5,0.0,0.7887158088624069,-5.498178809936485,0.7181692175689043
96,20,1,3,0.2167879660069948,0.436087371696365,0.40895057548635466,0.49899592816806154,0.32691816964066184,0.24930252259416447,0.30962777118902574,0.1733895156141707,0.4446144921739422,0.5454834174507049,0.45809749074684974,0.17724430799466917,0.27921272822355714,0.2110197138230967,0.4050105073513004,0.17838425560554613,0.08386325566344578,0.09867293231800302,0.19663919209293676,0.06541186066894682,0.8578947368421053,1.0,0.9052631578947369,0.9526315789473684,0.7631578947368421,0.5736842105263158,0.6210526315789474,0.4789473684210527,0.7157894736842105,0.8105263157894737,0.6684210526315789,0.38421052631578945,0.43157894736842106,0.33684210526315794,0.5263157894736842,0.2894736842105263,0.19473684210526315,0.1473684210526316,0.24210526315789474,0.1,0.5,0.5,1.0,0.0,1.0,1.0,0.0,0.5,1.0,0.5,0.0,0.0,1.0,0.0,0.0,1.0,0.5,0.0,0.5,0.0,0.6888190682053922,-4.386609525060938,0.4296262497671041
97,20,1,3,0.37570465613694026,0.3731846658085009,0.21700789959964617,0.5820714431277715,0.16382290549099332,0.29984069205640845,0.1279007527670757,0.5668755769467343,0.24455686518780548,0.13744356796060817,0.5286736697417821,0.5845733219717912,0.7616043113605321,0.052209794450597424,0.15154636587269346,0.29490664786146226,0.545277235416917,0.09472634723072897,0.05315776136135371,0.2028010983172206,0.9526315789473684,0.8578947368421053,0.6684210526315789,1.0,0.5263157894736842,0.5736842105263158,0.38421052631578945,0.8105263157894737,0.4789473684210527,0.33684210526315794,0.7157894736842105,0.7631578947368421,0.9052631578947369,0.19473684210526315,0.2894736842105263,0.43157894736842106,0.6210526315789474,0.1473684210526316,0.1,0.24210526315789474,1.0,1.0,1.0,1.0,1.0,0.0,0.0,1.0,1.0,1.0,0.5,0.0,0.0,0.5,1.0,0.5,1.0,0.5,1.0,0.5,0.46662458258529044,-4.232090273555486,0.679943231689896
98,20,1,3,0.23218656642267232,0.22679255174089108,0.3692163832079719,0.26889117273096247,0.43117571232903024,0.23204675671415403,0.3547325242618754,0.22866838910805753,0.32611039514728446,0.28775190867728406,0.7894316223985912,0.1435229358377268,0.5724166924421459,0.21914221240194787,0.04319766056297063,0.2818536366415072,0.12307543930734909,0.36591003894540597,0.19837778574319714,0.07553942166694652,0.9052631578947369,0.8578947368421053,1.0,0.7631578947368421,0.8105263157894737,0.5736842105263158,0.6684210526315789,0.5263157894736842,0.6210526315789474,0.4789473684210527,0.9526315789473684,0.2894736842105263,0.7157894736842105,0.33684210526315794,0.1473684210526316,0.38421052631578945,0.19473684210526315,0.43157894736842106,0.24210526315789474,0.1,0.0,0.5,0.5,0.5,0.0,1.0,0.5,0.5,0.0,0.5,0.0,1.0,0.5,0.5,1.0,1.0,0.5,1.0,1.0,0.0,0.3979763858539798,-4.148738038332104,0.31260756079302615
99,20,1,3,0.24668255694704577,0.33200684895167754,0.3123975032705818,0.5248616972515234,0.41629487111034913,0.6327646804384361,0.17378713931718476,0.4887612281794553,0.3189361315831352,0.14424750829761476,0.38229965169285146,0.11273013052482306,0.30866127301408164,0.2429273477186368,0.056047140954563035,0.5535735058947346,0.51906691108642,0.07228520193325184,0.20756877416934283,0.08206854822524276,0.8578947368421053,0.9052631578947369,0.8105263157894737,1.0,0.7631578947368421,0.9526315789473684,0.43157894736842106,0.7157894736842105,0.5263157894736842,0.33684210526315794,0.5736842105263158,0.2894736842105263,0.4789473684210527,0.38421052631578945,0.19473684210526315,0.6684210526315789,0.6210526315789474,0.1473684210526316,0.24210526315789474,0.1,0.0,1.0,0.5,1.0,1.0,0.5,1.0,0.5,1.0,0.5,0.5,0.0,0.5,0.0,0.5,0.0,0.5,0.0,0.0,0.0,0.5786275050511662,-4.856385887813212,1.0016847556125408
