Instance,N,K,L,c.P1,c.P2,c.P3,c.P4,c.P5,p.P1,p.P2,p.P3,p.P4,p.P5,theta1.P1,theta1.P2,theta1.P3,theta1.P4,theta1.P5,theta2.P1,theta2.P2,theta2.P3,theta2.P4,theta2.P5,theta3.P1,theta3.P2,theta3.P3,theta3.P4,theta3.P5,a.P1,a.P2,a.P3,a.P4,a.P5,b.1,b.2,b.3,b.4,b.5,gamma0,gamma1,gamma2,gamma3,eta0,eta1,eta2,eta3
0,5,3,3,0.6209845090619254,0.5061359638365628,0.13951252557295343,0.36636951452935723,0.05635621791287572,1.0,0.775,0.325,0.55,0.1,1.0,0.5,0.5,0.0,0.0,1.0,1.0,1.0,0.5,0.5,1.0,1.0,0.0,1.0,0.5,0.460091518097717,0.39556172836272235,0.2765030474595226,0.4544793089500846,0.43913369499276234,4.492293261654301,2.4351373693602603,4.2238157418712605,3.0723035136399837,2.72827305647125,0.6579320819343029,1.8724896429361682,1.8724896429361682,1.8724896429361682,1,1,1,1
1,5,3,3,0.378280710375151,0.3989729374674313,0.4160219107516502,0.2519312668303937,0.06505190454846092,1.0,0.775,0.55,0.325,0.1,1.0,1.0,0.5,1.0,0.5,0.5,0.5,1.0,0.5,1.0,0.5,1.0,0.5,1.0,0.5,0.395143379169468,0.2695718758375182,0.3273418012763748,0.42201987200942237,0.27949022423834563,2.7151591410565974,3.441425583658499,4.195670591389703,2.977159349334375,2.7677358034057304,0.577947396441842,1.164412817069513,1.164412817069513,1.164412817069513,1,1,1,1
2,5,3,3,0.46559331497101497,0.2967374450515691,0.5570676023100767,0.2657538994988417,0.05654730621374209,1.0,0.55,0.775,0.325,0.1,1.0,0.5,0.5,0.0,0.0,1.0,1.0,1.0,1.0,0.0,0.5,0.0,1.0,1.0,0.5,0.2991221770547428,0.3640580655652981,0.2234327600312866,0.4338755046793642,0.3540770348535385,3.0511840292616763,3.3205408894827846,3.5130303471191797,3.083400164515804,2.6061611935652698,0.7891462582187689,1.6386583746728207,1.6386583746728207,1.6386583746728207,1,1,1,1
3,5,3,3,0.601104438926806,0.5018373604231385,0.217098430586911,0.44770781828174955,0.03408030756260694,1.0,0.775,0.325,0.55,0.1,0.5,1.0,0.5,0.0,0.0,1.0,1.0,1.0,0.5,0.5,0.5,0.5,0.5,0.5,0.5,0.4969908478367605,0.42070073630721694,0.2900478422413563,0.24420831280646052,0.34618110051087553,2.3726296611414233,4.050615908467101,2.808824719817618,4.820191416941516,4.947112799082721,0.4917054904400824,1.4199744939823475,1.4199744939823475,1.4199744939823475,1,1,1,1
4,5,3,3,0.33587635893188306,0.3970084247544026,0.2798170290120629,0.20396222728977093,0.06462561098055733,1.0,0.775,0.55,0.325,0.1,0.5,1.0,1.0,0.5,0.5,1.0,0.5,0.5,0.0,0.5,0.5,0.5,0.0,0.0,0.0,0.3188074944443605,0.3143495264147559,0.34541471214885877,0.3780633246088663,0.3190395162965436,4.650312944416996,2.043041839775354,2.2062215766673288,4.869466256181951,2.1063695851881707,0.6912246131683437,1.9448741952545863,1.9448741952545863,1.9448741952545863,1,1,1,1
5,5,3,3,0.15583649701597452,0.6782079360326942,0.5745453970053865,0.194906363348597,0.05643434641957439,0.55,1.0,0.775,0.325,0.1,1.0,0.5,0.0,0.5,0.5,0.0,1.0,1.0,1.0,0.0,0.5,0.5,0.5,1.0,0.0,0.39857419045525677,0.33124296333635117,0.479994048890825,0.443365636005023,0.4975042007107285,4.8446574327215135,4.004013847724235,4.338444318285113,3.9661585426736417,4.2524468300103795,0.749746967704447,1.4570412584476649,1.4570412584476649,1.4570412584476649,1,1,1,1
6,5,3,3,0.560326064937424,0.2230428011817494,0.5983868663569,0.24822049534736862,0.06290733747535797,1.0,0.55,0.775,0.325,0.1,1.0,1.0,0.5,0.5,0.0,1.0,0.5,1.0,0.0,0.5,0.5,1.0,1.0,0.0,0.5,0.4108352576330877,0.44780448677877877,0.20064701352905626,0.33340695845234036,0.26407385215699397,2.623304219818031,2.199984627773793,4.102372631145536,4.891369500054472,2.600437618779563,0.1135029794126528,1.0184984352315862,1.0184984352315862,1.0184984352315862,1,1,1,1
7,5,3,3,0.3124986586179706,0.6296040064055938,0.2739493047072093,0.12293965688160913,0.04852184200172798,0.775,1.0,0.55,0.325,0.1,0.0,0.5,0.0,0.5,0.0,0.5,1.0,0.5,0.0,0.5,0.5,1.0,0.5,0.0,0.5,0.49583845648995634,0.21047998347126531,0.2047802514430836,0.3777758275016875,0.26509589146463297,2.2669061511143114,3.2319190264324567,3.8372820015328424,3.3613510177956503,4.5271394594034415,0.8776522694219838,1.9946471801772079,1.9946471801772079,1.9946471801772079,1,1,1,1
8,5,3,3,0.21978493428747192,0.7180057183682462,0.2856074356492573,0.16523866417700234,0.06641760484799873,0.775,1.0,0.55,0.325,0.1,0.5,1.0,0.5,1.0,0.5,0.5,0.5,0.5,0.5,0.5,0.5,1.0,0.0,0.0,0.0,0.48682716348815513,0.30075363382186343,0.43197367657983754,0.2843092690944813,0.36078316037725006,3.8543945400147015,4.463740550503498,2.7279389595731995,3.7765499016138335,4.049400248440774,0.856271159793263,1.287296271211497,1.287296271211497,1.287296271211497,1,1,1,1
9,5,3,3,0.08405917590128903,0.7647487004537216,0.5834478867152606,0.3995918096425533,0.071559328157092,0.325,1.0,0.775,0.55,0.1,0.5,0.5,1.0,0.5,0.0,0.5,1.0,0.5,0.5,0.0,0.0,0.5,1.0,0.5,0.5,0.41042960327987343,0.41569869414308963,0.2790361689901118,0.2675200413892397,0.4047438261025106,3.105921780913517,4.7206499113158715,2.532965257965892,3.7628839060266284,4.316357721582536,0.4533278418855674,1.1263361824971407,1.1263361824971407,1.1263361824971407,1,1,1,1
10,5,3,3,0.23462391900206836,0.5771331204253736,0.21739221543668297,0.11194389544580466,0.0848246076954873,0.775,1.0,0.55,0.325,0.1,1.0,1.0,0.5,0.5,0.0,1.0,0.5,0.5,0.0,0.5,1.0,0.5,0.5,0.5,0.5,0.457484788640343,0.498478378019284,0.20635430291839613,0.2540693576545497,0.3293659277749716,4.377365794778659,2.5694415843388394,2.1002861856954502,2.5385416742935294,3.2105315350167114,0.8924485787906102,1.9110909454345568,1.9110909454345568,1.9110909454345568,1,1,1,1
11,5,3,3,0.30853672311247915,0.1932336915939823,0.8720398746209803,0.037613215575167974,0.48967604633581185,0.775,0.325,1.0,0.1,0.55,0.5,0.5,1.0,0.0,1.0,1.0,0.0,0.5,0.5,0.5,0.5,0.0,0.5,0.5,0.5,0.23164824111661012,0.34922165327689714,0.29841057146567285,0.3665557207377988,0.323682771881498,4.5507799587013595,4.8040124595984315,4.021409828627042,4.081569983103649,2.393436065849406,0.2941813148321575,1.945834602909411,1.945834602909411,1.945834602909411,1,1,1,1
12,5,3,3,0.4398970447498671,0.7746481071893355,0.441225091517357,0.21691669094813432,0.07463585084152173,0.775,1.0,0.55,0.325,0.1,1.0,1.0,0.0,0.0,0.5,0.0,0.5,0.5,1.0,0.0,1.0,0.5,0.5,0.5,0.5,0.30294336144838163,0.475708221891386,0.3308392721731204,0.4936425041364801,0.2975881112310451,2.6706080392889713,3.187776254118308,4.526365724319891,3.352900244443555,4.207008405998588,0.5621749058401091,1.0175788816937152,1.0175788816937152,1.0175788816937152,1,1,1,1
13,5,3,3,0.3907613543772046,0.42651203334173865,0.29349243734901603,0.13867599672158293,0.08747358118684612,1.0,0.775,0.55,0.325,0.1,1.0,0.0,0.5,0.0,0.5,1.0,0.5,1.0,0.5,0.5,0.5,1.0,1.0,0.5,0.0,0.4871336432271269,0.49948872819439527,0.47268010840205305,0.37215889160288523,0.24697620008089416,3.637840189033166,4.982598721652403,4.1228497044733174,4.144500095949077,4.119443240509565,0.7049890555943036,1.7532835165075227,1.7532835165075227,1.7532835165075227,1,1,1,1
14,5,3,3,0.3144974705152327,0.3275491159343231,0.5767326239551793,0.21234600479495866,0.05430016656912946,1.0,0.55,0.775,0.325,0.1,1.0,0.0,0.5,1.0,0.5,1.0,0.5,0.5,0.5,0.0,0.5,0.5,0.0,0.5,0.5,0.34428535700967833,0.2396315597297162,0.4190838946452471,0.2068375054433191,0.253742964008588,4.960159201354227,2.0278991233648602,2.060774769302501,3.341819445769567,3.529683191658328,0.7641463353990676,1.367130735761993,1.367130735761993,1.367130735761993,1,1,1,1
15,5,3,3,0.5006758818318726,0.5382877215896937,0.25897764833812,0.49064602953369174,0.07575781834987244,1.0,0.775,0.325,0.55,0.1,1.0,0.5,0.0,0.0,0.0,1.0,0.5,0.0,0.5,1.0,0.5,1.0,0.5,0.0,0.5,0.4820225208768731,0.45399797890839505,0.48981755768110463,0.3678774587632977,0.248515378434049,4.56295832036458,4.130623627341509,2.59695606079103,3.6034448288702525,4.261377988508034,0.7813073529604034,1.9971006380072658,1.9971006380072658,1.9971006380072658,1,1,1,1
16,5,3,3,0.4941577581444877,0.817233483859741,0.18543255417282462,0.457343541912821,0.07007067600332784,0.775,1.0,0.325,0.55,0.1,0.0,0.5,0.5,0.0,0.5,0.0,0.5,0.5,0.5,0.5,0.5,0.5,0.0,0.5,0.5,0.41767104255320964,0.4404299863615184,0.3150148723671291,0.2605977180973666,0.4698709304283431,2.620430316335972,2.9017251386496863,3.0877689789050304,3.053872335442755,2.849968639143948,0.6648283449341292,1.5345234990731798,1.5345234990731798,1.5345234990731798,1,1,1,1
17,5,3,3,0.4067518726273458,0.14560547997745993,0.5024060665702134,0.2403735692179685,0.08901908237670697,1.0,0.55,0.775,0.325,0.1,1.0,1.0,1.0,0.5,0.5,0.5,1.0,0.5,0.0,0.0,0.5,0.5,0.5,0.5,0.0,0.37033175679422753,0.33487009397858036,0.37105046415146736,0.44172997440051515,0.4882466195652794,2.3512569620428643,3.835487609474919,4.622642708432473,2.997324404751339,4.596239153123795,0.765780108910903,1.9407799240084138,1.9407799240084138,1.9407799240084138,1,1,1,1
18,5,3,3,0.6224680731428558,0.20689557948494042,0.6721769007097075,0.24538335804804892,0.07470445685066679,1.0,0.55,0.775,0.325,0.1,1.0,1.0,1.0,0.5,0.5,1.0,0.5,0.5,1.0,0.0,0.5,0.5,0.5,0.5,0.5,0.40617575118780297,0.34991239014424136,0.44529347802427416,0.32464181265937037,0.22962266861682704,4.931251439257652,3.741263617559195,4.443570843949123,4.2404685234271,4.030229401021529,0.9597963415227627,1.391986079383349,1.391986079383349,1.391986079383349,1,1,1,1
19,5,3,3,0.2592355415775287,0.155033776075563,0.5184490354686228,0.22160716929198435,0.07423786199603041,1.0,0.55,0.775,0.325,0.1,1.0,0.5,0.0,0.5,1.0,0.5,0.5,1.0,1.0,0.0,0.5,1.0,0.0,0.5,0.5,0.23651817199374836,0.47839027545878865,0.29636726828480525,0.38380556609170957,0.24349716253822165,2.5344912626348304,4.837493693178123,2.346870205178458,4.505027668120773,2.876492958309932,0.19601129497294278,1.0130606363607702,1.0130606363607702,1.0130606363607702,1,1,1,1
20,5,3,3,0.3280772554003044,0.6270765571260393,0.19419340608365632,0.19386511720676858,0.02990613863893908,0.775,1.0,0.55,0.325,0.1,0.5,1.0,0.5,1.0,0.0,0.5,1.0,0.5,0.0,0.0,1.0,0.5,0.5,0.5,0.0,0.281983634185503,0.49425184415801604,0.21043429825532842,0.3364330989463895,0.4957579935583731,3.5023952050730727,3.7911153166162235,3.0118858469165604,2.2428019329506377,4.201586388917065,0.47424893988681804,1.514852435513882,1.514852435513882,1.514852435513882,1,1,1,1
21,5,3,3,0.18053352828386365,0.09598715673641867,0.7902345973330166,0.5821002597069368,0.06801574708233833,0.55,0.325,1.0,0.775,0.1,0.5,0.5,0.5,0.0,0.0,0.5,0.0,0.5,1.0,0.5,0.0,0.0,0.5,1.0,0.0,0.2069037603386666,0.37620019858125187,0.3767003811523398,0.32959266424563505,0.3542507664705662,4.480669407378169,4.331768593463908,3.275819467342437,2.498377584755881,2.478352471874902,0.8021498849401737,1.600940133512902,1.600940133512902,1.600940133512902,1,1,1,1
22,5,3,3,0.2541272402898065,0.1656743118076106,0.5928786679808257,0.19706695258172638,0.06183014232708659,1.0,0.55,0.775,0.325,0.1,1.0,0.0,0.5,1.0,0.5,0.5,0.5,0.0,0.5,0.0,0.5,0.5,0.5,0.5,0.0,0.36728924151676956,0.46354188303892235,0.3992257596393718,0.2502995198296196,0.210878983510241,4.0369684036605715,2.1239450906810324,2.431874671184838,2.6453920486413796,2.544591041976404,0.29945913297404625,1.5348273113481845,1.5348273113481845,1.5348273113481845,1,1,1,1
23,5,3,3,0.46534975090083464,0.3565477525002808,0.2857838433522664,0.21260798506064896,0.050067170398028105,1.0,0.775,0.55,0.325,0.1,0.5,0.5,1.0,1.0,0.0,0.5,1.0,0.0,0.5,0.0,0.5,0.5,1.0,1.0,0.0,0.4591064996604726,0.2507561490110771,0.3163572456177438,0.3646685022862358,0.35103692444270707,3.0528663717567155,3.7585061602095156,4.2039202427199545,3.2627213841765035,3.963873871055666,0.827653700139221,1.5153877598236862,1.5153877598236862,1.5153877598236862,1,1,1,1
24,5,3,3,0.3821209950406286,0.4651386792087241,0.3124406233220561,0.18051118682284123,0.0820847925262942,1.0,0.775,0.55,0.325,0.1,0.5,1.0,1.0,0.0,0.0,0.5,0.0,0.5,0.5,0.5,1.0,1.0,0.5,0.5,0.5,0.29161746285244045,0.20357797914237724,0.42475675867367846,0.44810611043462756,0.33694825755642716,3.1269102580604047,3.2807194055384232,2.3623471332118884,4.2595513758428085,3.504206787922863,0.7910245860631364,1.3908027627413162,1.3908027627413162,1.3908027627413162,1,1,1,1
25,5,3,3,0.5514359393966111,0.43490948908834837,0.09875611844770929,0.4736789290970588,0.028459875628258302,1.0,0.775,0.325,0.55,0.1,0.5,0.0,1.0,0.0,0.5,1.0,0.0,0.5,0.5,0.0,1.0,0.0,0.5,0.5,0.0,0.28938958580172747,0.45894177745484616,0.3807149334988481,0.226608522901176,0.22635281561822854,2.5029511502934216,4.439510706345541,3.8048778195481923,2.152036803421157,2.519113690900753,0.24650799488398237,1.2721868838676187,1.2721868838676187,1.2721868838676187,1,1,1,1
26,5,3,3,0.38783668164147,0.26511431956509046,0.10940753321839813,0.6279810063003581,0.08759469495555584,1.0,0.55,0.325,0.775,0.1,0.5,0.5,0.5,0.5,0.0,0.5,0.0,0.5,0.0,0.5,0.5,1.0,0.5,1.0,1.0,0.2731564226205152,0.3707373115373735,0.333173843355242,0.24801735214233545,0.3841021486591472,3.6755243157704522,2.6178597034431514,4.170379238257883,4.403500359358302,3.6924620362412965,0.3805126418578729,1.2213276194608387,1.2213276194608387,1.2213276194608387,1,1,1,1
27,5,3,3,0.35803830169211603,0.13942101045980437,0.559531621364548,0.032364833350643746,0.2916132034876154,1.0,0.55,0.775,0.1,0.325,1.0,0.5,0.5,0.0,0.0,0.5,0.5,0.5,0.5,0.5,1.0,0.5,1.0,0.0,0.0,0.4978466209249025,0.30132092788816073,0.37179049532127817,0.39558246346830483,0.29323108331661835,3.424850597669928,3.5554204229622197,4.337646592225287,4.397565662883855,2.341181106064433,0.2582638299153466,1.0082496580106848,1.0082496580106848,1.0082496580106848,1,1,1,1
28,5,3,3,0.23966506527848408,0.7096740603832148,0.17448731887325575,0.45138133757001714,0.026484606949168044,0.775,1.0,0.325,0.55,0.1,1.0,0.5,0.0,1.0,0.5,0.0,0.5,0.5,0.5,0.0,0.5,1.0,0.0,0.5,0.0,0.3669905690569394,0.23759562679301513,0.3185563906069176,0.4358184673742306,0.3475040789084658,2.9590502215165206,2.601792253752398,2.2751490807934935,3.1683626650742536,2.2530043709018823,0.40171239696879824,1.7460481836707582,1.7460481836707582,1.7460481836707582,1,1,1,1
29,5,3,3,0.2703033383861533,0.5241766851539529,0.10825646105581038,0.8678327645969088,0.08471705204323707,0.55,0.775,0.325,1.0,0.1,0.5,0.5,0.5,1.0,0.5,0.5,0.5,1.0,1.0,0.0,0.5,1.0,1.0,1.0,0.0,0.3459877627303156,0.43483490822650406,0.30113064336084877,0.32321344020975035,0.23639868259677063,3.1669741044067856,4.828687137168223,4.4928965489063355,2.93828214768037,3.134531077069352,0.18209258623826285,1.2556561171464753,1.2556561171464753,1.2556561171464753,1,1,1,1
30,5,3,3,0.23178117047629931,0.2715846657140881,0.1565668920925362,0.8481755535840493,0.057092295469575484,0.775,0.55,0.325,1.0,0.1,1.0,0.5,0.0,1.0,0.5,0.5,0.5,0.0,1.0,0.5,1.0,0.0,1.0,0.5,0.0,0.43732841314669874,0.2585692688204534,0.36641618762065026,0.44552817008775447,0.2061747194195423,2.2802295395823053,3.3852735891686803,3.059210437275484,3.5638251178400773,3.007342543591281,0.820690988400365,1.7829533709982763,1.7829533709982763,1.7829533709982763,1,1,1,1
31,5,3,3,0.2715963347728917,0.8271967234808988,0.6210239234105389,0.1841176523696411,0.04071203777931126,0.55,1.0,0.775,0.325,0.1,0.0,1.0,0.0,0.0,0.5,0.5,1.0,0.0,0.5,0.0,0.5,0.5,1.0,0.5,0.5,0.2610690711006484,0.20826589913107352,0.4716449342092189,0.39629807721209354,0.2777920178064013,4.361296082914902,2.6149573623860016,3.380655378835275,4.083540526524745,4.167357527466226,0.891989789928011,1.3581307225143338,1.3581307225143338,1.3581307225143338,1,1,1,1
32,5,3,3,0.27735349643577967,0.1830843739468314,0.48783684788955745,0.26266663342661867,0.07985525915805826,1.0,0.55,0.775,0.325,0.1,1.0,0.5,0.5,0.5,0.5,1.0,0.5,0.5,0.5,0.0,1.0,1.0,0.5,0.5,0.0,0.26115313926038475,0.3709611514578368,0.31805089005768733,0.42821284023679085,0.3627497608522527,2.609760628708936,3.1692033470330947,3.885603723015858,4.689165589629505,4.168777428843391,0.7263405350973808,1.9024969426800737,1.9024969426800737,1.9024969426800737,1,1,1,1
33,5,3,3,0.3218701143664107,0.40107150440649847,0.8824754643612635,0.21669813771511864,0.06796703945584308,0.775,0.55,1.0,0.325,0.1,0.5,1.0,1.0,0.5,0.5,1.0,0.5,0.5,0.0,0.0,1.0,0.0,1.0,0.0,0.0,0.20737805561850342,0.46862883029611274,0.4304048817205872,0.2321286400415626,0.3004295513556515,4.889807081972995,2.113069068114391,4.451141069647749,4.91114588375069,2.4713342025926677,0.41722756783730897,1.5070394981752773,1.5070394981752773,1.5070394981752773,1,1,1,1
34,5,3,3,0.34326389362025533,0.7085768760236593,0.14231495554330753,0.4036729985150526,0.05602264187385134,0.775,1.0,0.325,0.55,0.1,0.5,0.5,0.5,0.0,0.0,0.5,1.0,0.5,0.5,0.0,0.5,1.0,0.0,0.0,0.0,0.45227576306171724,0.39941814244566054,0.4589456623317396,0.30156382050702774,0.39509992594125126,2.2314768931297806,3.0767141822031414,3.2035480621684678,3.34183742447637,2.065805954687094,0.9268897091685939,1.2827193839622026,1.2827193839622026,1.2827193839622026,1,1,1,1
35,5,3,3,0.4211857083099856,0.28180881790576584,0.42317178572770087,0.2533656320325462,0.04158124169485796,1.0,0.775,0.55,0.325,0.1,1.0,1.0,0.5,1.0,1.0,0.5,0.0,0.0,0.5,0.5,0.5,1.0,0.5,0.5,1.0,0.45859396160507954,0.3117114692845051,0.28088142401395927,0.46263367000095174,0.24767736717380162,3.446314434169807,2.73168386184354,2.2617050105392336,3.8494909397332275,2.719512988430804,0.4523557271369968,1.4089537285654807,1.4089537285654807,1.4089537285654807,1,1,1,1
36,5,3,3,0.3902004147508195,0.8451888900436042,0.6352212476637953,0.2272959238714072,0.04121423320107265,0.55,1.0,0.775,0.325,0.1,0.5,0.5,1.0,1.0,0.0,1.0,0.5,0.0,0.5,0.0,0.0,0.5,1.0,0.5,0.0,0.3818438012246904,0.3333360227819993,0.2074780282754486,0.4109442797484863,0.42305827018872555,4.909692231656755,3.9535815744605833,4.632718386679598,3.599780318485786,4.9430410307532915,0.6342260928444832,1.9639764277440073,1.9639764277440073,1.9639764277440073,1,1,1,1
37,5,3,3,0.25718836949301416,0.19460190943162403,0.5972777512558786,0.1695416061436029,0.04449151992431923,1.0,0.55,0.775,0.325,0.1,1.0,1.0,1.0,0.5,0.0,0.5,0.5,1.0,0.5,0.0,1.0,1.0,0.5,0.0,0.5,0.39037491004591024,0.3470341424805452,0.4539458020220565,0.22100243880554615,0.3344441208517745,3.0121427474769855,2.2478824269938253,2.337220673589573,4.119003209592596,2.611283557510056,0.579993654112551,1.4673887999908306,1.4673887999908306,1.4673887999908306,1,1,1,1
38,5,3,3,0.2606888144607604,0.39934922955349117,0.8854197233193635,0.2615277386292513,0.044975868572415034,0.775,0.55,1.0,0.325,0.1,1.0,0.0,0.5,0.0,0.5,0.5,0.5,1.0,1.0,0.5,1.0,0.0,1.0,0.5,0.0,0.23175821927013673,0.3740110202304054,0.27134096022403703,0.31008040635337436,0.44756559688985936,3.677637940591128,2.554532753843411,4.284825011291767,2.4123722978824995,2.2433975347994597,0.198853531149512,1.0172555185063583,1.0172555185063583,1.0172555185063583,1,1,1,1
39,5,3,3,0.3440765150511993,0.20211614434825398,0.5734412817600062,0.21354586041508092,0.08513958610856591,1.0,0.55,0.775,0.325,0.1,0.5,1.0,0.0,0.5,0.5,1.0,0.5,0.0,0.5,0.0,1.0,0.0,1.0,0.0,0.0,0.32894123875146547,0.4431988575013977,0.41130350522547565,0.2510066817423291,0.4868449823315763,4.91683021224545,4.279537283516385,3.3849201585387974,4.910566402767123,3.943335078263708,0.42603856726338485,1.3308985238429707,1.3308985238429707,1.3308985238429707,1,1,1,1
40,5,3,3,0.482777311567831,0.40636296718585796,0.11064908475229701,0.39119195863327816,0.07725065843908135,1.0,0.775,0.325,0.55,0.1,1.0,1.0,0.5,0.5,0.5,1.0,0.5,0.0,0.0,0.0,1.0,0.5,0.5,0.5,0.5,0.3285422908060437,0.34446315630416924,0.20766693339695194,0.3734816538619487,0.4330848611316194,3.0648197401603765,2.656595581942015,2.03042800340581,4.086903312209026,3.9105363136797737,0.12460235985507455,1.8866169117339138,1.8866169117339138,1.8866169117339138,1,1,1,1
41,5,3,3,0.25847613710839346,0.6091033663075154,0.17302986527009173,0.2413806458502838,0.0547263596896181,0.775,1.0,0.55,0.325,0.1,0.0,1.0,0.0,0.5,0.5,0.5,1.0,0.5,0.0,0.5,0.5,0.5,1.0,0.5,1.0,0.2012211178947861,0.45727544800355074,0.38344948619106173,0.24228309024270644,0.48069544837444045,2.232708746277932,2.363820975743849,4.008365544544132,4.900111812014319,4.367887000322537,0.22704448906379973,1.1778204907246415,1.1778204907246415,1.1778204907246415,1,1,1,1
42,5,3,3,0.5211137028688853,0.3286921232261586,0.20934854787835125,0.6745622949232043,0.0702093117597704,1.0,0.55,0.325,0.775,0.1,0.5,1.0,1.0,0.5,0.5,0.5,0.5,0.5,0.0,0.0,1.0,0.0,0.5,1.0,0.5,0.4840676896452539,0.27004595808560905,0.41786417323950037,0.4268891128823713,0.33977267943458334,2.65614762235001,3.0109233879208115,2.7125660330147436,4.297332400035047,3.820451076551752,0.3760663123784157,1.3007508056382058,1.3007508056382058,1.3007508056382058,1,1,1,1
43,5,3,3,0.3548167386700347,0.3154289449153914,0.6609103830889987,0.21131515461333766,0.06575351892582264,1.0,0.55,0.775,0.325,0.1,1.0,1.0,1.0,1.0,0.5,0.5,0.0,0.5,0.0,0.0,0.5,0.5,0.5,0.5,0.0,0.49875898094084936,0.2541485699042065,0.42913057799586996,0.2030598781089194,0.3333881756666064,3.999206170761553,4.159822245128922,4.2376431406805555,2.679086711605687,3.182593655333762,0.9939586757940367,1.4314042652418224,1.4314042652418224,1.4314042652418224,1,1,1,1
44,5,3,3,0.4314386630538689,0.15042720419631705,0.47369337638240044,0.23933943932756846,0.05414757685355942,1.0,0.55,0.775,0.325,0.1,0.5,0.0,0.5,0.5,0.5,1.0,0.5,0.5,0.5,0.5,1.0,0.0,0.5,0.5,0.0,0.4282301533160089,0.2663845807739585,0.24475939017842824,0.2724491372027131,0.36104027381047066,2.221801092633937,3.5728252291871754,2.997103599724822,4.352735347058493,2.904951535606993,0.25388663805450407,1.5487523986582525,1.5487523986582525,1.5487523986582525,1,1,1,1
45,5,3,3,0.4437542720780374,0.3198879455140557,0.19673035993286,0.6680616920282989,0.045263446671397506,1.0,0.55,0.325,0.775,0.1,0.5,0.0,0.0,1.0,0.0,1.0,0.5,0.5,0.5,0.5,0.5,0.0,0.0,0.0,0.5,0.4104858227359981,0.30394585167427823,0.4765546048166562,0.21828603893782217,0.34536829199027813,4.269554290538219,2.6944147343066556,2.9395770559988783,3.5637445620495973,2.6975947770337285,0.6925588073958348,1.6978082494547837,1.6978082494547837,1.6978082494547837,1,1,1,1
46,5,3,3,0.55101559177417,0.3783090965509187,0.17493871714360654,0.21745311689104196,0.08532923949629977,1.0,0.775,0.55,0.325,0.1,1.0,0.5,0.5,0.0,0.5,1.0,0.5,0.5,1.0,0.0,1.0,0.5,0.0,0.0,0.0,0.49621350559455674,0.44402229010967587,0.3700785302741051,0.37687925552591606,0.47331502900633726,2.4974382045677883,4.626742383130715,3.2131319357563815,2.665341660348367,3.8684320515370016,0.9778520408101994,1.150985853272622,1.150985853272622,1.150985853272622,1,1,1,1
47,5,3,3,0.5661781481698054,0.5167054606499608,0.44083892112255807,0.02952518002963289,0.2643849872031214,1.0,0.775,0.55,0.1,0.325,0.5,0.5,1.0,0.5,0.5,1.0,0.5,0.5,0.5,0.5,1.0,1.0,0.5,0.0,0.5,0.41894864075555077,0.3158216022718539,0.379042058905333,0.3218884205508729,0.36625326866988933,2.20204827134025,2.332881883017512,3.7879554903303645,3.668520965244137,2.7249356277000167,0.4640821233766843,1.4529241343277948,1.4529241343277948,1.4529241343277948,1,1,1,1
48,5,3,3,0.6116439343010349,0.28103946357056103,0.1084264035237566,0.6557097702539718,0.06795610505149642,1.0,0.55,0.325,0.775,0.1,0.5,0.5,1.0,0.5,0.0,0.5,1.0,0.0,1.0,0.0,0.5,0.0,0.5,0.5,0.0,0.45860440518389456,0.4520954723299072,0.44567355187217356,0.331246684085821,0.3612571116637586,3.448552444734687,4.149266632046688,4.190987867842886,4.181919724127241,2.3312058577928836,0.9672372839941301,1.4888931534474823,1.4888931534474823,1.4888931534474823,1,1,1,1
49,5,3,3,0.45975131470678665,0.28772024878046737,0.7801182672025878,0.17688525715606837,0.07288143964370368,0.775,0.55,1.0,0.325,0.1,0.5,0.0,0.5,0.0,0.5,1.0,0.0,0.5,1.0,0.5,0.5,0.0,0.5,0.5,0.5,0.3008338650866757,0.2626778548365632,0.33671102120789964,0.37733525302087556,0.4293493475067665,4.907137232914801,2.2657622034482694,3.516505691924203,3.981701371571048,3.055453177082246,0.3843555320825417,1.8114140147518043,1.8114140147518043,1.8114140147518043,1,1,1,1
50,5,3,3,0.4061232780257177,0.8662219888995115,0.22447509448181735,0.02992703591003798,0.48578783893191535,0.775,1.0,0.325,0.1,0.55,1.0,1.0,0.5,0.5,0.5,0.5,0.5,0.5,0.0,0.0,0.5,0.5,0.0,0.0,1.0,0.4464645836554374,0.430802099657953,0.26853359467168125,0.4419265102498907,0.38765282628839104,4.550500788291923,4.437553586270646,3.8454678276217726,2.622307427004759,2.847491856848302,0.9619320221592332,1.2970621221978518,1.2970621221978518,1.2970621221978518,1,1,1,1
51,5,3,3,0.4212548630654529,0.3088041797330178,0.18500670723781812,0.4145028422332575,0.07530363205573001,1.0,0.775,0.325,0.55,0.1,0.5,1.0,1.0,1.0,0.5,0.5,0.5,0.5,0.0,0.0,0.5,0.5,0.0,0.5,0.0,0.3173911756736047,0.24557952409292266,0.33880680815636377,0.2503120011306736,0.362445364734828,4.518250683424268,3.3365543066432544,4.940507048210187,3.428394143588553,3.100339684943671,0.24793959391495407,1.7451041576034618,1.7451041576034618,1.7451041576034618,1,1,1,1
52,5,3,3,0.3939818605978761,0.6615834347524916,0.2870113808705028,0.22715117309681257,0.030022668724780863,0.775,1.0,0.55,0.325,0.1,0.5,1.0,0.5,1.0,0.0,1.0,1.0,0.5,0.0,0.0,1.0,1.0,0.0,0.5,0.5,0.27023147640612816,0.2528598918269823,0.23679557537041906,0.2754372943485228,0.31077109087837934,3.2482288430707102,2.9109274887586176,3.8490070213084326,2.1753594073725644,4.228162037184389,0.5841030884951054,1.7651708188148278,1.7651708188148278,1.7651708188148278,1,1,1,1
53,5,3,3,0.41595199345544004,0.7114031625160615,0.2665168221290198,0.15754882438799828,0.05830305989260376,0.775,1.0,0.55,0.325,0.1,0.0,0.5,0.5,0.0,0.0,0.5,0.5,1.0,0.5,0.0,1.0,0.5,0.5,0.0,0.0,0.3405796572615133,0.2637847339471522,0.3563540266114804,0.25924733144316736,0.42809787631065677,4.818298819091855,4.898174810039924,2.592956566170318,3.3743986998479727,4.784131102746278,0.723062095497375,1.8204233528568246,1.8204233528568246,1.8204233528568246,1,1,1,1
54,5,3,3,0.5205371959865237,0.31628491428956657,0.23699536991256806,0.4940700821358315,0.057975041936618225,1.0,0.775,0.325,0.55,0.1,0.5,0.5,0.5,0.5,0.5,0.5,1.0,0.0,0.5,1.0,1.0,0.5,0.5,1.0,0.0,0.2295441849712556,0.30197227481520206,0.47707102854368416,0.4793437327609573,0.48419613385041715,2.971432348198265,2.477446580569314,4.043174961424512,2.567911459065213,4.059385540304131,0.9169104786261425,1.0630236610573347,1.0630236610573347,1.0630236610573347,1,1,1,1
55,5,3,3,0.36266896526392567,0.5911006138058748,0.2676301698370978,0.24534796235335418,0.030140659847673612,0.775,1.0,0.55,0.325,0.1,0.5,1.0,0.0,0.5,0.0,0.5,0.5,0.5,0.5,0.5,0.5,0.5,1.0,1.0,0.5,0.25316360315892616,0.3306015512440875,0.3935958192434063,0.451357606695986,0.3583519368834037,2.840500993385281,3.053652021014987,2.5186437337316843,3.517485222179034,4.631197327350819,0.22505278957154726,1.63329350101362,1.63329350101362,1.63329350101362,1,1,1,1
56,5,3,3,0.3795947858935611,0.5351275762171201,0.1252996256307662,0.4331010634931102,0.03379480889316541,1.0,0.775,0.325,0.55,0.1,0.5,0.5,0.5,0.5,0.0,1.0,1.0,1.0,0.5,0.0,0.5,1.0,0.5,1.0,0.0,0.2555164219843429,0.3513322832577449,0.24973770639644785,0.3666870463994234,0.36935075929325534,4.70444555019967,3.7356400851815805,3.8419039252758576,4.370258637627341,2.374542953403038,0.2946832915036376,1.0039378806059998,1.0039378806059998,1.0039378806059998,1,1,1,1
57,5,3,3,0.14592006139094804,0.6907213209781624,0.536162310592786,0.12028658097814682,0.07475427716229154,0.55,1.0,0.775,0.325,0.1,0.5,1.0,1.0,0.0,0.5,1.0,0.5,0.5,0.0,0.5,1.0,1.0,0.5,1.0,0.5,0.44204305262190335,0.3468450753106326,0.3230394861860947,0.3242980883582174,0.21483119057460784,4.131273449501072,4.824660018433563,3.164198326440686,3.9534652445068046,4.324378568188001,0.7359583574002956,1.1716551847559626,1.1716551847559626,1.1716551847559626,1,1,1,1
58,5,3,3,0.32126887690935385,0.6099726409636861,0.09290447556175005,0.37986937842037694,0.030159558978561166,0.775,1.0,0.325,0.55,0.1,0.0,0.5,0.5,0.5,0.5,0.5,1.0,0.5,1.0,0.5,1.0,0.5,0.5,0.0,0.5,0.34041227140893043,0.20800975837338617,0.2583979330776232,0.43033654107588315,0.30937311157307884,4.785029165584579,3.8681707214955594,4.661185229963925,4.780630244934956,4.59417818597828,0.7581603428695487,1.7116410791148016,1.7116410791148016,1.7116410791148016,1,1,1,1
59,5,3,3,0.321203795401814,0.25327039994100675,0.302891209325703,0.2225583825124424,0.08194308689800732,1.0,0.775,0.55,0.325,0.1,0.5,0.0,0.0,0.0,0.5,1.0,1.0,1.0,0.0,0.0,1.0,0.5,0.0,1.0,0.5,0.21044618808824125,0.426330298172845,0.2994098550809801,0.4937632559001524,0.34565431848580863,2.2362586738691177,2.3544655108115777,3.662059910931104,3.3104932453022906,2.485165581605526,0.3361285296204002,1.2103914737141872,1.2103914737141872,1.2103914737141872,1,1,1,1
60,5,3,3,0.5006802596999677,0.5479315107916692,0.2517928747492215,0.48858696599680157,0.04939790480917048,1.0,0.775,0.325,0.55,0.1,0.5,0.5,0.5,0.5,0.5,0.5,0.5,0.0,0.5,0.0,1.0,0.5,0.5,0.5,0.0,0.23146911318980468,0.3803674987091602,0.2812470536515848,0.3002483155240422,0.22052951599015194,3.31523348644693,2.314592566519061,2.7063212079101935,4.111086664134276,2.5041049844975807,0.4612785427102887,1.1974956714916893,1.1974956714916893,1.1974956714916893,1,1,1,1
61,5,3,3,0.3331253194151519,0.30007759378174204,0.16077826955939814,0.3931316064327135,0.07692686419775971,1.0,0.775,0.325,0.55,0.1,0.5,0.5,0.5,0.5,0.0,0.5,0.5,0.5,0.5,0.0,1.0,1.0,1.0,0.0,0.0,0.46225815280096855,0.4026102455407514,0.2634543450521686,0.4793273641540117,0.3152307328315501,2.584622024633235,4.403145943277556,4.085002353863823,2.757844916079459,3.017195253306944,0.39582785149968813,1.1150572874856342,1.1150572874856342,1.1150572874856342,1,1,1,1
62,5,3,3,0.236755443138016,0.2730099345753608,0.8998003618305384,0.24033763933642052,0.07960435849480249,0.775,0.55,1.0,0.325,0.1,0.5,0.5,0.5,0.0,0.0,0.0,1.0,1.0,0.5,0.0,1.0,0.5,1.0,0.5,0.5,0.408417311272656,0.30290520880111027,0.398022515720708,0.26908347141284367,0.36475500630753566,2.46949567950599,2.4630766314700105,4.5105159962466335,4.8423620914434915,2.203962305794734,0.8549136251472815,1.3697360117648791,1.3697360117648791,1.3697360117648791,1,1,1,1
63,5,3,3,0.4901175163371001,0.27902876438134727,0.5191383661458363,0.18528134324111586,0.03594586604690181,1.0,0.55,0.775,0.325,0.1,0.5,0.0,0.5,0.5,0.5,1.0,0.5,1.0,0.0,0.0,0.5,1.0,0.5,1.0,0.5,0.3812135420945628,0.4524247891094658,0.40338478530366706,0.3867228332807484,0.48763748176976673,4.248865414852114,2.605318676319217,4.325897102592471,4.908892406880524,3.676144048513376,0.2853888110815795,1.8153437602278417,1.8153437602278417,1.8153437602278417,1,1,1,1
64,5,3,3,0.27832730236521075,0.7820915404783104,0.18369441599869007,0.45389037771904395,0.025024986438469038,0.775,1.0,0.325,0.55,0.1,1.0,0.5,1.0,1.0,0.0,0.5,1.0,0.5,0.5,0.5,1.0,0.5,0.5,0.5,0.0,0.30660536905434643,0.402231395437333,0.2987181187313446,0.21749985183337373,0.4047981872355618,4.663851154671912,2.409519209313266,3.081023624386512,2.4467457132430077,3.422866038727709,0.8772925643358299,1.2250462327604787,1.2250462327604787,1.2250462327604787,1,1,1,1
65,5,3,3,0.6330374916602177,0.5091816083057519,0.12227949708552904,0.4385022145969355,0.03350158292967864,1.0,0.775,0.325,0.55,0.1,1.0,0.5,0.5,0.0,0.5,1.0,1.0,0.5,0.5,0.0,0.5,1.0,0.5,0.5,0.5,0.41693985273760237,0.2169307236421044,0.2696184947977389,0.43515682483540863,0.3573464310041681,2.258368716928014,3.5906962655337593,4.109818278135407,2.7596248841679416,2.1419602700057654,0.7062340605333859,1.2423084082258973,1.2423084082258973,1.2423084082258973,1,1,1,1
66,5,3,3,0.2718866081841419,0.59807076485208,0.8366593612718979,0.26765022446414666,0.06648120331994788,0.55,0.775,1.0,0.325,0.1,0.0,1.0,1.0,0.5,0.0,1.0,1.0,1.0,0.5,0.5,1.0,1.0,1.0,0.5,0.0,0.25128324388612405,0.25092192917634093,0.35241474949867047,0.3161449646298681,0.2090377779589465,2.5999023043910294,3.5574938158053633,4.843046608448859,4.532571313678879,4.609738779147956,0.5056860767226855,1.6789764948818515,1.6789764948818515,1.6789764948818515,1,1,1,1
67,5,3,3,0.296682704429748,0.5834896905779022,0.13551036773323713,0.3690438537358491,0.02702525700859859,1.0,0.775,0.325,0.55,0.1,0.5,1.0,0.5,0.5,0.5,0.5,0.5,0.5,0.0,0.0,0.5,0.5,1.0,0.5,1.0,0.494231325333356,0.29102075858156023,0.2959369070292607,0.3100263959664974,0.3141018655745161,3.388346861736613,2.179199971470721,3.293120156739346,2.9702219745074636,3.6871094319770346,0.47532292823580713,1.2551010507327227,1.2551010507327227,1.2551010507327227,1,1,1,1
68,5,3,3,0.7250188190437543,0.09426859890370717,0.5902669215979744,0.4559622707556415,0.05023459133275741,1.0,0.325,0.775,0.55,0.1,0.5,0.0,1.0,0.5,1.0,0.5,0.5,1.0,1.0,0.5,1.0,0.5,1.0,0.5,0.0,0.4575515942853312,0.3413972789968225,0.4936255940496128,0.4668273705959176,0.49635531247341697,4.9904740178845,4.652935798062639,4.798100975429439,4.265844256397674,4.710451982926239,0.4278680183784769,1.631985270182163,1.631985270182163,1.631985270182163,1,1,1,1
69,5,3,3,0.7194492305263549,0.10964275068851159,0.33709569731939093,0.6693427891229572,0.0701386126143692,1.0,0.325,0.55,0.775,0.1,0.5,0.5,0.5,0.0,0.5,1.0,0.0,0.5,0.0,0.5,0.5,0.0,0.0,0.5,0.0,0.2747454108074652,0.2987515340160174,0.37470613252292284,0.2906698851457202,0.2997402549379709,2.9944479733233442,3.269715495941422,3.536699423438852,3.5710317509313763,3.4296078644255177,0.5397690246897839,1.4225186313127396,1.4225186313127396,1.4225186313127396,1,1,1,1
70,5,3,3,0.7271146033663961,0.4002001749062188,0.19602212223290638,0.6515522454976038,0.03908281561891918,1.0,0.55,0.325,0.775,0.1,0.5,0.5,0.5,1.0,0.5,1.0,0.5,1.0,0.0,1.0,0.5,0.5,0.5,0.5,0.5,0.3771686166239816,0.4292834763781275,0.3895829648095522,0.45163840484185996,0.4960953744204997,2.9908157397724686,4.712161562076392,3.9083391294875893,2.9955157965136046,2.285193435723018,0.6995683718361151,1.637360321303222,1.637360321303222,1.637360321303222,1,1,1,1
71,5,3,3,0.3379582586672425,0.2387338951240714,0.5691066268149829,0.22695662174684508,0.06300371054785599,1.0,0.55,0.775,0.325,0.1,0.5,0.0,0.5,1.0,0.0,0.5,1.0,1.0,0.5,0.5,1.0,0.0,1.0,0.0,0.5,0.488373713632367,0.4827551055532233,0.4509575132359211,0.2206057060403765,0.2398400248128852,4.497883852351155,4.003321960641955,2.362535750821899,3.646478348660172,3.5935560870556404,0.18723519650181178,1.89379838508012,1.89379838508012,1.89379838508012,1,1,1,1
72,5,3,3,0.26497664973469115,0.7402700983712325,0.30093383199657125,0.22107237476239555,0.05914773662477361,0.775,1.0,0.55,0.325,0.1,0.0,0.5,0.5,0.0,0.0,0.5,0.5,0.0,0.5,0.5,1.0,1.0,0.5,0.5,0.0,0.3821325637651851,0.42853521092351615,0.423819350442881,0.40358463621333585,0.2878869743373779,4.94705849298318,4.942687196292256,4.20203392200743,4.687669530006017,3.4930339886715895,0.5237913795595289,1.4046760277600079,1.4046760277600079,1.4046760277600079,1,1,1,1
73,5,3,3,0.358721998598063,0.46995705788153896,0.34209374838948386,0.25649124415975844,0.050769740109015554,1.0,0.775,0.55,0.325,0.1,0.5,0.5,0.5,0.5,0.5,0.5,0.5,0.0,0.0,0.5,1.0,0.0,1.0,0.5,0.5,0.2994394131474484,0.272264900390868,0.20776132169146996,0.34896173722797535,0.3662448899463874,4.822763059274838,4.0289789643253595,4.2841946042230665,3.4130425612070683,4.672709799046576,0.7404415546058861,1.0538367553064827,1.0538367553064827,1.0538367553064827,1,1,1,1
74,5,3,3,0.2481851177036597,0.8663977139180803,0.030156161920641175,0.4861448476029079,0.2778524627933033,0.775,1.0,0.1,0.55,0.325,1.0,0.5,0.0,0.5,0.0,0.5,1.0,0.5,1.0,0.5,0.5,1.0,0.5,0.5,1.0,0.40424805252891394,0.45263091210893563,0.35411194687048986,0.47143960443783967,0.2618082114771101,3.243436549341455,4.745499788848895,4.171550326799174,4.037499168736167,2.904690040077674,0.7344512449126555,1.906156008878329,1.906156008878329,1.906156008878329,1,1,1,1
75,5,3,3,0.08991067671988454,0.5519139141801135,0.8121512201660778,0.3798194294962407,0.04739234568921311,0.325,0.775,1.0,0.55,0.1,0.0,0.5,0.5,1.0,0.0,1.0,1.0,1.0,0.0,0.0,0.5,0.0,1.0,0.5,0.0,0.2290014327991714,0.4788077067225137,0.48072404155272463,0.27550882300622426,0.3893354910586263,3.3867763661489865,2.1653704825712667,2.7306158774031544,2.926551838455415,4.225556479862306,0.5418602577429998,1.5781720509396333,1.5781720509396333,1.5781720509396333,1,1,1,1
76,5,3,3,0.28393911099465324,0.12560805773416492,0.8066279429910875,0.6093105440003145,0.07590456617213377,0.55,0.325,1.0,0.775,0.1,1.0,1.0,1.0,0.5,0.0,0.5,0.5,0.5,0.5,0.0,0.5,1.0,1.0,1.0,0.0,0.23416573544110666,0.29997193714594306,0.2678669487841465,0.3185894457990549,0.4582092032676077,4.780971889749194,2.7271502999413784,2.4131611552500107,3.646612722522189,2.2245746281480794,0.3618088935232191,1.9423653719349911,1.9423653719349911,1.9423653719349911,1,1,1,1
77,5,3,3,0.7205721477702429,0.43638684084733326,0.22464884748878788,0.6908584372823688,0.07431628117437783,1.0,0.55,0.325,0.775,0.1,1.0,0.5,0.5,1.0,0.5,1.0,1.0,0.5,1.0,0.5,0.5,0.5,0.0,0.0,0.0,0.4776502847298145,0.21704892520477567,0.43998081946357226,0.22366119275765126,0.35041465155106466,2.4183942515751333,3.859348032709141,2.7617403727852157,3.5281561271922373,2.2954458954531862,0.5199014384806568,1.9382799558315353,1.9382799558315353,1.9382799558315353,1,1,1,1
78,5,3,3,0.2354910986363633,0.15533610358477956,0.11503101024511375,0.8204652098362121,0.06172201876047217,0.775,0.55,0.325,1.0,0.1,1.0,0.5,0.0,1.0,0.0,1.0,1.0,0.5,0.5,0.0,0.0,1.0,0.5,1.0,0.0,0.4922894511819463,0.3248939176469102,0.3476492005517285,0.2798388305366801,0.26352737948822585,4.853285653514248,4.232516134270724,3.4177055226148068,2.3826288370846704,3.1781470909223777,0.2700361882968132,1.3923996555486426,1.3923996555486426,1.3923996555486426,1,1,1,1
79,5,3,3,0.2156713473498404,0.5961788474982758,0.21938067392815847,0.14765372510911026,0.06541075272869672,0.775,1.0,0.55,0.325,0.1,1.0,1.0,1.0,0.5,1.0,0.5,1.0,0.5,0.0,0.5,0.5,0.5,0.5,0.5,0.5,0.22319558531097713,0.4360021228607136,0.2833992431189225,0.24167541471410292,0.39689515830112154,2.0761630464936056,3.6490241551536577,4.799395324865118,3.867271479421608,3.72272043463812,0.3475891988907923,1.1853912197654997,1.1853912197654997,1.1853912197654997,1,1,1,1
80,5,3,3,0.4052995948969461,0.28215903468828746,0.13259759400846183,0.8603339232804323,0.04403714957575412,0.775,0.55,0.325,1.0,0.1,0.5,1.0,0.5,1.0,0.0,1.0,0.5,0.5,1.0,1.0,0.5,0.5,0.5,1.0,0.5,0.20272840985563928,0.34332665843338184,0.22644927143549953,0.24982332474165547,0.40827912471483396,4.629532283635913,4.461073729076476,4.314780526586892,2.256086045591841,3.6807747927448826,0.5642472563226438,1.1309156210545492,1.1309156210545492,1.1309156210545492,1,1,1,1
81,5,3,3,0.3771192667286971,0.33272737045564316,0.31402766846737423,0.2812583664222222,0.06420416289198616,1.0,0.775,0.55,0.325,0.1,1.0,0.0,0.5,0.0,0.5,0.5,0.5,0.5,0.5,0.5,1.0,1.0,0.5,0.0,0.5,0.3145849179711907,0.44896448034494696,0.43244511672510066,0.21280181540909887,0.37198644331978997,2.6376291839607915,3.374247453927306,4.161000422187529,4.214078689133099,4.681122959972018,0.8202126814781524,1.9787152771895697,1.9787152771895697,1.9787152771895697,1,1,1,1
82,5,3,3,0.36261203904185957,0.6137215653949257,0.310620148210465,0.1661048597007384,0.053577144468642826,0.775,1.0,0.55,0.325,0.1,1.0,1.0,0.5,0.0,0.5,1.0,1.0,0.5,1.0,0.5,0.5,0.5,0.5,0.5,0.5,0.2336068256383202,0.4610451444661484,0.4328806669544891,0.2062817027470302,0.358727319020098,2.176834411263446,4.449132611211994,2.2031862683176167,2.347152643204275,2.9332260428951793,0.7017693001901798,1.8714287920951143,1.8714287920951143,1.8714287920951143,1,1,1,1
83,5,3,3,0.34316904029910233,0.372370548160046,0.8539188691850732,0.2206331279727899,0.06378816784980848,0.775,0.55,1.0,0.325,0.1,0.5,0.0,1.0,0.5,0.0,1.0,1.0,1.0,0.5,0.0,1.0,1.0,1.0,0.5,0.5,0.4029334302363432,0.3780805899914519,0.2446904308779025,0.26078287766762454,0.4521425970108895,3.560036802471853,2.700279210711271,2.8207900615842814,4.768917412954495,4.4193369913442275,0.8733634154661299,1.6536683318746745,1.6536683318746745,1.6536683318746745,1,1,1,1
84,5,3,3,0.10787007716540237,0.5937777622566255,0.8882755849374309,0.46231414970491086,0.07510490828386253,0.325,0.775,1.0,0.55,0.1,1.0,0.5,0.5,0.5,0.5,0.0,0.5,1.0,0.5,0.0,0.5,1.0,0.5,0.5,1.0,0.35015568211633546,0.32025701605176715,0.21663187030363956,0.3274019368311816,0.48622841678795603,4.388735832863986,2.0123919299976785,2.9272134206214235,3.713769281686007,3.270518941771271,0.21473319496980076,1.0518003283427388,1.0518003283427388,1.0518003283427388,1,1,1,1
85,5,3,3,0.4924608397864161,0.36022998528156264,0.19047806738617157,0.18260326013489112,0.05604717299084179,1.0,0.775,0.55,0.325,0.1,1.0,1.0,0.5,0.5,0.5,0.5,1.0,0.5,0.5,0.5,0.5,1.0,0.0,1.0,0.5,0.38935461759002815,0.4825738756053352,0.27424094765818197,0.4933952387138634,0.49297400224808896,3.2650917749535218,3.76668920628944,2.9594161555622156,3.502974862428316,2.718824417732211,0.39327578742790825,1.982470874875813,1.982470874875813,1.982470874875813,1,1,1,1
86,5,3,3,0.3065906685430968,0.19869585422562064,0.24974139569834608,0.2651857174489668,0.08802511537639479,1.0,0.775,0.55,0.325,0.1,0.5,0.0,0.5,0.5,0.0,1.0,1.0,1.0,0.5,0.0,1.0,1.0,1.0,0.5,0.0,0.47543828763354495,0.20621613622271884,0.45523691302066616,0.4603970970424718,0.2917251296609453,3.9373936384095085,2.2673702640475457,3.4401579429393423,2.2212970102516163,3.1967468524341367,0.5856780510631682,1.660621976010614,1.660621976010614,1.660621976010614,1,1,1,1
87,5,3,3,0.14277385891990718,0.7361553875084237,0.1687960194770706,0.6602449900217366,0.03190192441424872,0.55,1.0,0.325,0.775,0.1,1.0,1.0,0.5,1.0,0.0,0.0,1.0,0.0,0.0,0.5,0.5,0.5,0.0,0.5,0.0,0.4519200058114438,0.44153428093163927,0.2373621745240902,0.21062952666216325,0.3484655217777934,4.775328414638249,3.4698960558798158,2.060448280979676,3.262809180656527,3.973347519100474,0.6338049826735371,1.3079439109157804,1.3079439109157804,1.3079439109157804,1,1,1,1
88,5,3,3,0.2651795127504485,0.2786681287103383,0.7694526776218507,0.2320802157711843,0.08839511516490745,0.775,0.55,1.0,0.325,0.1,0.5,1.0,1.0,0.5,0.5,0.5,0.5,0.5,0.5,0.0,1.0,0.0,0.5,0.5,0.5,0.38576099647779905,0.3671197399595083,0.27107043186785024,0.25453600353357325,0.47109621568154514,4.039169613633538,3.75908619732408,4.578253498072175,2.932596186913078,4.771185862641165,0.2454822462394549,1.0074713135154236,1.0074713135154236,1.0074713135154236,1,1,1,1
89,5,3,3,0.5503574089106064,0.35701256423347155,0.0943434476535524,0.4890762700460741,0.0549976013344357,1.0,0.775,0.325,0.55,0.1,0.5,0.0,0.5,0.5,0.5,1.0,1.0,0.5,0.5,0.0,0.5,1.0,0.5,0.0,0.5,0.20814412871917273,0.38005188934280293,0.46376530794474735,0.4889223326055124,0.4087711661610286,2.145235144222787,2.3085968156237975,4.635568266829017,2.0883489804162654,4.068843901643328,0.7041717911759204,1.2535382184124262,1.2535382184124262,1.2535382184124262,1,1,1,1
90,5,3,3,0.2511478966634476,0.2370707737316412,0.30407305281458014,0.21642003155937903,0.05385606859526293,1.0,0.775,0.55,0.325,0.1,1.0,0.5,1.0,0.0,0.5,0.5,0.5,1.0,1.0,0.0,0.5,1.0,0.5,0.5,0.5,0.49180620096980854,0.35364498804358085,0.2238343196962345,0.3967144852450201,0.21714826009842333,4.7417923620304565,3.771381680741441,3.021752853863468,4.680673791485137,4.3856860678259535,0.9458442315393586,1.777568791678677,1.777568791678677,1.777568791678677,1,1,1,1
91,5,3,3,0.6101260342229942,0.09876184032904389,0.348351288604518,0.64761945524564,0.06164112419290442,1.0,0.325,0.55,0.775,0.1,1.0,0.0,1.0,0.0,0.0,0.5,0.0,1.0,1.0,0.5,0.5,0.0,0.5,0.0,0.5,0.22899700203324186,0.36971536546651795,0.20344575102993512,0.4284358857897256,0.34780392605148586,3.7993146808365363,2.215279032394621,3.862799181271149,4.051957709807209,4.71669782852985,0.4783265168521357,1.80469736062494,1.80469736062494,1.80469736062494,1,1,1,1
92,5,3,3,0.424889459047873,0.6641829068430473,0.21315432914245125,0.4661761965899392,0.07913605369919594,0.775,1.0,0.325,0.55,0.1,0.5,0.5,0.5,1.0,0.5,0.5,0.5,0.0,0.5,0.0,0.5,1.0,0.5,0.5,0.5,0.4680849549523702,0.34797319788899683,0.22686680342235097,0.3919006280084154,0.45508441207935607,3.021263716265127,4.576563358906945,2.2948628468452554,4.812106030722012,4.958341177589445,0.8309147634353781,1.1651349486668172,1.1651349486668172,1.1651349486668172,1,1,1,1
93,5,3,3,0.4840236591933207,0.3057132614237313,0.6108541097091771,0.25467623652171506,0.055969002499094894,1.0,0.55,0.775,0.325,0.1,1.0,0.0,1.0,0.0,0.5,1.0,0.5,0.5,0.5,0.5,1.0,0.0,0.5,0.0,0.0,0.22367588306743602,0.46727956952618993,0.35020925010155624,0.24510352971868304,0.26502463127307835,4.4896712343414915,2.80475041746173,2.6603531100537117,3.7406090346537253,4.016191412408313,0.10464963515930184,1.3218619311025823,1.3218619311025823,1.3218619311025823,1,1,1,1
94,5,3,3,0.403899883884663,0.19739623307841747,0.34720928983392957,0.16605420148645508,0.07770607018325236,1.0,0.775,0.55,0.325,0.1,0.5,0.5,0.0,0.5,0.0,0.5,0.5,1.0,0.0,0.0,0.5,0.5,0.5,0.5,0.0,0.44539492987497376,0.26106531001695166,0.2861641873237283,0.3011033845862972,0.3775234496814973,4.1365066087629785,3.945034639152439,2.004375492071536,4.087901285929352,2.2305438758037877,0.23647855123302786,1.432572230542926,1.432572230542926,1.432572230542926,1,1,1,1
95,5,3,3,0.30620312558403256,0.5878315780174518,0.8363499140422442,0.18289354388461646,0.08228119773340777,0.55,0.775,1.0,0.325,0.1,0.0,0.5,1.0,0.0,0.0,0.5,0.5,1.0,0.0,0.0,0.0,1.0,1.0,0.0,0.5,0.46706740230331295,0.2849385110968143,0.21842572032468172,0.30520146894048805,0.4055618190094712,3.594546280298636,2.8544454622545077,3.1213530691605182,4.057790176852954,3.9432743325916215,0.19707571115230094,1.7036472918107786,1.7036472918107786,1.7036472918107786,1,1,1,1
96,5,3,3,0.4740026819900549,0.42615553066547995,0.47954116624469956,0.2754076040774562,0.08682258878722587,1.0,0.775,0.55,0.325,0.1,1.0,0.5,0.5,0.5,0.0,1.0,1.0,0.0,0.0,0.0,1.0,0.5,1.0,0.5,0.5,0.45572809788467505,0.243796474262529,0.34958334686240194,0.30711290293900817,0.27451903617810147,2.370869906346731,4.533088597742539,3.8076461865393414,3.3205994004021147,4.095975852304116,0.9865326155434454,1.1704267701464715,1.1704267701464715,1.1704267701464715,1,1,1,1
97,5,3,3,0.347510208324568,0.8873844602266507,0.23397465962047098,0.4616880254326249,0.05461256487941928,0.775,1.0,0.325,0.55,0.1,0.5,1.0,0.5,1.0,0.0,1.0,1.0,0.5,0.0,0.5,0.5,0.5,0.5,0.5,0.5,0.47477920758631303,0.22873149794950254,0.4227019013347245,0.49622554602922553,0.28615654405167074,2.2400503987150033,3.6999133708870224,3.1162169315494963,2.6325863826610774,4.408476759860974,0.8369517052973667,1.0760944372311445,1.0760944372311445,1.0760944372311445,1,1,1,1
98,5,3,3,0.578229264798525,0.1079795935441154,0.6405611605935061,0.036312628352701715,0.48910616734184087,1.0,0.325,0.775,0.1,0.55,0.5,0.5,0.5,0.0,1.0,1.0,0.5,1.0,0.0,0.5,1.0,1.0,1.0,0.0,0.5,0.3920868886206076,0.20609238007715316,0.23590017835501192,0.41138222276357217,0.2284633457313934,2.7993566419133553,2.1851463410052805,3.9507200860892846,4.544104067595949,4.365251289838309,0.3327200546959925,1.5228534885208633,1.5228534885208633,1.5228534885208633,1,1,1,1
99,5,3,3,0.4505465841502796,0.23219053865935746,0.14648554311128312,0.6812192400754788,0.037117035803961265,1.0,0.55,0.325,0.775,0.1,1.0,0.5,0.0,1.0,0.0,0.5,0.5,0.5,1.0,0.5,1.0,0.5,0.5,0.0,0.0,0.30543365140452483,0.45901081821039624,0.37941686751037096,0.49913699616785057,0.29268836808673926,4.59590796562987,2.6628255303675097,4.327462021916059,3.5388693300989873,2.2954288258205144,0.3675812712343469,1.4697603382239186,1.4697603382239186,1.4697603382239186,1,1,1,1
