Instance,N,K,L,c.P1,c.P2,c.P3,c.P4,c.P5,c.P6,c.P7,c.P8,c.P9,c.P10,p.P1,p.P2,p.P3,p.P4,p.P5,p.P6,p.P7,p.P8,p.P9,p.P10,theta1.P1,theta1.P2,theta1.P3,theta1.P4,theta1.P5,theta1.P6,theta1.P7,theta1.P8,theta1.P9,theta1.P10,theta2.P1,theta2.P2,theta2.P3,theta2.P4,theta2.P5,theta2.P6,theta2.P7,theta2.P8,theta2.P9,theta2.P10,theta3.P1,theta3.P2,theta3.P3,theta3.P4,theta3.P5,theta3.P6,theta3.P7,theta3.P8,theta3.P9,theta3.P10,beta_0,beta_p,beta_theta1,beta_theta2,beta_theta3
0,10,3,3,0.24585812896100573,0.6558410055083083,0.582219860982537,0.2320445869370198,0.5632326882480437,0.06466275386717973,0.6997211384509313,0.3046133450545969,0.2329745282619668,0.06233744960786869,0.6,1.0,0.9,0.5,0.7000000000000001,0.2,0.8,0.4,0.30000000000000004,0.1,0.0,0.0,0.0,1.0,0.0,0.0,1.0,0.0,0.0,0.0,0.5,0.5,0.0,0.5,0.0,0.0,0.0,0.0,0.0,1.0,1.0,0.5,0.0,1.0,1.0,1.0,0.5,1.0,1.0,0.5,0.2670993095811559,-4.1685816654116294,1.2384373661432388,1.1362144242673027,1.1566657154168072
1,10,3,3,0.23638114892060802,0.4528468249329707,0.17484890651224116,0.34728681150229657,0.12834767683704965,0.05901924453082372,0.3998436024758558,0.8021532519591709,0.32313972537752783,0.046996403175304846,0.8,1.0,0.6,0.7000000000000001,0.30000000000000004,0.2,0.5,0.9,0.4,0.1,1.0,1.0,0.5,0.0,1.0,0.0,1.0,0.0,0.0,0.0,0.0,0.0,0.5,0.5,0.5,0.0,1.0,1.0,0.0,0.0,1.0,0.5,0.5,0.0,0.5,1.0,1.0,1.0,0.5,0.0,0.12506760180801568,-3.6234826805596154,1.513305357763761,1.554335146661429,1.583767136296488
2,10,3,3,0.426100696699535,0.2981492085981275,0.813469916435862,0.22866711886848173,0.6459805426146267,0.4504206745002004,0.1781071932788846,0.4468958979898589,0.053342405131434845,0.16886182323413662,0.9,0.7000000000000001,1.0,0.4,0.8,0.6,0.30000000000000004,0.5,0.1,0.2,0.5,1.0,0.5,0.0,0.5,0.0,1.0,0.5,1.0,0.5,1.0,0.5,0.5,1.0,0.5,1.0,0.5,0.0,0.5,1.0,0.0,0.5,0.5,0.0,1.0,0.0,0.0,1.0,0.0,1.0,-0.1803392919386987,-4.025639155899169,1.7296431402446983,1.9559489080582737,1.8119770763981997
3,10,3,3,0.15340718678080945,0.5879985230069893,0.5160056800483405,0.08717284093759525,0.500289067468092,0.7844633784667189,0.08871104229760059,0.31996246909549864,0.43757091909606927,0.07737919450153649,0.6,1.0,0.8,0.30000000000000004,0.7000000000000001,0.9,0.2,0.4,0.5,0.1,0.0,0.0,0.5,0.5,0.0,0.5,0.0,0.5,0.5,0.0,0.5,0.0,0.0,0.0,1.0,0.5,0.0,1.0,1.0,0.0,1.0,0.0,0.5,1.0,0.5,0.5,0.5,1.0,1.0,1.0,0.09517653984507049,-3.6720589607871776,1.246012349638478,1.373537153473489,1.3474396131179078
4,10,3,3,0.2508049674537004,0.24367959911772197,0.41061506326140174,0.16298572276342171,0.7214639165943225,0.6324555838850408,0.058676441740117435,0.17589235739643483,0.44633694214708247,0.07442986109273292,1.0,0.6,0.7000000000000001,0.4,0.9,0.8,0.2,0.30000000000000004,0.5,0.1,0.0,1.0,1.0,0.0,1.0,0.0,0.5,1.0,1.0,1.0,0.5,0.0,1.0,1.0,0.5,0.0,1.0,0.5,1.0,0.0,0.5,1.0,0.0,1.0,0.5,1.0,0.5,0.0,0.0,1.0,0.16013393481221386,-3.888268014390125,1.6757219677166584,1.4514736321402812,1.6564343971349047
5,10,3,3,0.2137357557702264,0.5178337564113001,0.4904654093809869,0.10396182526858372,0.3228977321108573,0.08687755784743001,0.8713844664583944,0.41844144410933193,0.12026996519907768,0.025265206641490318,0.7000000000000001,0.9,0.8,0.4,0.6,0.30000000000000004,1.0,0.5,0.2,0.1,0.0,1.0,0.5,1.0,0.0,0.5,0.5,0.0,0.5,0.0,0.5,0.5,0.5,1.0,1.0,1.0,0.0,1.0,1.0,0.0,1.0,0.5,1.0,0.5,0.5,0.5,1.0,0.0,0.0,1.0,0.3553549355825347,-3.674572164321397,1.7546810639089745,1.6494127082857841,1.8050600742131566
6,10,3,3,0.5915191326921427,0.4353607674442406,0.5809216316892284,0.7902794418023009,0.29246531444193413,0.2000319403049059,0.1094423400999865,0.5258621771076523,0.43551197838597155,0.08611390242763979,0.9,0.7000000000000001,0.8,1.0,0.4,0.30000000000000004,0.2,0.6,0.5,0.1,1.0,1.0,0.0,1.0,0.0,0.5,1.0,0.0,0.0,0.5,1.0,0.5,0.5,1.0,0.0,0.5,1.0,1.0,0.0,0.5,0.0,0.0,0.5,0.5,0.0,0.5,1.0,1.0,0.5,0.5,0.46829329644473894,-3.561113434427059,0.7659292175135233,0.7665559516746625,0.9213567634395256
7,10,3,3,0.43105261120092614,0.24378265940671562,0.34914682690098586,0.2724016784693408,0.7096720858186578,0.19929186083228156,0.3047675429586857,0.14700124124247332,0.053918270624576596,0.1688105425060141,0.9,0.7000000000000001,0.8,0.6,1.0,0.4,0.5,0.30000000000000004,0.1,0.2,0.0,0.0,0.0,1.0,0.0,0.5,0.0,1.0,1.0,0.0,0.5,1.0,0.0,0.5,0.5,0.5,1.0,0.5,0.0,1.0,0.0,0.0,0.5,0.0,0.0,1.0,0.5,0.0,0.0,0.0,0.23081140949650739,-4.134435124036258,1.2514123645881796,1.313124345493744,1.1946920485606005
8,10,3,3,0.23921625343944053,0.580796343018886,0.26575969908130714,0.5905331688854583,0.5957903145915905,0.21270533037871794,0.3329563026309899,0.4368998962150854,0.1461280089426744,0.07668848397426176,0.7000000000000001,1.0,0.6,0.9,0.8,0.30000000000000004,0.4,0.5,0.2,0.1,1.0,1.0,0.5,0.5,1.0,0.5,0.5,1.0,1.0,0.0,0.0,0.0,0.5,0.5,0.5,0.0,0.0,0.5,1.0,1.0,0.5,0.5,1.0,0.5,0.0,0.0,1.0,0.0,0.0,0.5,0.2544452354501089,-3.614264543099898,1.751333154197867,1.895265163310209,1.6413411182085054
9,10,3,3,0.3103974998901791,0.42514509223219626,0.6495603976186908,0.07701147525542457,0.2095976501710367,0.6531014868076563,0.892462262576574,0.41531989325467544,0.07239321439730613,0.17454174279707568,0.6,0.7000000000000001,0.9,0.30000000000000004,0.4,0.8,1.0,0.5,0.1,0.2,0.5,1.0,0.0,1.0,1.0,1.0,1.0,0.0,0.5,1.0,0.0,0.0,0.5,1.0,0.0,1.0,1.0,0.0,0.0,1.0,1.0,1.0,1.0,0.5,0.0,0.0,0.5,0.0,0.5,0.5,0.23110801338000705,-3.6690450948448516,0.9985864120896621,1.2424707307307932,1.067754682838043
10,10,3,3,0.18686378132370085,0.6199926124113335,0.46847918482890105,0.2045192874840916,0.4999235431413011,0.8055952671256449,0.24377910016277593,0.34588950902942317,0.05218506927479444,0.17653790813129344,0.7000000000000001,1.0,0.8,0.5,0.6,0.9,0.30000000000000004,0.4,0.1,0.2,1.0,0.0,0.5,0.5,0.0,0.5,0.5,1.0,1.0,0.5,1.0,1.0,0.5,1.0,0.5,0.5,0.0,0.0,0.5,0.5,1.0,0.5,1.0,0.0,0.5,1.0,0.0,0.5,1.0,0.5,0.3044945086381916,-3.5687845410514587,1.5655886462362048,1.4857671239388035,1.7011269705533987
11,10,3,3,0.4359422305822992,0.2217594104338022,0.23812029468501955,0.17063116726772437,0.11577177568930125,0.6880525894430374,0.08940693415415496,0.07784532476576489,0.6841218534661896,0.08478807862444523,1.0,0.7000000000000001,0.6,0.5,0.4,0.9,0.30000000000000004,0.2,0.8,0.1,0.0,0.0,1.0,0.5,0.5,1.0,0.5,0.0,1.0,0.0,0.0,0.5,1.0,0.0,0.5,1.0,1.0,1.0,1.0,0.0,1.0,0.0,1.0,0.0,1.0,1.0,1.0,0.5,1.0,1.0,-0.11994494939281058,-3.3104845898410917,1.7460792229571647,1.7260101040430693,1.7772531064114763
12,10,3,3,0.5031063516705901,0.20386466310381168,0.5111691586078128,0.2433789377854314,0.4801886506658841,0.1451517784201578,0.33260533979204465,0.16128424416701634,0.08510911618711657,0.08247780187647842,1.0,0.7000000000000001,0.9,0.6,0.8,0.4,0.5,0.30000000000000004,0.2,0.1,0.5,0.5,0.5,0.5,0.0,1.0,0.5,0.5,1.0,0.0,1.0,1.0,1.0,0.0,0.0,1.0,1.0,0.5,0.5,1.0,0.0,1.0,0.0,0.5,0.0,0.5,0.0,1.0,0.0,0.5,0.2458672160540861,-4.350036828249925,1.1762615938252294,1.1203351288928824,1.0745784361499038
13,10,3,3,0.22192280440103324,0.5262112415258965,0.4394864546065386,0.15087336562687814,0.6849962382521213,0.20067437064728708,0.5343955158497679,0.05950589512482671,0.2136998743723976,0.07372313201830412,0.6,0.9,0.8,0.5,1.0,0.4,0.7000000000000001,0.2,0.30000000000000004,0.1,0.5,0.0,1.0,0.0,0.0,0.5,0.0,0.5,1.0,0.5,1.0,0.5,1.0,1.0,1.0,1.0,0.5,0.5,1.0,0.5,1.0,1.0,0.0,0.0,0.0,0.0,0.5,0.0,1.0,0.5,0.3228798145035982,-3.3298632494490716,1.2044338794418246,0.9058332981710583,1.1944496926877715
14,10,3,3,0.3306170557757864,0.2653301629445183,0.2616947325759966,0.23985482600048402,0.4306993215406328,0.18806143097321712,0.4243220638406892,0.3436990534397619,0.047360646935893216,0.1645425205470038,1.0,0.9,0.8,0.7000000000000001,0.6,0.30000000000000004,0.5,0.4,0.1,0.2,0.5,0.0,0.5,0.0,0.5,0.5,0.5,0.0,0.0,1.0,0.5,0.0,1.0,1.0,0.0,1.0,0.5,0.0,0.5,0.0,0.0,0.0,0.5,0.0,0.5,1.0,0.5,0.0,1.0,1.0,0.17496582328739774,-3.5098517966370677,1.004717588020061,0.8420730249773102,1.025876441069438
15,10,3,3,0.32515242315377346,0.4989460401285579,0.6816270850796645,0.4884900977609849,0.11172259957103725,0.44172779687267055,0.07418081232045126,0.38943382954365946,0.3591112792016377,0.08814330731635273,1.0,0.8,0.9,0.7000000000000001,0.30000000000000004,0.6,0.2,0.5,0.4,0.1,0.0,1.0,0.0,1.0,1.0,0.0,1.0,0.5,0.5,1.0,1.0,1.0,0.5,0.0,0.0,1.0,0.0,1.0,0.0,0.0,0.0,0.5,0.0,1.0,1.0,1.0,1.0,0.0,1.0,0.5,0.21365848149593927,-3.862651766618909,1.7199220908158672,1.7240688829993605,1.6714629191831503
16,10,3,3,0.38447908855992224,0.6980336429014373,0.32985534762536545,0.6558835187030949,0.5823481959641634,0.3454158739169232,0.17632062106817983,0.08905708417681348,0.2968871869706696,0.05753606888281018,0.7000000000000001,1.0,0.6,0.9,0.8,0.5,0.30000000000000004,0.2,0.4,0.1,0.0,1.0,0.0,0.0,0.5,0.0,0.0,0.0,1.0,0.5,1.0,0.5,0.5,0.0,0.0,1.0,1.0,0.5,1.0,0.0,0.5,0.0,0.0,0.0,1.0,0.5,1.0,0.5,0.0,0.5,-0.1978189844737511,-3.705585994976825,1.8845536367785416,1.8976286702079554,1.691657998537168
17,10,3,3,0.26111598517104806,0.3155728203789182,0.1815248059402621,0.39712789648802954,0.1479113298127872,0.593420533768476,0.22388769577610962,0.5295339884537061,0.14522836636561243,0.08858253738315781,1.0,0.9,0.5,0.7000000000000001,0.4,0.8,0.30000000000000004,0.6,0.2,0.1,0.0,1.0,0.5,1.0,0.0,1.0,0.5,0.0,1.0,1.0,0.0,0.5,1.0,0.0,0.0,0.5,0.0,1.0,1.0,0.5,0.0,0.5,1.0,1.0,0.0,0.0,1.0,1.0,0.5,0.0,-0.35401637338804803,-3.08727520001309,1.740926896892329,1.65438507692492,1.6646773796795933
18,10,3,3,0.4157398780185778,0.6683485365660011,0.5169179037952767,0.43200165186478773,0.13757461863902865,0.08590743114244015,0.29450934583327143,0.4695410181056385,0.09955160773173893,0.05688046384640012,0.9,1.0,0.8,0.7000000000000001,0.4,0.30000000000000004,0.5,0.6,0.2,0.1,1.0,1.0,0.0,0.0,1.0,0.0,1.0,1.0,0.0,0.0,0.5,0.0,0.5,0.0,0.0,0.0,0.5,0.5,0.0,0.5,1.0,1.0,0.5,1.0,1.0,0.5,0.5,1.0,1.0,1.0,0.16468534369952548,-3.7229936302971387,1.6809757618348236,1.5175967367831311,1.6878228757239353
19,10,3,3,0.20691026917790933,0.40350366076876903,0.3291619088686304,0.2830808781960504,0.39135374451580596,0.11420093741365006,0.86399674230482,0.026436909323228147,0.3462564766565097,0.15850829803810249,0.8,0.9,0.7000000000000001,0.5,0.6,0.30000000000000004,1.0,0.1,0.4,0.2,1.0,0.0,1.0,0.0,1.0,0.5,1.0,0.0,0.5,0.0,0.5,0.5,1.0,0.0,1.0,1.0,1.0,0.5,0.5,0.5,0.5,0.0,0.5,0.5,0.0,0.0,0.5,0.5,0.5,0.0,0.3917755498899202,-3.8101619050058044,1.139602276248086,1.1457336549431634,1.2508159218482346
20,10,3,3,0.2634831220602032,0.3983757122767104,0.2894645048442384,0.1311003729393726,0.5916841617680022,0.2214294123386445,0.13768184571188793,0.4750390755885726,0.13379556456589686,0.07640333154790183,0.9,1.0,0.7000000000000001,0.5,0.8,0.4,0.30000000000000004,0.6,0.2,0.1,1.0,1.0,1.0,0.5,0.0,0.0,0.0,1.0,0.5,1.0,1.0,1.0,0.0,0.0,0.5,0.5,1.0,0.0,0.0,1.0,0.0,0.5,1.0,0.5,0.0,0.5,1.0,1.0,0.0,1.0,0.23193111410066333,-4.755711935550925,1.6383931919782477,1.7054360800746866,1.9168740822224157
21,10,3,3,0.42941882792930797,0.3887906503833772,0.7364435129293367,0.4204799357440561,0.7497951875341577,0.1512075359946579,0.280082502443969,0.4246936631452784,0.13288716309576243,0.0878838452923695,0.8,0.7000000000000001,1.0,0.6,0.9,0.30000000000000004,0.4,0.5,0.2,0.1,0.5,0.0,0.5,0.5,1.0,0.0,0.5,0.0,0.0,0.5,0.5,1.0,1.0,1.0,1.0,1.0,0.5,0.5,1.0,0.0,0.5,0.5,1.0,1.0,0.5,0.0,1.0,0.5,0.0,0.0,0.09775649980724857,-3.668102712247262,1.1333768004194116,1.25938002755921,0.9362977720357254
22,10,3,3,0.23983356261830002,0.6177126480417037,0.1475361806000822,0.5678193104561403,0.07283843887072572,0.38753743994191814,0.7929339393566804,0.5144924582494778,0.33402511986364325,0.043950970703837744,0.8,1.0,0.30000000000000004,0.7000000000000001,0.2,0.5,0.9,0.6,0.4,0.1,0.5,0.5,1.0,0.5,1.0,0.0,1.0,0.0,0.0,0.0,0.5,0.0,1.0,0.5,0.5,0.0,1.0,0.0,0.5,0.5,1.0,0.5,0.0,0.5,1.0,0.5,0.5,1.0,0.5,1.0,0.13101764595199078,-3.3351226074130977,1.512944411399307,1.7787621599157253,1.6935254812669813
23,10,3,3,0.27793790065814217,0.2168315361098868,0.6708392585585343,0.5245625422550523,0.4804563637318768,0.31951747516509355,0.1802925276925634,0.09683271551436418,0.05364973094285106,0.35596753576257956,0.9,0.6,1.0,0.8,0.7000000000000001,0.5,0.30000000000000004,0.2,0.1,0.4,0.0,0.0,1.0,1.0,1.0,0.0,0.0,0.5,0.5,0.0,0.5,0.5,1.0,1.0,0.0,1.0,0.0,1.0,1.0,0.5,0.0,0.0,0.0,1.0,0.0,1.0,0.0,0.0,0.5,1.0,-0.08543081392098675,-3.2667484509706686,1.8735335226985508,1.8271294944993588,1.782931466294759
24,10,3,3,0.16307146554116214,0.5993715617150359,0.4029789874483304,0.050996198639297746,0.3647465587942903,0.5667646934663039,0.7732084513273783,0.30859917876420995,0.21444287942761295,0.07325334132131094,0.6,1.0,0.8,0.2,0.5,0.7000000000000001,0.9,0.4,0.30000000000000004,0.1,1.0,0.5,0.0,0.0,1.0,0.0,0.0,0.0,1.0,0.5,1.0,1.0,0.5,0.0,1.0,0.5,0.0,1.0,0.0,0.5,0.0,0.0,0.5,1.0,0.0,1.0,1.0,0.0,0.0,1.0,0.0902955572812317,-3.6869838304182743,1.8278834054545618,1.6957986875258686,1.9193270480432816
25,10,3,3,0.2764259877360892,0.4067290127215922,0.3509818990895837,0.2570967989367108,0.7791854034346976,0.1734960730862025,0.2800655561959801,0.09389600429423756,0.498273226164007,0.038056939004182805,0.8,0.9,0.7000000000000001,0.5,1.0,0.30000000000000004,0.4,0.2,0.6,0.1,0.0,0.5,0.5,0.5,1.0,0.5,1.0,1.0,0.5,1.0,1.0,1.0,0.5,0.0,1.0,1.0,0.0,1.0,1.0,1.0,0.0,0.0,0.0,0.5,0.5,0.0,0.0,0.5,0.5,0.5,0.027969202601743594,-3.4105475569110397,1.7663916497053473,1.7618105120551097,1.4624673634097645
26,10,3,3,0.22383070555711043,0.3329479502913512,0.5451638021975685,0.18513655381388172,0.14000279277778815,0.47791368068310375,0.8867019032610141,0.1297284352530375,0.23465131943294318,0.07694449959947466,0.7000000000000001,0.8,0.9,0.5,0.4,0.6,1.0,0.2,0.30000000000000004,0.1,0.5,0.0,0.5,0.5,0.5,0.0,1.0,0.5,0.0,1.0,0.5,0.5,1.0,0.0,1.0,0.5,1.0,0.0,0.0,0.0,1.0,0.0,0.0,0.5,0.0,0.0,1.0,0.5,1.0,0.0,0.12621834031727833,-3.9286726457264263,0.9950228132515387,1.0790220930334065,1.197641203776207
27,10,3,3,0.2920954183575386,0.5924694988457329,0.3195436536464707,0.1967461749881293,0.13199009208451146,0.4563611135318675,0.1831716614935893,0.7965257193589574,0.10424676431180845,0.06818893997650517,0.8,1.0,0.7000000000000001,0.5,0.4,0.6,0.30000000000000004,0.9,0.2,0.1,0.0,0.5,0.5,1.0,1.0,1.0,1.0,1.0,0.0,0.0,0.5,0.0,0.0,0.5,1.0,1.0,1.0,0.5,1.0,0.0,0.5,0.5,1.0,0.5,0.0,1.0,0.0,0.0,0.0,0.5,0.05187159432993533,-3.892654817029497,1.541413058934134,1.45938322708991,1.3851480484701049
28,10,3,3,0.47604136829550114,0.3971931352788015,0.36242947241040685,0.3553355941346066,0.25349173848093276,0.5702178986503316,0.08539750746782945,0.4064426839534191,0.25879785918777026,0.06390710187877272,1.0,0.9,0.8,0.6,0.4,0.7000000000000001,0.2,0.5,0.30000000000000004,0.1,0.5,1.0,0.0,0.0,1.0,1.0,1.0,0.5,0.0,0.5,0.5,0.0,1.0,0.0,0.5,0.5,1.0,0.5,0.5,0.5,1.0,1.0,1.0,1.0,0.0,0.5,0.0,0.0,1.0,0.5,0.13841539531849276,-4.028316920966859,1.2499108731899249,0.8779008327245843,1.0885930741446304
29,10,3,3,0.33228299863036836,0.4902766999257019,0.466250896948152,0.14195576631428497,0.5065382208900885,0.4077569584555894,0.34571125271629205,0.19741349140153486,0.14707970966861134,0.05639982896119951,1.0,0.9,0.8,0.4,0.7000000000000001,0.6,0.5,0.30000000000000004,0.2,0.1,0.5,1.0,0.0,1.0,0.0,0.5,1.0,1.0,1.0,1.0,0.5,0.5,0.5,1.0,0.5,0.5,1.0,0.5,1.0,1.0,0.5,1.0,1.0,0.5,0.5,0.5,0.0,1.0,0.5,1.0,0.02630207204887805,-3.200353886591359,1.3308176847669877,1.2687212296445671,1.383184288634079
30,10,3,3,0.17611262856718457,0.14067925988183855,0.5019254025932777,0.41908098683252404,0.763792071900298,0.16795268970912894,0.8785791722223316,0.6983655978953901,0.11076584226978006,0.02626232133142828,0.5,0.4,0.7000000000000001,0.6,0.9,0.30000000000000004,1.0,0.8,0.2,0.1,0.0,0.0,0.5,0.5,0.0,0.5,0.0,1.0,0.5,0.0,0.5,0.0,0.0,0.5,1.0,0.0,1.0,0.0,0.0,0.5,0.5,0.0,1.0,0.5,0.5,0.5,1.0,0.5,0.0,0.5,0.11255645613639266,-3.685096185432348,1.6804924323415393,1.5693911909364642,1.413141140468395
31,10,3,3,0.3137070987970353,0.31722439911632455,0.6061520278328052,0.34014350426639617,0.314057221501217,0.16705937186055664,0.37622218187003564,0.042393852655170455,0.25494904776662214,0.15662153042560656,0.9,0.8,1.0,0.7000000000000001,0.6,0.4,0.5,0.1,0.30000000000000004,0.2,0.0,0.5,0.0,1.0,0.0,0.0,1.0,0.5,0.0,0.5,0.5,0.5,0.0,0.0,0.0,1.0,0.5,1.0,1.0,1.0,1.0,0.0,0.0,0.0,0.0,0.0,0.5,0.0,1.0,0.5,0.19777962932169907,-3.692956826752051,1.7227244043830845,1.7938484646948043,1.7373043950029852
32,10,3,3,0.5217162096596604,0.17377575594255923,0.5796240409113157,0.14511517423079417,0.4726249393888474,0.791381650803084,0.6172072069261921,0.35787080216400485,0.16102889739123255,0.07796403188846714,1.0,0.5,0.8,0.30000000000000004,0.6,0.9,0.7000000000000001,0.4,0.2,0.1,0.0,0.0,0.0,0.5,0.0,0.0,0.5,0.0,0.5,1.0,0.5,0.0,0.5,1.0,1.0,0.5,0.0,0.0,0.5,0.5,0.0,0.5,0.0,0.5,0.0,0.0,0.0,0.5,0.5,0.0,0.3313842494487779,-3.7171429877591224,1.1912110029364782,1.1818534308212492,0.9683552768207886
33,10,3,3,0.42720095742699943,0.6054821404549333,0.2509699747996735,0.37416825536769627,0.16309304922373508,0.07612737406820108,0.07853629882205894,0.6809856592538095,0.44581608136133194,0.061808409218814434,0.9,1.0,0.6,0.7000000000000001,0.4,0.30000000000000004,0.2,0.8,0.5,0.1,0.5,0.5,0.5,0.0,1.0,0.0,1.0,0.0,1.0,0.5,1.0,1.0,0.5,0.0,1.0,0.0,0.5,0.0,1.0,0.0,1.0,0.5,1.0,0.0,1.0,0.5,1.0,0.5,0.5,1.0,0.24896802785653155,-3.880377900775521,1.3869730117805463,1.3139390796729504,1.1128321077560497
34,10,3,3,0.3513771305577307,0.13234919554215252,0.5359028955604389,0.07760579586125926,0.7342116726448596,0.5469419179393434,0.06025101265325927,0.46317541049916316,0.35136137909256115,0.08241390632638276,1.0,0.5,0.8,0.30000000000000004,0.9,0.7000000000000001,0.2,0.6,0.4,0.1,0.5,0.5,0.5,1.0,0.5,1.0,1.0,0.5,1.0,0.0,0.0,0.5,1.0,1.0,0.0,0.5,1.0,0.0,1.0,0.0,0.5,0.5,1.0,0.5,0.5,0.5,0.5,0.5,0.0,0.0,0.2056349491046068,-4.117287016826018,1.0534259390869554,1.2003859915750534,1.2043251192072202
35,10,3,3,0.4612560345095693,0.3788514492592279,0.6440450132094129,0.16273600717922126,0.5975008645679271,0.1445695564980032,0.4912321728296507,0.09805926401519267,0.42577194486552494,0.06910889391820733,1.0,0.7000000000000001,0.9,0.4,0.8,0.30000000000000004,0.6,0.2,0.5,0.1,0.0,0.5,1.0,1.0,0.0,1.0,1.0,1.0,0.5,1.0,0.0,0.0,0.0,0.5,1.0,0.0,1.0,1.0,1.0,0.5,1.0,0.5,1.0,1.0,0.5,0.0,0.0,1.0,0.5,1.0,-0.2843705898520574,-3.689537170345752,2.133298089068029,1.8235610710386871,1.9899819252811968
36,10,3,3,0.3624030646749683,0.23538698101601685,0.6856379821296061,0.192270449330034,0.6359725079175056,0.5173088851960927,0.15449874959600213,0.35562746415937974,0.16233666469561261,0.08743168457410909,0.8,0.6,1.0,0.5,0.9,0.7000000000000001,0.30000000000000004,0.4,0.2,0.1,0.5,0.5,1.0,1.0,0.5,0.5,0.5,1.0,0.0,0.0,1.0,0.5,1.0,1.0,1.0,0.0,1.0,0.0,1.0,0.0,1.0,1.0,1.0,1.0,1.0,0.0,0.0,0.5,0.5,1.0,-0.14650532610456743,-3.4883333298886128,1.3412217402070088,1.5453315191323111,1.681012852381504
37,10,3,3,0.28872408273451455,0.25061744118199836,0.2600217608701018,0.7351859858271568,0.3237601298067291,0.5552569221774905,0.11449124623126317,0.22130637137590767,0.038749655303105326,0.35301127816098465,0.9,0.8,0.6,1.0,0.5,0.7000000000000001,0.2,0.30000000000000004,0.1,0.4,0.5,0.5,0.5,0.0,0.0,1.0,0.0,1.0,0.0,0.0,0.0,0.0,0.0,0.0,0.5,1.0,0.0,0.5,0.5,1.0,0.0,0.0,0.0,0.5,1.0,1.0,0.0,1.0,0.5,0.0,0.26214932714570693,-4.290677324532765,1.3281110050794525,1.3990602162350505,1.3193712786624856
38,10,3,3,0.24543265717186613,0.3845919941021474,0.23478184247604494,0.15424486394254755,0.2548765978639743,0.08269302218103503,0.28544628553519746,0.6102027858852997,0.11607662879536036,0.031627351001209364,0.9,1.0,0.8,0.6,0.5,0.30000000000000004,0.4,0.7000000000000001,0.2,0.1,0.0,0.0,0.0,0.0,0.0,1.0,1.0,1.0,1.0,0.0,1.0,0.0,1.0,1.0,0.0,0.0,1.0,0.0,0.0,0.0,1.0,0.5,1.0,1.0,1.0,0.0,1.0,0.0,0.5,0.0,-0.07233495037415916,-4.648945945753421,1.825380659058068,1.9200961053077679,2.0990434727937535
39,10,3,3,0.34457772672539466,0.41186488340710026,0.37120253663270814,0.28347815904166623,0.2261386099329713,0.14003218022211428,0.0758940108398819,0.6236640633642363,0.060207500907135905,0.1683914758055622,1.0,0.9,0.8,0.6,0.5,0.4,0.30000000000000004,0.7000000000000001,0.1,0.2,0.5,1.0,1.0,1.0,1.0,1.0,1.0,0.5,1.0,1.0,0.0,0.0,0.5,1.0,0.0,0.0,1.0,0.0,1.0,0.0,0.0,0.5,0.5,1.0,0.0,1.0,0.0,1.0,0.0,0.5,0.321624358136191,-4.3651391433871565,1.3757045145232667,1.199695174983915,1.213989469969844
40,10,3,3,0.3847957819116412,0.471995879904125,0.43078387944828284,0.5590895801074233,0.15954822517119743,0.4779434392915129,0.3226832783574786,0.4491736105379227,0.17243404319846398,0.0825447282536173,1.0,0.9,0.8,0.7000000000000001,0.30000000000000004,0.6,0.4,0.5,0.2,0.1,0.0,0.5,0.5,0.5,0.5,0.0,1.0,0.0,1.0,0.5,1.0,0.5,1.0,0.5,0.5,0.0,1.0,1.0,1.0,0.0,0.0,0.0,1.0,0.5,0.5,0.0,0.5,1.0,1.0,0.0,0.1884343639359208,-3.816232163280395,1.1207555021338125,1.2757026378839555,1.2069652876473622
41,10,3,3,0.1925357481150317,0.49320543610082146,0.40513734799947493,0.524269244052073,0.7298394732897278,0.22042753774552387,0.3721838545819245,0.08143032896076621,0.2607237592939001,0.08026717887346968,0.6,0.9,0.7000000000000001,0.8,1.0,0.4,0.5,0.2,0.30000000000000004,0.1,1.0,0.5,0.5,1.0,1.0,1.0,1.0,0.0,0.0,1.0,0.5,0.0,0.5,0.5,0.5,0.5,0.0,0.0,1.0,1.0,1.0,0.5,0.5,1.0,1.0,1.0,0.5,1.0,0.0,0.0,0.30437776325943466,-3.6912581567650253,1.3202797970144131,1.501393370051177,1.302687977848589
42,10,3,3,0.47574465309879865,0.1301820925398708,0.2572336363645969,0.5316891034521353,0.19288557415518603,0.1799965880071047,0.8808169160057371,0.588077134461881,0.049309266781651796,0.17563732537777543,0.9,0.5,0.6,0.8,0.4,0.30000000000000004,1.0,0.7000000000000001,0.1,0.2,0.5,0.5,1.0,0.5,0.0,0.5,1.0,0.5,0.0,1.0,0.5,0.0,0.0,1.0,1.0,1.0,1.0,0.5,0.5,0.5,0.0,0.0,1.0,0.5,1.0,0.5,0.5,0.0,0.5,0.5,0.4076987544110936,-3.5635149475457535,0.9909528981172486,1.1415240084786016,1.0841548192194927
43,10,3,3,0.27891458991801144,0.20821814646692194,0.2538014023072917,0.3548195933985671,0.1785818961412461,0.1465662020357181,0.8715194399259713,0.10064330944861842,0.6203257562345406,0.04352828335647634,0.9,0.8,0.5,0.6,0.4,0.30000000000000004,1.0,0.2,0.7000000000000001,0.1,0.5,0.0,0.0,1.0,1.0,0.5,0.5,1.0,0.5,0.0,0.0,1.0,0.0,1.0,0.0,1.0,0.0,0.0,0.5,0.0,0.0,1.0,0.5,1.0,0.5,0.0,0.0,1.0,1.0,1.0,-0.1927949433667077,-3.706535413812461,1.8413116300815162,1.9855651647084864,1.606887633924547
44,10,3,3,0.2597069994032285,0.1292013761434876,0.447450657906043,0.15886457651073882,0.10143705391942903,0.6154835458811316,0.8691602658274612,0.5219205448374025,0.13741018196125077,0.06678915558639945,0.9,0.5,0.7000000000000001,0.4,0.30000000000000004,0.8,1.0,0.6,0.2,0.1,0.5,0.0,1.0,0.0,0.0,0.0,0.0,0.5,0.0,0.5,1.0,1.0,0.0,0.0,0.0,1.0,1.0,1.0,1.0,0.5,0.0,0.0,0.5,1.0,1.0,1.0,0.5,0.5,0.0,1.0,0.1889403608644939,-3.804737327410463,1.2729893901803522,1.3010475801186345,1.2016541341514917
45,10,3,3,0.25633145337403307,0.2130762099746074,0.4345586777889782,0.198034301099,0.19370018046859439,0.5415582583582369,0.14949451528195207,0.871715349812463,0.14352488332785215,0.04485848581849234,0.9,0.6,0.8,0.5,0.4,0.7000000000000001,0.30000000000000004,1.0,0.2,0.1,0.0,1.0,0.0,1.0,0.0,1.0,0.0,0.0,1.0,1.0,1.0,1.0,1.0,0.5,1.0,1.0,0.0,0.5,1.0,0.5,0.0,0.5,0.5,0.5,0.5,0.5,1.0,1.0,0.0,0.0,0.279669827268864,-3.5242710075586747,1.1038518403663817,0.9481376589871953,1.1889552578425184
46,10,3,3,0.33553205239248596,0.2566447906902223,0.4830946654187972,0.12782571748138882,0.10625673471876218,0.3204530829304963,0.44835727397165237,0.10602858621129035,0.02703557732715091,0.2585960514336632,0.9,0.8,1.0,0.5,0.4,0.6,0.7000000000000001,0.2,0.1,0.30000000000000004,0.5,0.0,0.0,0.5,0.0,0.5,0.0,0.5,0.0,1.0,1.0,0.0,0.5,0.0,0.0,0.0,1.0,1.0,1.0,0.5,1.0,1.0,0.5,0.5,0.0,0.5,0.5,1.0,1.0,0.5,-0.03482488684279363,-3.357151232608403,1.399798857191802,1.2291371938413527,1.3264531160123543
47,10,3,3,0.3970208161703287,0.2470032136077226,0.27771492904997974,0.40079771595915387,0.6525741632212456,0.36174973969030677,0.28428197983661435,0.12777678476359933,0.04625542662932585,0.2675810524306066,1.0,0.8,0.6,0.7000000000000001,0.9,0.5,0.4,0.2,0.1,0.30000000000000004,0.0,0.0,0.0,0.0,0.0,0.0,1.0,1.0,0.5,1.0,1.0,1.0,0.0,0.5,0.0,1.0,0.5,0.5,0.5,0.0,1.0,0.0,1.0,0.5,0.0,0.0,1.0,0.0,1.0,0.0,0.3947860495340955,-4.184604467403843,1.318908123385196,1.236863788252712,1.2690488350733589
48,10,3,3,0.6832725136840987,0.6140930391818795,0.31571705849845416,0.2336761177025018,0.5597327098435771,0.06830733852434517,0.19292796316332658,0.6120177634901539,0.31617769215683633,0.08126152827478154,1.0,0.9,0.6,0.5,0.8,0.2,0.30000000000000004,0.7000000000000001,0.4,0.1,1.0,0.5,0.5,1.0,1.0,0.0,0.5,0.0,0.5,1.0,1.0,1.0,0.0,0.5,0.0,1.0,0.5,0.0,0.0,1.0,0.5,0.0,1.0,0.5,0.5,0.5,0.5,0.0,0.0,0.5,0.22037251596458274,-3.8942915590127045,1.0658009884544672,0.9617478174987945,1.2656683049450173
49,10,3,3,0.19085066449658616,0.3729040722299116,0.6715012283999977,0.6818293135652275,0.28433489313833926,0.2397325102200675,0.16736918571283688,0.504825553234837,0.1212996867957421,0.04833787760115152,0.7000000000000001,0.8,1.0,0.9,0.5,0.4,0.30000000000000004,0.6,0.2,0.1,0.0,1.0,0.5,1.0,1.0,1.0,0.5,0.5,1.0,1.0,0.0,0.0,1.0,0.5,0.0,0.5,0.0,1.0,1.0,0.0,0.5,0.5,1.0,0.0,0.0,0.5,1.0,0.0,0.5,0.5,-0.04660017891416901,-3.4232707734264234,1.8500231932092435,1.5561357930440243,1.6066562618634
50,10,3,3,0.2275393711140582,0.21757780880305355,0.4029533858924068,0.8189716810290277,0.46757607741170915,0.0716034180560749,0.27544794994368393,0.40758376161828686,0.21942109292493328,0.08096705364450088,0.9,0.7000000000000001,0.8,1.0,0.6,0.2,0.4,0.5,0.30000000000000004,0.1,0.0,0.5,1.0,0.5,1.0,0.5,0.0,0.5,1.0,1.0,0.0,0.5,0.5,0.5,0.5,0.5,1.0,1.0,0.5,1.0,0.0,0.5,0.5,0.0,0.0,0.0,0.0,0.5,0.5,1.0,0.34865284937242635,-3.48472725437117,1.1911415483030987,1.016480323244339,1.261152907240284
51,10,3,3,0.3085387520190366,0.2476138396580081,0.5505566627479661,0.1654544839157505,0.12404100840860488,0.5410001644227471,0.7983478385188122,0.1043613908855353,0.4064672047470379,0.05247738745526858,1.0,0.6,0.8,0.4,0.30000000000000004,0.7000000000000001,0.9,0.2,0.5,0.1,0.5,0.5,0.5,0.0,0.0,0.5,0.0,1.0,0.0,0.0,1.0,0.0,1.0,0.5,0.0,0.5,0.5,0.0,0.5,0.0,0.5,0.0,0.5,0.5,1.0,0.5,1.0,0.0,0.5,1.0,0.058583599839515665,-3.559165587199825,1.7110606269335722,1.3881878584432983,1.5547338769290855
52,10,3,3,0.3220698750196259,0.24375631291680278,0.6168982579145876,0.10428055379104417,0.7093305303613822,0.11437251624480188,0.32503652841178005,0.10956704698939952,0.5295195249647922,0.060606404904954905,0.8,0.7000000000000001,1.0,0.4,0.9,0.30000000000000004,0.5,0.2,0.6,0.1,0.0,1.0,1.0,0.0,0.0,0.5,0.0,0.5,0.5,1.0,0.5,0.5,0.0,0.0,0.0,1.0,0.0,0.0,0.0,0.5,1.0,0.5,1.0,1.0,0.5,1.0,0.0,1.0,1.0,0.5,0.13824831961842973,-3.630578449935173,1.662928926748334,1.7681164544456642,1.596322239475454
53,10,3,3,0.2699384841876442,0.24581541993905887,0.5275678501861137,0.250420577310159,0.1058658153615265,0.3822861240301702,0.1131364942820305,0.7197481225274174,0.03956033734063494,0.2576734886259304,1.0,0.7000000000000001,0.9,0.6,0.4,0.5,0.2,0.8,0.1,0.30000000000000004,0.0,0.5,0.0,1.0,0.5,0.0,1.0,0.5,0.0,1.0,0.5,0.0,0.5,1.0,0.0,0.5,0.5,1.0,0.0,0.0,0.5,0.5,0.5,0.0,0.0,0.0,1.0,1.0,0.5,1.0,0.19666599345179028,-4.568702513189992,1.7704926702063382,1.506292229087181,1.809271317176794
54,10,3,3,0.2728088014568593,0.5983742924708992,0.7029884677629983,0.20742320071314735,0.572557587513472,0.47618456948413707,0.23768276266301536,0.19570345776012923,0.11630821553288553,0.02899276605193092,0.6,0.9,1.0,0.5,0.8,0.7000000000000001,0.4,0.30000000000000004,0.2,0.1,0.0,1.0,1.0,0.0,0.5,0.5,0.0,0.0,1.0,1.0,0.0,0.5,1.0,0.0,0.5,1.0,0.5,0.0,0.0,0.0,0.5,1.0,1.0,1.0,0.5,0.0,0.0,0.0,0.5,0.0,0.18647053543451422,-4.013557630194416,1.5438421798475472,1.6469183117016677,1.361695418940778
55,10,3,3,0.3956813267996775,0.29736618748402865,0.36727265300062756,0.18480950398797336,0.44700245190082827,0.560136197488943,0.21108330203178605,0.12459530874792893,0.3366628802917011,0.08244432746335598,1.0,0.9,0.8,0.5,0.6,0.7000000000000001,0.30000000000000004,0.2,0.4,0.1,0.5,0.5,0.0,0.5,0.0,0.0,1.0,0.0,0.5,1.0,0.5,0.5,1.0,0.5,0.5,1.0,1.0,0.5,0.0,1.0,0.0,0.5,0.5,0.5,0.0,0.5,1.0,0.5,0.5,0.0,0.32634611689923415,-3.7073837820824056,2.0390600689215073,1.8485504954214593,1.7242290668591336
56,10,3,3,0.49978317999742095,0.3669284976275736,0.3142012333929619,0.2143798510025089,0.6394747299767369,0.18215990939066984,0.5368434190648859,0.20794796892862502,0.04209258900322587,0.16704533879898922,1.0,0.8,0.6,0.5,0.9,0.4,0.7000000000000001,0.30000000000000004,0.1,0.2,0.5,1.0,0.5,0.5,1.0,0.0,0.0,0.0,0.0,1.0,1.0,0.5,1.0,1.0,0.0,0.5,0.5,1.0,0.5,0.0,1.0,0.0,0.0,0.5,0.0,0.0,1.0,1.0,1.0,1.0,0.2842401688608562,-4.034780195604501,1.4641675429134189,1.331002743627736,1.1726710639497115
57,10,3,3,0.24945228427046806,0.4170182764403776,0.23381055666641815,0.15587961266089922,0.6165096939731007,0.22075593949475397,0.1643527746305502,0.1134938983763834,0.06939942759538352,0.17841407767307627,0.8,0.9,0.7000000000000001,0.6,1.0,0.5,0.4,0.30000000000000004,0.1,0.2,1.0,0.0,0.5,0.0,0.5,1.0,1.0,1.0,0.5,0.0,0.5,1.0,0.0,1.0,0.0,0.5,0.5,0.0,1.0,0.0,1.0,0.0,1.0,1.0,0.0,0.0,0.0,1.0,0.5,0.0,-0.5549840975799317,-3.3996832690744836,1.8909298591977977,2.0648148686826358,2.0680755673390805
58,10,3,3,0.414708430423669,0.20813049513258325,0.3223853955470332,0.5904263953608937,0.24920042961283806,0.06665002155900726,0.28724874682347407,0.7082805888235422,0.23232212287628662,0.0821132868525167,1.0,0.6,0.7000000000000001,0.9,0.5,0.2,0.4,0.8,0.30000000000000004,0.1,1.0,0.0,1.0,1.0,0.0,0.0,0.5,0.5,0.5,0.0,0.0,1.0,0.0,0.5,0.0,1.0,0.0,0.5,0.5,0.0,0.0,0.5,0.5,0.5,0.5,0.5,0.0,0.0,1.0,0.5,0.35647180297125997,-4.302008869110048,1.2734676855721894,1.3378127416585401,1.2336793041660792
59,10,3,3,0.3408557071431822,0.5839619491261064,0.7926525578121418,0.2025971380463034,0.6048497032455759,0.3070581047015436,0.17541689237354052,0.4857105474441328,0.14666007276330287,0.06988276174716286,0.7000000000000001,0.9,1.0,0.4,0.8,0.5,0.30000000000000004,0.6,0.2,0.1,1.0,1.0,1.0,1.0,0.0,1.0,0.5,1.0,1.0,0.0,0.5,0.5,0.5,0.0,0.0,0.5,0.0,1.0,1.0,1.0,1.0,0.5,0.5,1.0,0.0,0.0,0.5,0.0,1.0,0.0,0.1822566762070314,-4.169084231841619,1.41578760539797,1.189380200666819,1.4715318231656327
60,10,3,3,0.43252132502636864,0.2608986518534986,0.2488391359891905,0.6534317364125976,0.34168044674558296,0.6046453622605343,0.3070482727168953,0.2267421979030893,0.12936070028505844,0.04314411449789144,1.0,0.8,0.6,0.9,0.5,0.7000000000000001,0.4,0.30000000000000004,0.2,0.1,0.0,0.5,0.5,1.0,1.0,0.5,0.0,0.5,0.5,1.0,1.0,0.5,0.0,0.5,1.0,1.0,0.5,0.5,1.0,0.0,0.5,0.5,0.5,1.0,0.5,1.0,1.0,0.5,0.5,0.5,0.3562913934592397,-3.3579680857591154,1.3956480038630839,1.197269959663688,1.263451514536339
61,10,3,3,0.39586878014799254,0.21401506158044475,0.2581197769853096,0.24741559871466579,0.6712763644590526,0.17174139140428443,0.5995108297584929,0.11702002774436976,0.22416172553274574,0.08104628363933315,1.0,0.7000000000000001,0.6,0.5,0.9,0.4,0.8,0.2,0.30000000000000004,0.1,1.0,1.0,1.0,1.0,1.0,1.0,1.0,0.0,0.5,0.5,0.5,0.0,0.0,1.0,0.0,0.5,0.5,1.0,0.0,1.0,0.5,1.0,1.0,1.0,0.5,1.0,1.0,0.5,1.0,0.0,0.18498733968820125,-3.8172929551811348,1.1881939059554667,1.087352537664635,1.1496318821662312
62,10,3,3,0.33710571260721744,0.45383455383924703,0.17387580150628934,0.6244930989516504,0.12348215239098564,0.2767552479340609,0.5170054129498493,0.13371183958178423,0.03353323286183016,0.1787516188812588,0.8,0.9,0.6,1.0,0.4,0.5,0.7000000000000001,0.30000000000000004,0.1,0.2,0.5,0.0,0.5,0.5,0.0,0.5,0.5,0.5,0.5,0.5,0.0,0.5,0.5,0.5,0.0,0.5,0.0,0.0,1.0,0.5,1.0,0.5,1.0,0.0,1.0,0.5,0.5,0.0,0.0,0.0,0.06463017272825977,-3.6927465750527304,1.6330812075200194,1.7467108812997514,1.6722469809668754
63,10,3,3,0.4044341967554436,0.3517583352180236,0.32664445255777846,0.7699255457992021,0.10666031649556904,0.542822024071378,0.06353123801728078,0.28683032319861884,0.4239933740961045,0.06458014937175886,0.9,0.8,0.6,1.0,0.30000000000000004,0.7000000000000001,0.2,0.4,0.5,0.1,0.5,0.5,1.0,0.0,1.0,0.5,0.0,0.0,1.0,0.5,1.0,0.0,0.5,0.5,1.0,0.0,1.0,0.0,0.5,0.0,0.0,1.0,0.0,1.0,0.0,1.0,0.0,0.5,0.5,0.5,0.20921728989153868,-3.412102718036523,1.3704999722117976,1.3967894236608753,1.4742339364207657
64,10,3,3,0.2009115884743395,0.42512615681803556,0.1595158395744819,0.6334797923858635,0.43460245295169947,0.2494800700456201,0.16889074726267259,0.41249438141509326,0.1416448327235045,0.05572781390161452,0.7000000000000001,0.9,0.6,1.0,0.8,0.4,0.30000000000000004,0.5,0.2,0.1,1.0,1.0,0.0,1.0,1.0,1.0,0.5,0.5,1.0,1.0,0.5,0.0,0.0,1.0,0.5,0.0,1.0,1.0,1.0,1.0,1.0,0.0,0.5,0.0,1.0,0.0,1.0,0.5,0.0,0.0,0.26233558830705955,-4.092210315490815,1.4178192588934169,1.3965274654451498,1.4985260115315846
65,10,3,3,0.2270583206537521,0.3589822601370145,0.39429079698696506,0.21459818673717407,0.8490616985287325,0.1661947174694971,0.47909642909968375,0.4239265117086856,0.14669853444874123,0.06568901872855329,0.8,0.9,0.7000000000000001,0.4,1.0,0.30000000000000004,0.6,0.5,0.2,0.1,1.0,1.0,0.0,0.5,0.0,0.5,1.0,1.0,0.5,0.5,1.0,0.5,0.0,1.0,0.5,0.5,1.0,0.5,0.0,1.0,1.0,0.5,0.0,1.0,0.5,0.0,0.0,0.5,0.0,0.5,0.6484455944785872,-5.205884935709656,1.427914703682836,1.5867200246382536,1.530747261488149
66,10,3,3,0.48170764729669013,0.42832107836399197,0.17231104670881403,0.3503753495447069,0.19502408741944405,0.10595292256148425,0.5806370593530205,0.13881991106276684,0.09321489896094964,0.08417357308678977,1.0,0.9,0.6,0.7000000000000001,0.5,0.4,0.8,0.30000000000000004,0.2,0.1,0.5,0.5,0.0,0.0,0.0,0.5,0.0,0.5,0.0,0.0,0.5,1.0,1.0,1.0,0.0,1.0,0.0,0.0,0.5,0.0,0.5,0.5,0.5,0.0,1.0,0.0,0.5,0.0,1.0,1.0,-0.12674132837871444,-3.3437484075211015,1.627875543484817,1.6252474619980313,1.598690279920815
67,10,3,3,0.4103824118548469,0.22413427868156932,0.26048262457544086,0.5164473428136619,0.2791222732240991,0.29655532091668163,0.2568056805237301,0.06954207220414019,0.1909489794346991,0.05440777982634291,1.0,0.8,0.7000000000000001,0.9,0.6,0.5,0.4,0.2,0.30000000000000004,0.1,0.5,0.5,1.0,1.0,0.0,0.0,0.0,0.0,0.5,0.0,0.0,1.0,0.5,0.5,1.0,0.5,1.0,0.0,1.0,0.5,0.0,0.5,0.0,0.5,1.0,0.0,0.0,0.0,0.0,0.0,0.15599607645461733,-3.8947654016258966,1.3978250641871584,1.1881208636493839,1.3491712740125157
68,10,3,3,0.24138480677739027,0.47256212745329385,0.5904655081777079,0.3371317262484738,0.32740408027699575,0.6813547176566148,0.1176041019845068,0.33993008405096736,0.04314305857871345,0.2528146321888685,0.7000000000000001,0.9,1.0,0.6,0.5,0.8,0.2,0.4,0.1,0.30000000000000004,1.0,0.5,1.0,1.0,1.0,0.5,0.0,1.0,1.0,1.0,0.0,0.5,1.0,1.0,0.0,0.0,0.0,0.5,1.0,0.5,0.0,1.0,0.0,0.5,0.0,0.5,0.0,0.5,0.0,1.0,0.04660070183604425,-3.5355644019456496,1.5315881870472043,1.2918694891309435,1.5309423443095465
69,10,3,3,0.6097494926161816,0.5434080338906624,0.2510588113243116,0.16073808018672708,0.4722270145682874,0.384904103725991,0.6606976137191682,0.11481101369204394,0.2378790892190641,0.03895218853863051,1.0,0.9,0.5,0.4,0.7000000000000001,0.6,0.8,0.2,0.30000000000000004,0.1,1.0,0.0,0.0,1.0,0.0,0.0,0.5,1.0,0.5,1.0,0.0,0.0,0.5,0.5,1.0,0.0,0.0,0.5,1.0,1.0,0.5,1.0,0.5,1.0,0.5,0.5,0.0,1.0,0.0,0.5,-0.024365232783887827,-3.3855129477577304,1.5919082418714186,1.726634829089644,1.6696475546431235
70,10,3,3,0.29044872771326435,0.3943337336598041,0.7809492322471604,0.31832764489770504,0.46333370168975796,0.7701820177529229,0.1882038048361451,0.31707874409426395,0.03510094658758696,0.14430693019149268,0.8,0.7000000000000001,1.0,0.5,0.6,0.9,0.30000000000000004,0.4,0.1,0.2,0.0,0.5,0.0,0.0,0.0,0.0,0.0,0.0,1.0,0.5,1.0,1.0,0.5,0.0,1.0,1.0,0.0,0.5,1.0,0.5,0.5,1.0,1.0,1.0,0.5,0.5,0.5,1.0,0.0,0.5,0.08780123421322086,-3.207311879623588,1.2592495395882257,1.291043800625375,1.400060294185742
71,10,3,3,0.34995050134895234,0.2533183057099714,0.41927568076544797,0.5215562223314362,0.6626311338452856,0.2981474046173125,0.24440466116584159,0.17864432290276205,0.036904667604456265,0.16385943635230385,1.0,0.6,0.7000000000000001,0.8,0.9,0.5,0.4,0.30000000000000004,0.1,0.2,0.0,0.0,0.0,0.0,1.0,0.0,0.5,0.0,0.5,0.0,1.0,0.0,1.0,1.0,0.0,1.0,1.0,1.0,1.0,0.5,1.0,0.0,1.0,0.5,0.0,0.5,0.5,0.5,1.0,0.5,0.22031932307463775,-3.5658195033795335,1.1717544510713982,1.170821051367962,1.0760501626629988
72,10,3,3,0.46661630870270343,0.2254847925359173,0.18566715156506686,0.6072257119255937,0.3460567497169808,0.6261548720788515,0.1591275114795632,0.28937962684957225,0.09383672529164487,0.06296971276679311,1.0,0.7000000000000001,0.5,0.9,0.6,0.8,0.30000000000000004,0.4,0.2,0.1,0.0,0.5,0.0,0.5,0.5,0.5,0.5,0.0,1.0,0.5,0.5,0.0,0.5,0.5,0.0,1.0,1.0,0.5,0.5,0.5,0.5,0.5,0.0,1.0,0.0,1.0,1.0,1.0,0.5,1.0,0.17328471652888308,-3.7167469601326713,1.0662519998787083,1.2063546980360726,1.2067334178385423
73,10,3,3,0.28431834188688787,0.538929964886988,0.2836159002821576,0.16653561380783066,0.481187240946401,0.29655752604002783,0.6695954268530874,0.25169222553888737,0.17626929753309684,0.08604929107644718,1.0,0.9,0.6,0.4,0.7000000000000001,0.5,0.8,0.30000000000000004,0.2,0.1,1.0,0.0,0.0,0.0,0.0,1.0,0.0,0.0,1.0,0.5,0.5,1.0,0.5,1.0,0.5,0.0,0.0,0.0,0.0,0.5,0.0,0.5,0.5,0.0,0.0,1.0,1.0,0.0,0.0,1.0,-0.06500096478630647,-3.1489627360135946,1.3984563860064283,1.3362625212417436,1.2338693789970452
74,10,3,3,0.183884957724182,0.3765042834760329,0.631505763359572,0.5363251370780671,0.2686186975119786,0.17397764038299468,0.17814863473172346,0.14139991780853786,0.06684741393812133,0.03378452905881785,0.7000000000000001,0.8,1.0,0.9,0.6,0.5,0.4,0.30000000000000004,0.2,0.1,0.5,0.5,0.5,0.5,1.0,0.0,0.0,0.5,1.0,0.0,0.0,0.0,0.5,0.0,0.0,0.0,0.0,0.0,0.0,1.0,0.0,0.0,0.5,1.0,0.5,0.0,1.0,0.5,0.0,0.5,-0.04691984851051509,-3.6574961537897175,1.6898549363894124,1.6150577037434148,1.523774903492068
75,10,3,3,0.3800319719364864,0.34076077088008877,0.5074129105586347,0.7061854514082048,0.1307994902698874,0.06140862000749131,0.2809856202771389,0.4100783769975455,0.027047239233783577,0.5364308151651609,1.0,0.7000000000000001,0.8,0.9,0.30000000000000004,0.2,0.4,0.5,0.1,0.6,0.5,0.0,0.5,1.0,1.0,0.0,0.0,0.5,0.5,1.0,0.5,1.0,0.0,1.0,0.0,0.5,0.0,0.5,0.5,1.0,1.0,1.0,0.5,1.0,0.0,0.5,0.0,0.5,1.0,0.0,0.12893177843517173,-3.3166144582083628,1.7290325703316263,1.7577169424152137,1.767229384690592
76,10,3,3,0.2800303337832284,0.4986155874140322,0.3109872674879204,0.23030467715805575,0.2100616224401476,0.13168967172808205,0.08108485420313856,0.7854058014236881,0.20137766054264059,0.07849824882014157,0.8,1.0,0.7000000000000001,0.6,0.5,0.4,0.2,0.9,0.30000000000000004,0.1,0.5,0.0,1.0,0.5,0.0,1.0,0.0,1.0,0.0,1.0,1.0,0.5,0.5,0.5,0.0,0.0,0.0,0.0,0.0,0.0,0.5,0.5,0.0,0.5,0.0,0.5,0.5,1.0,0.5,1.0,0.10527345594738002,-3.9980847944672298,1.7787893798753391,1.8184264302165927,1.8614293406958382
77,10,3,3,0.23625301506225305,0.4200601010375903,0.6418214522252268,0.3424441242854851,0.6946438865162443,0.29648906797601476,0.2931458556067849,0.09791904597332679,0.20392262688509136,0.034196307773106005,0.7000000000000001,0.8,1.0,0.6,0.9,0.5,0.4,0.2,0.30000000000000004,0.1,0.5,0.5,1.0,1.0,0.5,0.5,0.0,0.5,0.0,1.0,0.5,0.0,1.0,0.5,0.5,1.0,0.5,1.0,1.0,1.0,1.0,1.0,0.5,0.0,0.0,0.0,1.0,1.0,0.5,1.0,-0.02324521864476594,-3.3857430544324987,0.9239813699216519,1.3000966736507136,1.0532611343034854
78,10,3,3,0.33297353548191744,0.16665094549953863,0.5889916388367378,0.7440828937150556,0.36925116103370714,0.3123284134979686,0.11669555527771876,0.6229492653408342,0.24234612664451516,0.0823934400436575,0.8,0.5,0.9,1.0,0.6,0.4,0.2,0.7000000000000001,0.30000000000000004,0.1,1.0,0.0,0.5,0.0,0.0,1.0,0.5,1.0,1.0,0.0,0.5,0.5,1.0,0.5,0.0,0.0,1.0,0.0,1.0,0.5,0.5,0.5,1.0,1.0,0.5,1.0,1.0,0.5,0.0,0.5,0.3796082952102055,-4.4070335402372995,1.3893642438483933,1.3031785450176172,1.3533151160150942
79,10,3,3,0.25011613769472363,0.7233361797394687,0.4502522380557361,0.6826769872709684,0.22172048807671685,0.4728141676619928,0.07290867412141738,0.1974659195229518,0.41356151035991584,0.03533045788537331,0.8,1.0,0.7000000000000001,0.9,0.4,0.6,0.2,0.30000000000000004,0.5,0.1,1.0,0.5,1.0,1.0,0.5,0.0,0.5,0.5,1.0,0.5,1.0,0.0,0.0,0.5,1.0,0.0,0.0,1.0,1.0,0.0,0.5,0.0,0.5,0.5,0.5,0.5,0.5,0.0,0.5,0.0,-0.023638941648849124,-3.0661525582862867,1.4073397819617506,1.3127482903153385,1.3233669784300184
80,10,3,3,0.49362375162339023,0.3109398114533356,0.4708941654819999,0.2928412077405336,0.27931843428831216,0.22543871837016466,0.07128110805074322,0.18662326596721762,0.31847544397288446,0.06734337743077527,1.0,0.8,0.9,0.7000000000000001,0.6,0.5,0.2,0.30000000000000004,0.4,0.1,0.5,0.5,0.5,1.0,0.0,0.0,0.0,0.0,1.0,0.0,0.0,0.5,0.5,0.0,0.0,0.0,0.5,0.5,0.5,1.0,0.0,0.0,0.0,0.5,1.0,0.0,0.5,0.0,1.0,0.5,-0.07487188549652282,-3.7784355572956527,1.8726226959086727,1.8508827062602635,1.7543568992140555
81,10,3,3,0.36764019335867326,0.3364454496065138,0.2570846114412888,0.1679819615734121,0.5114451214978605,0.34520864838048426,0.22317028332223518,0.1284574739199245,0.04073979488331503,0.35029966983957084,1.0,0.9,0.8,0.6,0.7000000000000001,0.5,0.30000000000000004,0.2,0.1,0.4,0.0,0.0,0.5,1.0,0.0,0.0,1.0,0.5,1.0,0.5,0.0,0.0,0.5,0.5,1.0,0.5,0.0,1.0,0.0,0.0,0.5,0.5,1.0,0.5,0.0,0.5,0.5,0.0,1.0,1.0,-0.2464248131524116,-3.2149060394306237,1.9783068843228997,2.096635034577268,1.8869547430386753
82,10,3,3,0.4721274385339119,0.4043022875956007,0.27760451868926883,0.13998929139675287,0.24710542837117805,0.12876808084341462,0.5682554619361332,0.14747691148478825,0.11987000789600533,0.03305185074069354,1.0,0.9,0.7000000000000001,0.5,0.6,0.4,0.8,0.30000000000000004,0.2,0.1,1.0,0.0,0.5,1.0,0.5,0.0,1.0,0.5,0.5,1.0,0.5,1.0,0.0,0.0,1.0,0.5,0.5,0.0,0.5,1.0,0.5,0.0,1.0,0.5,0.5,0.5,0.0,0.5,0.0,0.0,-0.056557005267978,-3.3009165166218577,1.2862499960423777,1.3660472536518495,1.3235928221825495
83,10,3,3,0.3783337347259892,0.7394651743428093,0.4931491053398462,0.32130120898385417,0.22754252660423072,0.4523228635070852,0.6538832440566722,0.06068836330297625,0.025712790121664456,0.24383596436128663,0.9,1.0,0.7000000000000001,0.5,0.4,0.6,0.8,0.2,0.1,0.30000000000000004,1.0,1.0,0.5,0.0,0.0,0.5,0.0,0.5,0.5,1.0,0.5,0.5,0.0,1.0,0.5,0.0,1.0,0.5,1.0,0.0,0.5,0.5,1.0,1.0,1.0,0.5,0.5,0.0,0.5,1.0,-0.05054234194733856,-3.547341970511799,1.551577649040769,1.3830362818781636,1.5642224402155784
84,10,3,3,0.4675282428486373,0.4362589020813781,0.6504892012145778,0.39641876232425016,0.07809659061377863,0.2824945170929675,0.6268605715719664,0.4338361402582409,0.23907290091306402,0.05212183895030334,0.9,0.8,1.0,0.6,0.2,0.4,0.7000000000000001,0.5,0.30000000000000004,0.1,0.5,1.0,0.5,0.5,0.5,1.0,0.0,0.0,0.5,0.5,1.0,0.0,0.5,0.0,0.5,0.5,1.0,0.0,0.0,0.5,0.5,1.0,0.0,1.0,0.0,1.0,1.0,0.0,1.0,0.0,0.08426903079329547,-3.614668080943895,1.0908677341485626,1.2191719464682578,1.239006603772387
85,10,3,3,0.4411962056918929,0.26624054558147775,0.7606850651273325,0.09224091796593889,0.19784202085883737,0.6226195456718333,0.5436196948368016,0.35037125601497265,0.09198134213466605,0.06841800380823097,0.9,0.6,1.0,0.30000000000000004,0.4,0.8,0.7000000000000001,0.5,0.2,0.1,0.5,1.0,0.5,0.5,0.5,0.5,1.0,1.0,0.0,1.0,0.0,0.0,0.0,1.0,0.0,0.0,0.5,1.0,0.5,1.0,0.0,0.0,1.0,0.0,1.0,0.0,0.0,0.5,0.5,0.0,-0.37031316633380856,-3.43883462602792,1.6398973006615811,1.8507370300292068,1.8320773564807744
86,10,3,3,0.21038881257224007,0.1504731445293031,0.47522442789280617,0.2972676162062048,0.10811938552249145,0.7274567551600424,0.1700583944134318,0.08539667218101293,0.7869319350375668,0.06724273642139172,0.7000000000000001,0.5,0.8,0.6,0.4,1.0,0.30000000000000004,0.2,0.9,0.1,0.5,1.0,0.0,0.0,0.5,1.0,1.0,0.5,1.0,1.0,0.0,0.0,1.0,1.0,0.0,1.0,0.0,1.0,0.0,0.5,0.5,1.0,1.0,0.0,1.0,0.0,0.0,0.0,0.5,0.0,0.20812048614071102,-3.531534645435076,1.1263136699100755,1.2439134492865715,1.2593785340624157
87,10,3,3,0.4245168228959382,0.22761001634622968,0.2974687955720098,0.1910954317533351,0.712869047097047,0.4477294412976169,0.2499484202496051,0.07563197356105023,0.22958413026646657,0.06889637888602156,1.0,0.8,0.7000000000000001,0.5,0.9,0.6,0.4,0.2,0.30000000000000004,0.1,1.0,1.0,1.0,0.0,0.0,0.0,1.0,1.0,0.0,0.5,0.0,0.0,0.5,0.0,1.0,0.0,1.0,0.0,0.5,0.0,0.5,1.0,1.0,1.0,0.0,0.5,0.0,0.0,0.0,0.5,0.004850920477524887,-3.201569516730389,1.297779950242806,1.0692116078193832,1.2520940845254436
88,10,3,3,0.3388260435997216,0.47397556453824435,0.24348945776427644,0.16619522813626367,0.07590717816402154,0.3119469551959743,0.8168976929134077,0.5876200052427459,0.10893546884383043,0.07568832419552396,0.8,0.9,0.6,0.4,0.30000000000000004,0.5,1.0,0.7000000000000001,0.2,0.1,0.5,0.0,1.0,0.0,0.0,0.0,1.0,0.0,1.0,0.0,0.5,1.0,0.5,0.0,1.0,0.5,0.0,1.0,0.5,0.0,0.5,1.0,0.0,0.0,1.0,0.5,0.0,1.0,0.5,0.5,0.01893904719556319,-3.9681186204830725,1.8289585028940618,1.8494483289136288,1.7981470952683405
89,10,3,3,0.36166223353672444,0.2691983312528747,0.3881722424070496,0.5694266803604207,0.12976673446252476,0.7760135918040177,0.2819632649616376,0.4048723128051324,0.11658937861177288,0.05865235435196745,1.0,0.6,0.7000000000000001,0.8,0.30000000000000004,0.9,0.4,0.5,0.2,0.1,0.5,1.0,0.5,1.0,0.0,0.5,0.0,1.0,1.0,0.5,0.5,0.5,1.0,0.0,0.5,0.0,0.5,0.5,1.0,0.5,0.5,0.5,0.0,0.0,0.0,1.0,0.0,0.0,0.5,0.0,0.3431136583658633,-4.121044986493092,1.1157856801431612,0.9472631080170282,0.9583012187646037
90,10,3,3,0.23196242042154375,0.5973525047971607,0.1530577278353773,0.5722793053415597,0.21033254208029808,0.6570306447939227,0.1663422116974113,0.5099291544919988,0.06813000987324995,0.17502690205890128,0.7000000000000001,1.0,0.5,0.9,0.4,0.8,0.30000000000000004,0.6,0.1,0.2,0.0,0.5,1.0,1.0,1.0,0.0,1.0,0.5,0.0,0.5,0.5,1.0,1.0,1.0,0.0,0.5,0.0,0.5,0.0,1.0,0.5,0.0,0.0,1.0,1.0,0.0,0.5,0.5,0.0,0.5,0.22606993381168383,-3.5879481407377827,1.2005811308062617,1.1106191191347958,1.3038700862143464
91,10,3,3,0.24067951483148797,0.5254951113912539,0.2756822902592042,0.4110499784428859,0.7206349012844907,0.853474501930312,0.27822568280431403,0.14508206233637946,0.2631835553831717,0.08465746101679034,0.7000000000000001,0.8,0.5,0.6,0.9,1.0,0.4,0.2,0.30000000000000004,0.1,0.5,0.5,1.0,0.5,0.0,0.0,0.0,0.0,0.0,1.0,0.0,0.0,1.0,0.5,0.5,0.0,1.0,1.0,0.0,0.0,1.0,0.5,0.0,0.5,0.0,1.0,0.0,0.5,0.5,0.0,0.3719143562170053,-3.5730532749654045,1.1183672508014277,0.976269291763176,0.8816745851890827
92,10,3,3,0.3340843389868102,0.36338902116090654,0.2806738456609888,0.5894167652823948,0.5246469911296038,0.2569574806343409,0.08141947918897652,0.305961374902682,0.06809393845013693,0.16896375981790476,1.0,0.7000000000000001,0.6,0.9,0.8,0.5,0.30000000000000004,0.4,0.1,0.2,0.0,0.5,0.0,1.0,0.5,0.5,1.0,0.0,0.0,0.0,0.5,0.0,1.0,1.0,0.0,1.0,0.0,0.5,0.0,0.0,0.0,1.0,0.0,0.5,0.0,0.5,0.5,1.0,0.5,0.5,-0.17210766683903375,-3.977062849109242,1.6986314799648674,1.7524478002411046,1.4358532154010342
93,10,3,3,0.2104885673951299,0.250268176455752,0.21962751585958484,0.7788174360187634,0.19015165737319925,0.7133324550939906,0.3383225437073959,0.090945250564452,0.25506661724735324,0.07043555761088238,0.8,0.7000000000000001,0.6,1.0,0.4,0.9,0.5,0.2,0.30000000000000004,0.1,0.0,0.5,0.5,0.5,1.0,1.0,1.0,0.0,0.5,0.5,0.5,0.0,0.5,1.0,0.0,1.0,0.5,0.0,1.0,0.0,0.0,1.0,1.0,0.5,0.5,0.5,1.0,1.0,0.0,1.0,0.3399335961468927,-4.116761742532063,1.390807568781025,1.2722988351356077,1.1907731720395338
94,10,3,3,0.2506091119448077,0.5429222565338091,0.36289729843799057,0.10336749317285004,0.35170706180024847,0.3164659372835852,0.14139321034061936,0.6762635313138727,0.11318530700595097,0.06497640986925492,1.0,0.9,0.7000000000000001,0.4,0.6,0.5,0.30000000000000004,0.8,0.2,0.1,0.5,0.5,0.5,1.0,1.0,0.5,1.0,0.5,0.5,1.0,1.0,0.5,0.5,0.0,0.5,0.5,0.0,0.5,0.0,0.5,0.5,1.0,1.0,0.0,0.5,1.0,0.0,0.5,1.0,1.0,0.14904241423814826,-4.4137087517793,1.8633720434400867,1.7684863690538644,2.0177266071091218
95,10,3,3,0.31116774234672073,0.21516671460289893,0.27306145779695423,0.21644183260242666,0.684938161622754,0.23880752603918678,0.48953197157846484,0.10284863860584147,0.028783864509042467,0.26858868943090275,1.0,0.8,0.7000000000000001,0.5,0.9,0.4,0.6,0.2,0.1,0.30000000000000004,1.0,1.0,1.0,1.0,1.0,0.5,1.0,1.0,0.5,1.0,0.0,0.5,1.0,1.0,0.5,0.0,0.5,0.5,0.5,1.0,1.0,1.0,0.5,1.0,0.5,0.5,1.0,1.0,0.0,1.0,-0.033233172833607244,-3.3670958356140255,0.8938391503691745,1.0614587103447668,1.097869816531587
96,10,3,3,0.16670003014788742,0.6965762720306636,0.31717189101776805,0.2476671369686817,0.14875613934571258,0.07419548867515513,0.7782561633204872,0.6178079213385719,0.7195540042869348,0.05006859915239903,0.5,1.0,0.6,0.4,0.30000000000000004,0.2,0.9,0.7000000000000001,0.8,0.1,1.0,1.0,0.0,0.0,1.0,0.5,0.5,1.0,0.0,1.0,0.5,1.0,0.5,0.5,0.5,0.5,0.5,1.0,1.0,0.0,0.5,0.0,1.0,1.0,0.5,0.0,0.0,1.0,0.5,1.0,-0.009574058460000487,-2.7192409204926995,1.8462479668866913,1.7983976196048503,1.8477138327791787
97,10,3,3,0.49711759730234095,0.3124895070947435,0.10310565410263367,0.5173433728474036,0.6325421021229931,0.3885597585850603,0.3429374861517399,0.17795219562371545,0.12108256131668105,0.06084283406783142,1.0,0.7000000000000001,0.4,0.8,0.9,0.6,0.5,0.30000000000000004,0.2,0.1,1.0,1.0,0.0,0.0,1.0,1.0,0.0,0.0,0.5,1.0,1.0,0.5,1.0,1.0,1.0,1.0,0.0,0.0,0.5,1.0,0.5,0.5,0.0,0.5,0.0,1.0,0.0,0.0,0.5,0.5,-0.1122081975300455,-3.6216695476357468,1.6844959276234293,1.8175706073076956,1.835944199017079
98,10,3,3,0.37333927627047137,0.36262890090143635,0.6094993761012076,0.31939299278912386,0.22046929776423285,0.1553320943950464,0.09035281555285929,0.6077318629876388,0.2686664528481363,0.07725740233217386,1.0,0.8,0.9,0.6,0.5,0.4,0.2,0.7000000000000001,0.30000000000000004,0.1,1.0,0.0,1.0,0.0,0.5,0.0,0.0,0.5,0.0,0.5,0.0,1.0,1.0,1.0,0.5,1.0,0.5,0.0,1.0,0.5,0.0,0.5,1.0,0.0,0.0,0.5,0.5,1.0,1.0,0.0,0.053183385387882344,-4.138851787227051,1.6008260761806756,1.6897695766382925,1.7399921068170323
99,10,3,3,0.269245061748944,0.35068741571093776,0.23354437056633848,0.3374667473505471,0.21282490307437407,0.1764336511958928,0.09502406747592812,0.041468538300379165,0.4482749789357696,0.17032993716303313,1.0,0.9,0.7000000000000001,0.8,0.6,0.4,0.30000000000000004,0.1,0.5,0.2,0.0,1.0,0.5,0.5,1.0,0.5,0.5,0.5,0.0,0.0,0.0,1.0,1.0,1.0,1.0,0.0,1.0,0.0,0.5,0.0,0.5,0.0,1.0,0.5,0.0,0.0,0.5,0.0,1.0,0.5,0.013610673456040466,-3.749337738046583,1.1763111542548617,1.2028388089850661,1.3019336525666618
